============================================================
  Generated by:           Genus(TM) Synthesis Solution 21.14-s082_1
  Generated on:           Sep 04 2026  03:43:22 pm
  Module:                 mlp_probe_top
  Operating conditions:   _nominal_ (balanced_tree)
  Wireload mode:          enclosed
  Area mode:              timing library
============================================================


Path 1: MET (29 ps) Setup Check with Pin u_mlp/h3_reg[124][11]/CP->D
          Group: aquila_clk
     Startpoint: (R) u_mlp/accumulator_reg[16]/CP
          Clock: (R) aquila_clk
       Endpoint: (F) u_mlp/h3_reg[124][11]/D
          Clock: (R) aquila_clk

                     Capture       Launch     
        Clock Edge:+   10000            0     
       Src Latency:+       0            0     
       Net Latency:+       0 (I)        0 (I) 
           Arrival:=   10000            0     
                                              
             Setup:-     255                  
     Required Time:=    9745                  
      Launch Clock:-       0                  
         Data Path:-    9716                  
             Slack:=      29                  

#----------------------------------------------------------------------------------------------------------------------
#               Timing Point                 Flags    Arc   Edge   Cell     Fanout  Load  Trans Delay Arrival Instance 
#                                                                                   (fF)   (ps)  (ps)   (ps)  Location 
#----------------------------------------------------------------------------------------------------------------------
  u_mlp/accumulator_reg[16]/CP               -       -      R     (arrival)  11502      -     0     0       0    (-,-) 
  u_mlp/accumulator_reg[16]/Q                -       CP->Q  R     dfcrb1         3   19.3   313   632     632    (-,-) 
  u_mlp/add_144_53_g1801/Z                   -       A1->Z  R     an02d1         4   13.7   220   234     866    (-,-) 
  u_mlp/g351647/ZN                           -       B1->ZN R     oaim21d1       4   15.0   346   281    1147    (-,-) 
  u_mlp/add_144_53_g1685/ZN                  -       A2->ZN F     nd12d1         1    4.0   128    97    1243    (-,-) 
  u_mlp/g351661/ZN                           -       C2->ZN R     aon211d1       5   18.5   655   397    1640    (-,-) 
  u_mlp/g351645/ZN                           -       C1->ZN R     oaim311d1      4   16.7   423   432    2072    (-,-) 
  u_mlp/add_144_53_g1662/ZN                  -       A3->ZN F     nd03d2         3   12.2   206   149    2221    (-,-) 
  u_mlp/add_144_53_g1656/ZN                  -       A2->ZN R     nd12d1         4   14.8   241   156    2378    (-,-) 
  u_mlp/g351642/Z                            -       B2->Z  R     aor21d1        1    8.1   142   205    2582    (-,-) 
  u_mlp/add_144_53_g2/ZN                     -       A2->ZN R     xn02d7        21   76.7   128   512    3095    (-,-) 
  u_mlp/g200638/ZN                           -       I->ZN  F     inv0d1        13   48.7   284   164    3258    (-,-) 
  u_mlp/g200629__6783/Z                      -       A2->Z  F     aor22d1        4   15.5   157   302    3561    (-,-) 
  u_mlp/qaa_tanh_147_44:lte_52_28_g350582/ZN -       A1->ZN R     nr04d1         1    3.5   524   418    3979    (-,-) 
  u_mlp/qaa_tanh_147_44:lte_52_28_g351659/ZN -       A4->ZN F     nd04d1         2    7.6   273   210    4189    (-,-) 
  u_mlp/qaa_tanh_147_44:lte_50_23_g160/ZN    -       B3->ZN R     oai31d1        1    3.0   353   306    4494    (-,-) 
  u_mlp/g350573/Z                            -       A2->Z  R     an12d1         3    8.4   141   206    4700    (-,-) 
  u_mlp/g200602/ZN                           -       I->ZN  F     inv0d0         2    6.8   159   107    4807    (-,-) 
  u_mlp/g200595__2883/ZN                     -       A2->ZN R     nd02d1         3   11.1   235   157    4964    (-,-) 
  u_mlp/g200583__5115/ZN                     -       A2->ZN F     nd02d1         5   17.7   274   173    5137    (-,-) 
  u_mlp/SUB_UNS_OP2_g242/ZN                  -       I->ZN  R     inv0d1         5   15.9   241   181    5318    (-,-) 
  u_mlp/g350560/Z                            -       A1->Z  R     an02d1         3    9.5   170   200    5519    (-,-) 
  u_mlp/SUB_UNS_OP2_g224/ZN                  -       A2->ZN F     nd12d1         3    8.9   134   100    5619    (-,-) 
  u_mlp/SUB_UNS_OP2_g223/ZN                  -       I->ZN  R     inv0d0         2    5.1   338   201    5820    (-,-) 
  u_mlp/SUB_UNS_OP2_g222/ZN                  -       A->ZN  F     aoi21d1        1    1.3    92    47    5868    (-,-) 
  u_mlp/g349891/ZN                           -       I->ZN  R     inv0d0         1    4.3   295   172    6040    (-,-) 
  u_mlp/g348009/Z                            -       B1->Z  R     ora21d4      273 1070.4  2850  1463    7503    (-,-) 
  u_mlp/g347662/ZN                           -       I->ZN  F     inv0da       241  751.8   940   615    8117    (-,-) 
  u_mlp/hi_fo_buf350474/ZN                   -       I->ZN  R     inv0d2       128  486.4  2864  1498    9615    (-,-) 
  u_mlp/g333615/ZN                           -       A1->ZN F     oaim22d1       1    2.0   388   101    9716    (-,-) 
  u_mlp/h3_reg[124][11]/D                    -       -      F     dfcrq1         1      -     -     0    9716    (-,-) 
#----------------------------------------------------------------------------------------------------------------------



Path 2: MET (29 ps) Setup Check with Pin u_mlp/h3_reg[116][11]/CP->D
          Group: aquila_clk
     Startpoint: (R) u_mlp/accumulator_reg[16]/CP
          Clock: (R) aquila_clk
       Endpoint: (F) u_mlp/h3_reg[116][11]/D
          Clock: (R) aquila_clk

                     Capture       Launch     
        Clock Edge:+   10000            0     
       Src Latency:+       0            0     
       Net Latency:+       0 (I)        0 (I) 
           Arrival:=   10000            0     
                                              
             Setup:-     255                  
     Required Time:=    9745                  
      Launch Clock:-       0                  
         Data Path:-    9716                  
             Slack:=      29                  

#----------------------------------------------------------------------------------------------------------------------
#               Timing Point                 Flags    Arc   Edge   Cell     Fanout  Load  Trans Delay Arrival Instance 
#                                                                                   (fF)   (ps)  (ps)   (ps)  Location 
#----------------------------------------------------------------------------------------------------------------------
  u_mlp/accumulator_reg[16]/CP               -       -      R     (arrival)  11502      -     0     0       0    (-,-) 
  u_mlp/accumulator_reg[16]/Q                -       CP->Q  R     dfcrb1         3   19.3   313   632     632    (-,-) 
  u_mlp/add_144_53_g1801/Z                   -       A1->Z  R     an02d1         4   13.7   220   234     866    (-,-) 
  u_mlp/g351647/ZN                           -       B1->ZN R     oaim21d1       4   15.0   346   281    1147    (-,-) 
  u_mlp/add_144_53_g1685/ZN                  -       A2->ZN F     nd12d1         1    4.0   128    97    1243    (-,-) 
  u_mlp/g351661/ZN                           -       C2->ZN R     aon211d1       5   18.5   655   397    1640    (-,-) 
  u_mlp/g351645/ZN                           -       C1->ZN R     oaim311d1      4   16.7   423   432    2072    (-,-) 
  u_mlp/add_144_53_g1662/ZN                  -       A3->ZN F     nd03d2         3   12.2   206   149    2221    (-,-) 
  u_mlp/add_144_53_g1656/ZN                  -       A2->ZN R     nd12d1         4   14.8   241   156    2378    (-,-) 
  u_mlp/g351642/Z                            -       B2->Z  R     aor21d1        1    8.1   142   205    2582    (-,-) 
  u_mlp/add_144_53_g2/ZN                     -       A2->ZN R     xn02d7        21   76.7   128   512    3095    (-,-) 
  u_mlp/g200638/ZN                           -       I->ZN  F     inv0d1        13   48.7   284   164    3258    (-,-) 
  u_mlp/g200629__6783/Z                      -       A2->Z  F     aor22d1        4   15.5   157   302    3561    (-,-) 
  u_mlp/qaa_tanh_147_44:lte_52_28_g350582/ZN -       A1->ZN R     nr04d1         1    3.5   524   418    3979    (-,-) 
  u_mlp/qaa_tanh_147_44:lte_52_28_g351659/ZN -       A4->ZN F     nd04d1         2    7.6   273   210    4189    (-,-) 
  u_mlp/qaa_tanh_147_44:lte_50_23_g160/ZN    -       B3->ZN R     oai31d1        1    3.0   353   306    4494    (-,-) 
  u_mlp/g350573/Z                            -       A2->Z  R     an12d1         3    8.4   141   206    4700    (-,-) 
  u_mlp/g200602/ZN                           -       I->ZN  F     inv0d0         2    6.8   159   107    4807    (-,-) 
  u_mlp/g200595__2883/ZN                     -       A2->ZN R     nd02d1         3   11.1   235   157    4964    (-,-) 
  u_mlp/g200583__5115/ZN                     -       A2->ZN F     nd02d1         5   17.7   274   173    5137    (-,-) 
  u_mlp/SUB_UNS_OP2_g242/ZN                  -       I->ZN  R     inv0d1         5   15.9   241   181    5318    (-,-) 
  u_mlp/g350560/Z                            -       A1->Z  R     an02d1         3    9.5   170   200    5519    (-,-) 
  u_mlp/SUB_UNS_OP2_g224/ZN                  -       A2->ZN F     nd12d1         3    8.9   134   100    5619    (-,-) 
  u_mlp/SUB_UNS_OP2_g223/ZN                  -       I->ZN  R     inv0d0         2    5.1   338   201    5820    (-,-) 
  u_mlp/SUB_UNS_OP2_g222/ZN                  -       A->ZN  F     aoi21d1        1    1.3    92    47    5868    (-,-) 
  u_mlp/g349891/ZN                           -       I->ZN  R     inv0d0         1    4.3   295   172    6040    (-,-) 
  u_mlp/g348009/Z                            -       B1->Z  R     ora21d4      273 1070.4  2850  1463    7503    (-,-) 
  u_mlp/g347662/ZN                           -       I->ZN  F     inv0da       241  751.8   940   615    8117    (-,-) 
  u_mlp/hi_fo_buf350474/ZN                   -       I->ZN  R     inv0d2       128  486.4  2864  1498    9615    (-,-) 
  u_mlp/g333566/ZN                           -       A1->ZN F     oaim22d1       1    2.0   388   101    9716    (-,-) 
  u_mlp/h3_reg[116][11]/D                    -       -      F     dfcrq1         1      -     -     0    9716    (-,-) 
#----------------------------------------------------------------------------------------------------------------------



Path 3: MET (29 ps) Setup Check with Pin u_mlp/h3_reg[110][11]/CP->D
          Group: aquila_clk
     Startpoint: (R) u_mlp/accumulator_reg[16]/CP
          Clock: (R) aquila_clk
       Endpoint: (F) u_mlp/h3_reg[110][11]/D
          Clock: (R) aquila_clk

                     Capture       Launch     
        Clock Edge:+   10000            0     
       Src Latency:+       0            0     
       Net Latency:+       0 (I)        0 (I) 
           Arrival:=   10000            0     
                                              
             Setup:-     255                  
     Required Time:=    9745                  
      Launch Clock:-       0                  
         Data Path:-    9716                  
             Slack:=      29                  

#----------------------------------------------------------------------------------------------------------------------
#               Timing Point                 Flags    Arc   Edge   Cell     Fanout  Load  Trans Delay Arrival Instance 
#                                                                                   (fF)   (ps)  (ps)   (ps)  Location 
#----------------------------------------------------------------------------------------------------------------------
  u_mlp/accumulator_reg[16]/CP               -       -      R     (arrival)  11502      -     0     0       0    (-,-) 
  u_mlp/accumulator_reg[16]/Q                -       CP->Q  R     dfcrb1         3   19.3   313   632     632    (-,-) 
  u_mlp/add_144_53_g1801/Z                   -       A1->Z  R     an02d1         4   13.7   220   234     866    (-,-) 
  u_mlp/g351647/ZN                           -       B1->ZN R     oaim21d1       4   15.0   346   281    1147    (-,-) 
  u_mlp/add_144_53_g1685/ZN                  -       A2->ZN F     nd12d1         1    4.0   128    97    1243    (-,-) 
  u_mlp/g351661/ZN                           -       C2->ZN R     aon211d1       5   18.5   655   397    1640    (-,-) 
  u_mlp/g351645/ZN                           -       C1->ZN R     oaim311d1      4   16.7   423   432    2072    (-,-) 
  u_mlp/add_144_53_g1662/ZN                  -       A3->ZN F     nd03d2         3   12.2   206   149    2221    (-,-) 
  u_mlp/add_144_53_g1656/ZN                  -       A2->ZN R     nd12d1         4   14.8   241   156    2378    (-,-) 
  u_mlp/g351642/Z                            -       B2->Z  R     aor21d1        1    8.1   142   205    2582    (-,-) 
  u_mlp/add_144_53_g2/ZN                     -       A2->ZN R     xn02d7        21   76.7   128   512    3095    (-,-) 
  u_mlp/g200638/ZN                           -       I->ZN  F     inv0d1        13   48.7   284   164    3258    (-,-) 
  u_mlp/g200629__6783/Z                      -       A2->Z  F     aor22d1        4   15.5   157   302    3561    (-,-) 
  u_mlp/qaa_tanh_147_44:lte_52_28_g350582/ZN -       A1->ZN R     nr04d1         1    3.5   524   418    3979    (-,-) 
  u_mlp/qaa_tanh_147_44:lte_52_28_g351659/ZN -       A4->ZN F     nd04d1         2    7.6   273   210    4189    (-,-) 
  u_mlp/qaa_tanh_147_44:lte_50_23_g160/ZN    -       B3->ZN R     oai31d1        1    3.0   353   306    4494    (-,-) 
  u_mlp/g350573/Z                            -       A2->Z  R     an12d1         3    8.4   141   206    4700    (-,-) 
  u_mlp/g200602/ZN                           -       I->ZN  F     inv0d0         2    6.8   159   107    4807    (-,-) 
  u_mlp/g200595__2883/ZN                     -       A2->ZN R     nd02d1         3   11.1   235   157    4964    (-,-) 
  u_mlp/g200583__5115/ZN                     -       A2->ZN F     nd02d1         5   17.7   274   173    5137    (-,-) 
  u_mlp/SUB_UNS_OP2_g242/ZN                  -       I->ZN  R     inv0d1         5   15.9   241   181    5318    (-,-) 
  u_mlp/g350560/Z                            -       A1->Z  R     an02d1         3    9.5   170   200    5519    (-,-) 
  u_mlp/SUB_UNS_OP2_g224/ZN                  -       A2->ZN F     nd12d1         3    8.9   134   100    5619    (-,-) 
  u_mlp/SUB_UNS_OP2_g223/ZN                  -       I->ZN  R     inv0d0         2    5.1   338   201    5820    (-,-) 
  u_mlp/SUB_UNS_OP2_g222/ZN                  -       A->ZN  F     aoi21d1        1    1.3    92    47    5868    (-,-) 
  u_mlp/g349891/ZN                           -       I->ZN  R     inv0d0         1    4.3   295   172    6040    (-,-) 
  u_mlp/g348009/Z                            -       B1->Z  R     ora21d4      273 1070.4  2850  1463    7503    (-,-) 
  u_mlp/g347662/ZN                           -       I->ZN  F     inv0da       241  751.8   940   615    8117    (-,-) 
  u_mlp/hi_fo_buf350474/ZN                   -       I->ZN  R     inv0d2       128  486.4  2864  1498    9615    (-,-) 
  u_mlp/g337383/ZN                           -       A1->ZN F     oaim22d1       1    2.0   388   101    9716    (-,-) 
  u_mlp/h3_reg[110][11]/D                    -       -      F     dfcrq1         1      -     -     0    9716    (-,-) 
#----------------------------------------------------------------------------------------------------------------------



Path 4: MET (29 ps) Setup Check with Pin u_mlp/h3_reg[106][11]/CP->D
          Group: aquila_clk
     Startpoint: (R) u_mlp/accumulator_reg[16]/CP
          Clock: (R) aquila_clk
       Endpoint: (F) u_mlp/h3_reg[106][11]/D
          Clock: (R) aquila_clk

                     Capture       Launch     
        Clock Edge:+   10000            0     
       Src Latency:+       0            0     
       Net Latency:+       0 (I)        0 (I) 
           Arrival:=   10000            0     
                                              
             Setup:-     255                  
     Required Time:=    9745                  
      Launch Clock:-       0                  
         Data Path:-    9716                  
             Slack:=      29                  

#----------------------------------------------------------------------------------------------------------------------
#               Timing Point                 Flags    Arc   Edge   Cell     Fanout  Load  Trans Delay Arrival Instance 
#                                                                                   (fF)   (ps)  (ps)   (ps)  Location 
#----------------------------------------------------------------------------------------------------------------------
  u_mlp/accumulator_reg[16]/CP               -       -      R     (arrival)  11502      -     0     0       0    (-,-) 
  u_mlp/accumulator_reg[16]/Q                -       CP->Q  R     dfcrb1         3   19.3   313   632     632    (-,-) 
  u_mlp/add_144_53_g1801/Z                   -       A1->Z  R     an02d1         4   13.7   220   234     866    (-,-) 
  u_mlp/g351647/ZN                           -       B1->ZN R     oaim21d1       4   15.0   346   281    1147    (-,-) 
  u_mlp/add_144_53_g1685/ZN                  -       A2->ZN F     nd12d1         1    4.0   128    97    1243    (-,-) 
  u_mlp/g351661/ZN                           -       C2->ZN R     aon211d1       5   18.5   655   397    1640    (-,-) 
  u_mlp/g351645/ZN                           -       C1->ZN R     oaim311d1      4   16.7   423   432    2072    (-,-) 
  u_mlp/add_144_53_g1662/ZN                  -       A3->ZN F     nd03d2         3   12.2   206   149    2221    (-,-) 
  u_mlp/add_144_53_g1656/ZN                  -       A2->ZN R     nd12d1         4   14.8   241   156    2378    (-,-) 
  u_mlp/g351642/Z                            -       B2->Z  R     aor21d1        1    8.1   142   205    2582    (-,-) 
  u_mlp/add_144_53_g2/ZN                     -       A2->ZN R     xn02d7        21   76.7   128   512    3095    (-,-) 
  u_mlp/g200638/ZN                           -       I->ZN  F     inv0d1        13   48.7   284   164    3258    (-,-) 
  u_mlp/g200629__6783/Z                      -       A2->Z  F     aor22d1        4   15.5   157   302    3561    (-,-) 
  u_mlp/qaa_tanh_147_44:lte_52_28_g350582/ZN -       A1->ZN R     nr04d1         1    3.5   524   418    3979    (-,-) 
  u_mlp/qaa_tanh_147_44:lte_52_28_g351659/ZN -       A4->ZN F     nd04d1         2    7.6   273   210    4189    (-,-) 
  u_mlp/qaa_tanh_147_44:lte_50_23_g160/ZN    -       B3->ZN R     oai31d1        1    3.0   353   306    4494    (-,-) 
  u_mlp/g350573/Z                            -       A2->Z  R     an12d1         3    8.4   141   206    4700    (-,-) 
  u_mlp/g200602/ZN                           -       I->ZN  F     inv0d0         2    6.8   159   107    4807    (-,-) 
  u_mlp/g200595__2883/ZN                     -       A2->ZN R     nd02d1         3   11.1   235   157    4964    (-,-) 
  u_mlp/g200583__5115/ZN                     -       A2->ZN F     nd02d1         5   17.7   274   173    5137    (-,-) 
  u_mlp/SUB_UNS_OP2_g242/ZN                  -       I->ZN  R     inv0d1         5   15.9   241   181    5318    (-,-) 
  u_mlp/g350560/Z                            -       A1->Z  R     an02d1         3    9.5   170   200    5519    (-,-) 
  u_mlp/SUB_UNS_OP2_g224/ZN                  -       A2->ZN F     nd12d1         3    8.9   134   100    5619    (-,-) 
  u_mlp/SUB_UNS_OP2_g223/ZN                  -       I->ZN  R     inv0d0         2    5.1   338   201    5820    (-,-) 
  u_mlp/SUB_UNS_OP2_g222/ZN                  -       A->ZN  F     aoi21d1        1    1.3    92    47    5868    (-,-) 
  u_mlp/g349891/ZN                           -       I->ZN  R     inv0d0         1    4.3   295   172    6040    (-,-) 
  u_mlp/g348009/Z                            -       B1->Z  R     ora21d4      273 1070.4  2850  1463    7503    (-,-) 
  u_mlp/g347662/ZN                           -       I->ZN  F     inv0da       241  751.8   940   615    8117    (-,-) 
  u_mlp/hi_fo_buf350474/ZN                   -       I->ZN  R     inv0d2       128  486.4  2864  1498    9615    (-,-) 
  u_mlp/g338327/ZN                           -       A1->ZN F     oaim22d1       1    2.0   388   101    9716    (-,-) 
  u_mlp/h3_reg[106][11]/D                    -       -      F     dfcrq1         1      -     -     0    9716    (-,-) 
#----------------------------------------------------------------------------------------------------------------------



Path 5: MET (29 ps) Setup Check with Pin u_mlp/h3_reg[105][11]/CP->D
          Group: aquila_clk
     Startpoint: (R) u_mlp/accumulator_reg[16]/CP
          Clock: (R) aquila_clk
       Endpoint: (F) u_mlp/h3_reg[105][11]/D
          Clock: (R) aquila_clk

                     Capture       Launch     
        Clock Edge:+   10000            0     
       Src Latency:+       0            0     
       Net Latency:+       0 (I)        0 (I) 
           Arrival:=   10000            0     
                                              
             Setup:-     255                  
     Required Time:=    9745                  
      Launch Clock:-       0                  
         Data Path:-    9716                  
             Slack:=      29                  

#----------------------------------------------------------------------------------------------------------------------
#               Timing Point                 Flags    Arc   Edge   Cell     Fanout  Load  Trans Delay Arrival Instance 
#                                                                                   (fF)   (ps)  (ps)   (ps)  Location 
#----------------------------------------------------------------------------------------------------------------------
  u_mlp/accumulator_reg[16]/CP               -       -      R     (arrival)  11502      -     0     0       0    (-,-) 
  u_mlp/accumulator_reg[16]/Q                -       CP->Q  R     dfcrb1         3   19.3   313   632     632    (-,-) 
  u_mlp/add_144_53_g1801/Z                   -       A1->Z  R     an02d1         4   13.7   220   234     866    (-,-) 
  u_mlp/g351647/ZN                           -       B1->ZN R     oaim21d1       4   15.0   346   281    1147    (-,-) 
  u_mlp/add_144_53_g1685/ZN                  -       A2->ZN F     nd12d1         1    4.0   128    97    1243    (-,-) 
  u_mlp/g351661/ZN                           -       C2->ZN R     aon211d1       5   18.5   655   397    1640    (-,-) 
  u_mlp/g351645/ZN                           -       C1->ZN R     oaim311d1      4   16.7   423   432    2072    (-,-) 
  u_mlp/add_144_53_g1662/ZN                  -       A3->ZN F     nd03d2         3   12.2   206   149    2221    (-,-) 
  u_mlp/add_144_53_g1656/ZN                  -       A2->ZN R     nd12d1         4   14.8   241   156    2378    (-,-) 
  u_mlp/g351642/Z                            -       B2->Z  R     aor21d1        1    8.1   142   205    2582    (-,-) 
  u_mlp/add_144_53_g2/ZN                     -       A2->ZN R     xn02d7        21   76.7   128   512    3095    (-,-) 
  u_mlp/g200638/ZN                           -       I->ZN  F     inv0d1        13   48.7   284   164    3258    (-,-) 
  u_mlp/g200629__6783/Z                      -       A2->Z  F     aor22d1        4   15.5   157   302    3561    (-,-) 
  u_mlp/qaa_tanh_147_44:lte_52_28_g350582/ZN -       A1->ZN R     nr04d1         1    3.5   524   418    3979    (-,-) 
  u_mlp/qaa_tanh_147_44:lte_52_28_g351659/ZN -       A4->ZN F     nd04d1         2    7.6   273   210    4189    (-,-) 
  u_mlp/qaa_tanh_147_44:lte_50_23_g160/ZN    -       B3->ZN R     oai31d1        1    3.0   353   306    4494    (-,-) 
  u_mlp/g350573/Z                            -       A2->Z  R     an12d1         3    8.4   141   206    4700    (-,-) 
  u_mlp/g200602/ZN                           -       I->ZN  F     inv0d0         2    6.8   159   107    4807    (-,-) 
  u_mlp/g200595__2883/ZN                     -       A2->ZN R     nd02d1         3   11.1   235   157    4964    (-,-) 
  u_mlp/g200583__5115/ZN                     -       A2->ZN F     nd02d1         5   17.7   274   173    5137    (-,-) 
  u_mlp/SUB_UNS_OP2_g242/ZN                  -       I->ZN  R     inv0d1         5   15.9   241   181    5318    (-,-) 
  u_mlp/g350560/Z                            -       A1->Z  R     an02d1         3    9.5   170   200    5519    (-,-) 
  u_mlp/SUB_UNS_OP2_g224/ZN                  -       A2->ZN F     nd12d1         3    8.9   134   100    5619    (-,-) 
  u_mlp/SUB_UNS_OP2_g223/ZN                  -       I->ZN  R     inv0d0         2    5.1   338   201    5820    (-,-) 
  u_mlp/SUB_UNS_OP2_g222/ZN                  -       A->ZN  F     aoi21d1        1    1.3    92    47    5868    (-,-) 
  u_mlp/g349891/ZN                           -       I->ZN  R     inv0d0         1    4.3   295   172    6040    (-,-) 
  u_mlp/g348009/Z                            -       B1->Z  R     ora21d4      273 1070.4  2850  1463    7503    (-,-) 
  u_mlp/g347662/ZN                           -       I->ZN  F     inv0da       241  751.8   940   615    8117    (-,-) 
  u_mlp/hi_fo_buf350474/ZN                   -       I->ZN  R     inv0d2       128  486.4  2864  1498    9615    (-,-) 
  u_mlp/g333490/ZN                           -       A1->ZN F     oaim22d1       1    2.0   388   101    9716    (-,-) 
  u_mlp/h3_reg[105][11]/D                    -       -      F     dfcrq1         1      -     -     0    9716    (-,-) 
#----------------------------------------------------------------------------------------------------------------------



Path 6: MET (29 ps) Setup Check with Pin u_mlp/h3_reg[104][11]/CP->D
          Group: aquila_clk
     Startpoint: (R) u_mlp/accumulator_reg[16]/CP
          Clock: (R) aquila_clk
       Endpoint: (F) u_mlp/h3_reg[104][11]/D
          Clock: (R) aquila_clk

                     Capture       Launch     
        Clock Edge:+   10000            0     
       Src Latency:+       0            0     
       Net Latency:+       0 (I)        0 (I) 
           Arrival:=   10000            0     
                                              
             Setup:-     255                  
     Required Time:=    9745                  
      Launch Clock:-       0                  
         Data Path:-    9716                  
             Slack:=      29                  

#----------------------------------------------------------------------------------------------------------------------
#               Timing Point                 Flags    Arc   Edge   Cell     Fanout  Load  Trans Delay Arrival Instance 
#                                                                                   (fF)   (ps)  (ps)   (ps)  Location 
#----------------------------------------------------------------------------------------------------------------------
  u_mlp/accumulator_reg[16]/CP               -       -      R     (arrival)  11502      -     0     0       0    (-,-) 
  u_mlp/accumulator_reg[16]/Q                -       CP->Q  R     dfcrb1         3   19.3   313   632     632    (-,-) 
  u_mlp/add_144_53_g1801/Z                   -       A1->Z  R     an02d1         4   13.7   220   234     866    (-,-) 
  u_mlp/g351647/ZN                           -       B1->ZN R     oaim21d1       4   15.0   346   281    1147    (-,-) 
  u_mlp/add_144_53_g1685/ZN                  -       A2->ZN F     nd12d1         1    4.0   128    97    1243    (-,-) 
  u_mlp/g351661/ZN                           -       C2->ZN R     aon211d1       5   18.5   655   397    1640    (-,-) 
  u_mlp/g351645/ZN                           -       C1->ZN R     oaim311d1      4   16.7   423   432    2072    (-,-) 
  u_mlp/add_144_53_g1662/ZN                  -       A3->ZN F     nd03d2         3   12.2   206   149    2221    (-,-) 
  u_mlp/add_144_53_g1656/ZN                  -       A2->ZN R     nd12d1         4   14.8   241   156    2378    (-,-) 
  u_mlp/g351642/Z                            -       B2->Z  R     aor21d1        1    8.1   142   205    2582    (-,-) 
  u_mlp/add_144_53_g2/ZN                     -       A2->ZN R     xn02d7        21   76.7   128   512    3095    (-,-) 
  u_mlp/g200638/ZN                           -       I->ZN  F     inv0d1        13   48.7   284   164    3258    (-,-) 
  u_mlp/g200629__6783/Z                      -       A2->Z  F     aor22d1        4   15.5   157   302    3561    (-,-) 
  u_mlp/qaa_tanh_147_44:lte_52_28_g350582/ZN -       A1->ZN R     nr04d1         1    3.5   524   418    3979    (-,-) 
  u_mlp/qaa_tanh_147_44:lte_52_28_g351659/ZN -       A4->ZN F     nd04d1         2    7.6   273   210    4189    (-,-) 
  u_mlp/qaa_tanh_147_44:lte_50_23_g160/ZN    -       B3->ZN R     oai31d1        1    3.0   353   306    4494    (-,-) 
  u_mlp/g350573/Z                            -       A2->Z  R     an12d1         3    8.4   141   206    4700    (-,-) 
  u_mlp/g200602/ZN                           -       I->ZN  F     inv0d0         2    6.8   159   107    4807    (-,-) 
  u_mlp/g200595__2883/ZN                     -       A2->ZN R     nd02d1         3   11.1   235   157    4964    (-,-) 
  u_mlp/g200583__5115/ZN                     -       A2->ZN F     nd02d1         5   17.7   274   173    5137    (-,-) 
  u_mlp/SUB_UNS_OP2_g242/ZN                  -       I->ZN  R     inv0d1         5   15.9   241   181    5318    (-,-) 
  u_mlp/g350560/Z                            -       A1->Z  R     an02d1         3    9.5   170   200    5519    (-,-) 
  u_mlp/SUB_UNS_OP2_g224/ZN                  -       A2->ZN F     nd12d1         3    8.9   134   100    5619    (-,-) 
  u_mlp/SUB_UNS_OP2_g223/ZN                  -       I->ZN  R     inv0d0         2    5.1   338   201    5820    (-,-) 
  u_mlp/SUB_UNS_OP2_g222/ZN                  -       A->ZN  F     aoi21d1        1    1.3    92    47    5868    (-,-) 
  u_mlp/g349891/ZN                           -       I->ZN  R     inv0d0         1    4.3   295   172    6040    (-,-) 
  u_mlp/g348009/Z                            -       B1->Z  R     ora21d4      273 1070.4  2850  1463    7503    (-,-) 
  u_mlp/g347662/ZN                           -       I->ZN  F     inv0da       241  751.8   940   615    8117    (-,-) 
  u_mlp/hi_fo_buf350474/ZN                   -       I->ZN  R     inv0d2       128  486.4  2864  1498    9615    (-,-) 
  u_mlp/g333477/ZN                           -       A1->ZN F     oaim22d1       1    2.0   388   101    9716    (-,-) 
  u_mlp/h3_reg[104][11]/D                    -       -      F     dfcrq1         1      -     -     0    9716    (-,-) 
#----------------------------------------------------------------------------------------------------------------------



Path 7: MET (29 ps) Setup Check with Pin u_mlp/h3_reg[102][11]/CP->D
          Group: aquila_clk
     Startpoint: (R) u_mlp/accumulator_reg[16]/CP
          Clock: (R) aquila_clk
       Endpoint: (F) u_mlp/h3_reg[102][11]/D
          Clock: (R) aquila_clk

                     Capture       Launch     
        Clock Edge:+   10000            0     
       Src Latency:+       0            0     
       Net Latency:+       0 (I)        0 (I) 
           Arrival:=   10000            0     
                                              
             Setup:-     255                  
     Required Time:=    9745                  
      Launch Clock:-       0                  
         Data Path:-    9716                  
             Slack:=      29                  

#----------------------------------------------------------------------------------------------------------------------
#               Timing Point                 Flags    Arc   Edge   Cell     Fanout  Load  Trans Delay Arrival Instance 
#                                                                                   (fF)   (ps)  (ps)   (ps)  Location 
#----------------------------------------------------------------------------------------------------------------------
  u_mlp/accumulator_reg[16]/CP               -       -      R     (arrival)  11502      -     0     0       0    (-,-) 
  u_mlp/accumulator_reg[16]/Q                -       CP->Q  R     dfcrb1         3   19.3   313   632     632    (-,-) 
  u_mlp/add_144_53_g1801/Z                   -       A1->Z  R     an02d1         4   13.7   220   234     866    (-,-) 
  u_mlp/g351647/ZN                           -       B1->ZN R     oaim21d1       4   15.0   346   281    1147    (-,-) 
  u_mlp/add_144_53_g1685/ZN                  -       A2->ZN F     nd12d1         1    4.0   128    97    1243    (-,-) 
  u_mlp/g351661/ZN                           -       C2->ZN R     aon211d1       5   18.5   655   397    1640    (-,-) 
  u_mlp/g351645/ZN                           -       C1->ZN R     oaim311d1      4   16.7   423   432    2072    (-,-) 
  u_mlp/add_144_53_g1662/ZN                  -       A3->ZN F     nd03d2         3   12.2   206   149    2221    (-,-) 
  u_mlp/add_144_53_g1656/ZN                  -       A2->ZN R     nd12d1         4   14.8   241   156    2378    (-,-) 
  u_mlp/g351642/Z                            -       B2->Z  R     aor21d1        1    8.1   142   205    2582    (-,-) 
  u_mlp/add_144_53_g2/ZN                     -       A2->ZN R     xn02d7        21   76.7   128   512    3095    (-,-) 
  u_mlp/g200638/ZN                           -       I->ZN  F     inv0d1        13   48.7   284   164    3258    (-,-) 
  u_mlp/g200629__6783/Z                      -       A2->Z  F     aor22d1        4   15.5   157   302    3561    (-,-) 
  u_mlp/qaa_tanh_147_44:lte_52_28_g350582/ZN -       A1->ZN R     nr04d1         1    3.5   524   418    3979    (-,-) 
  u_mlp/qaa_tanh_147_44:lte_52_28_g351659/ZN -       A4->ZN F     nd04d1         2    7.6   273   210    4189    (-,-) 
  u_mlp/qaa_tanh_147_44:lte_50_23_g160/ZN    -       B3->ZN R     oai31d1        1    3.0   353   306    4494    (-,-) 
  u_mlp/g350573/Z                            -       A2->Z  R     an12d1         3    8.4   141   206    4700    (-,-) 
  u_mlp/g200602/ZN                           -       I->ZN  F     inv0d0         2    6.8   159   107    4807    (-,-) 
  u_mlp/g200595__2883/ZN                     -       A2->ZN R     nd02d1         3   11.1   235   157    4964    (-,-) 
  u_mlp/g200583__5115/ZN                     -       A2->ZN F     nd02d1         5   17.7   274   173    5137    (-,-) 
  u_mlp/SUB_UNS_OP2_g242/ZN                  -       I->ZN  R     inv0d1         5   15.9   241   181    5318    (-,-) 
  u_mlp/g350560/Z                            -       A1->Z  R     an02d1         3    9.5   170   200    5519    (-,-) 
  u_mlp/SUB_UNS_OP2_g224/ZN                  -       A2->ZN F     nd12d1         3    8.9   134   100    5619    (-,-) 
  u_mlp/SUB_UNS_OP2_g223/ZN                  -       I->ZN  R     inv0d0         2    5.1   338   201    5820    (-,-) 
  u_mlp/SUB_UNS_OP2_g222/ZN                  -       A->ZN  F     aoi21d1        1    1.3    92    47    5868    (-,-) 
  u_mlp/g349891/ZN                           -       I->ZN  R     inv0d0         1    4.3   295   172    6040    (-,-) 
  u_mlp/g348009/Z                            -       B1->Z  R     ora21d4      273 1070.4  2850  1463    7503    (-,-) 
  u_mlp/g347662/ZN                           -       I->ZN  F     inv0da       241  751.8   940   615    8117    (-,-) 
  u_mlp/hi_fo_buf350474/ZN                   -       I->ZN  R     inv0d2       128  486.4  2864  1498    9615    (-,-) 
  u_mlp/g337435/ZN                           -       A1->ZN F     oaim22d1       1    2.0   388   101    9716    (-,-) 
  u_mlp/h3_reg[102][11]/D                    -       -      F     dfcrq1         1      -     -     0    9716    (-,-) 
#----------------------------------------------------------------------------------------------------------------------



Path 8: MET (29 ps) Setup Check with Pin u_mlp/h3_reg[94][11]/CP->D
          Group: aquila_clk
     Startpoint: (R) u_mlp/accumulator_reg[16]/CP
          Clock: (R) aquila_clk
       Endpoint: (F) u_mlp/h3_reg[94][11]/D
          Clock: (R) aquila_clk

                     Capture       Launch     
        Clock Edge:+   10000            0     
       Src Latency:+       0            0     
       Net Latency:+       0 (I)        0 (I) 
           Arrival:=   10000            0     
                                              
             Setup:-     255                  
     Required Time:=    9745                  
      Launch Clock:-       0                  
         Data Path:-    9716                  
             Slack:=      29                  

#----------------------------------------------------------------------------------------------------------------------
#               Timing Point                 Flags    Arc   Edge   Cell     Fanout  Load  Trans Delay Arrival Instance 
#                                                                                   (fF)   (ps)  (ps)   (ps)  Location 
#----------------------------------------------------------------------------------------------------------------------
  u_mlp/accumulator_reg[16]/CP               -       -      R     (arrival)  11502      -     0     0       0    (-,-) 
  u_mlp/accumulator_reg[16]/Q                -       CP->Q  R     dfcrb1         3   19.3   313   632     632    (-,-) 
  u_mlp/add_144_53_g1801/Z                   -       A1->Z  R     an02d1         4   13.7   220   234     866    (-,-) 
  u_mlp/g351647/ZN                           -       B1->ZN R     oaim21d1       4   15.0   346   281    1147    (-,-) 
  u_mlp/add_144_53_g1685/ZN                  -       A2->ZN F     nd12d1         1    4.0   128    97    1243    (-,-) 
  u_mlp/g351661/ZN                           -       C2->ZN R     aon211d1       5   18.5   655   397    1640    (-,-) 
  u_mlp/g351645/ZN                           -       C1->ZN R     oaim311d1      4   16.7   423   432    2072    (-,-) 
  u_mlp/add_144_53_g1662/ZN                  -       A3->ZN F     nd03d2         3   12.2   206   149    2221    (-,-) 
  u_mlp/add_144_53_g1656/ZN                  -       A2->ZN R     nd12d1         4   14.8   241   156    2378    (-,-) 
  u_mlp/g351642/Z                            -       B2->Z  R     aor21d1        1    8.1   142   205    2582    (-,-) 
  u_mlp/add_144_53_g2/ZN                     -       A2->ZN R     xn02d7        21   76.7   128   512    3095    (-,-) 
  u_mlp/g200638/ZN                           -       I->ZN  F     inv0d1        13   48.7   284   164    3258    (-,-) 
  u_mlp/g200629__6783/Z                      -       A2->Z  F     aor22d1        4   15.5   157   302    3561    (-,-) 
  u_mlp/qaa_tanh_147_44:lte_52_28_g350582/ZN -       A1->ZN R     nr04d1         1    3.5   524   418    3979    (-,-) 
  u_mlp/qaa_tanh_147_44:lte_52_28_g351659/ZN -       A4->ZN F     nd04d1         2    7.6   273   210    4189    (-,-) 
  u_mlp/qaa_tanh_147_44:lte_50_23_g160/ZN    -       B3->ZN R     oai31d1        1    3.0   353   306    4494    (-,-) 
  u_mlp/g350573/Z                            -       A2->Z  R     an12d1         3    8.4   141   206    4700    (-,-) 
  u_mlp/g200602/ZN                           -       I->ZN  F     inv0d0         2    6.8   159   107    4807    (-,-) 
  u_mlp/g200595__2883/ZN                     -       A2->ZN R     nd02d1         3   11.1   235   157    4964    (-,-) 
  u_mlp/g200583__5115/ZN                     -       A2->ZN F     nd02d1         5   17.7   274   173    5137    (-,-) 
  u_mlp/SUB_UNS_OP2_g242/ZN                  -       I->ZN  R     inv0d1         5   15.9   241   181    5318    (-,-) 
  u_mlp/g350560/Z                            -       A1->Z  R     an02d1         3    9.5   170   200    5519    (-,-) 
  u_mlp/SUB_UNS_OP2_g224/ZN                  -       A2->ZN F     nd12d1         3    8.9   134   100    5619    (-,-) 
  u_mlp/SUB_UNS_OP2_g223/ZN                  -       I->ZN  R     inv0d0         2    5.1   338   201    5820    (-,-) 
  u_mlp/SUB_UNS_OP2_g222/ZN                  -       A->ZN  F     aoi21d1        1    1.3    92    47    5868    (-,-) 
  u_mlp/g349891/ZN                           -       I->ZN  R     inv0d0         1    4.3   295   172    6040    (-,-) 
  u_mlp/g348009/Z                            -       B1->Z  R     ora21d4      273 1070.4  2850  1463    7503    (-,-) 
  u_mlp/g347662/ZN                           -       I->ZN  F     inv0da       241  751.8   940   615    8117    (-,-) 
  u_mlp/hi_fo_buf350474/ZN                   -       I->ZN  R     inv0d2       128  486.4  2864  1498    9615    (-,-) 
  u_mlp/g338558/ZN                           -       A1->ZN F     oaim22d1       1    2.0   388   101    9716    (-,-) 
  u_mlp/h3_reg[94][11]/D                     -       -      F     dfcrq1         1      -     -     0    9716    (-,-) 
#----------------------------------------------------------------------------------------------------------------------



Path 9: MET (29 ps) Setup Check with Pin u_mlp/h3_reg[90][11]/CP->D
          Group: aquila_clk
     Startpoint: (R) u_mlp/accumulator_reg[16]/CP
          Clock: (R) aquila_clk
       Endpoint: (F) u_mlp/h3_reg[90][11]/D
          Clock: (R) aquila_clk

                     Capture       Launch     
        Clock Edge:+   10000            0     
       Src Latency:+       0            0     
       Net Latency:+       0 (I)        0 (I) 
           Arrival:=   10000            0     
                                              
             Setup:-     255                  
     Required Time:=    9745                  
      Launch Clock:-       0                  
         Data Path:-    9716                  
             Slack:=      29                  

#----------------------------------------------------------------------------------------------------------------------
#               Timing Point                 Flags    Arc   Edge   Cell     Fanout  Load  Trans Delay Arrival Instance 
#                                                                                   (fF)   (ps)  (ps)   (ps)  Location 
#----------------------------------------------------------------------------------------------------------------------
  u_mlp/accumulator_reg[16]/CP               -       -      R     (arrival)  11502      -     0     0       0    (-,-) 
  u_mlp/accumulator_reg[16]/Q                -       CP->Q  R     dfcrb1         3   19.3   313   632     632    (-,-) 
  u_mlp/add_144_53_g1801/Z                   -       A1->Z  R     an02d1         4   13.7   220   234     866    (-,-) 
  u_mlp/g351647/ZN                           -       B1->ZN R     oaim21d1       4   15.0   346   281    1147    (-,-) 
  u_mlp/add_144_53_g1685/ZN                  -       A2->ZN F     nd12d1         1    4.0   128    97    1243    (-,-) 
  u_mlp/g351661/ZN                           -       C2->ZN R     aon211d1       5   18.5   655   397    1640    (-,-) 
  u_mlp/g351645/ZN                           -       C1->ZN R     oaim311d1      4   16.7   423   432    2072    (-,-) 
  u_mlp/add_144_53_g1662/ZN                  -       A3->ZN F     nd03d2         3   12.2   206   149    2221    (-,-) 
  u_mlp/add_144_53_g1656/ZN                  -       A2->ZN R     nd12d1         4   14.8   241   156    2378    (-,-) 
  u_mlp/g351642/Z                            -       B2->Z  R     aor21d1        1    8.1   142   205    2582    (-,-) 
  u_mlp/add_144_53_g2/ZN                     -       A2->ZN R     xn02d7        21   76.7   128   512    3095    (-,-) 
  u_mlp/g200638/ZN                           -       I->ZN  F     inv0d1        13   48.7   284   164    3258    (-,-) 
  u_mlp/g200629__6783/Z                      -       A2->Z  F     aor22d1        4   15.5   157   302    3561    (-,-) 
  u_mlp/qaa_tanh_147_44:lte_52_28_g350582/ZN -       A1->ZN R     nr04d1         1    3.5   524   418    3979    (-,-) 
  u_mlp/qaa_tanh_147_44:lte_52_28_g351659/ZN -       A4->ZN F     nd04d1         2    7.6   273   210    4189    (-,-) 
  u_mlp/qaa_tanh_147_44:lte_50_23_g160/ZN    -       B3->ZN R     oai31d1        1    3.0   353   306    4494    (-,-) 
  u_mlp/g350573/Z                            -       A2->Z  R     an12d1         3    8.4   141   206    4700    (-,-) 
  u_mlp/g200602/ZN                           -       I->ZN  F     inv0d0         2    6.8   159   107    4807    (-,-) 
  u_mlp/g200595__2883/ZN                     -       A2->ZN R     nd02d1         3   11.1   235   157    4964    (-,-) 
  u_mlp/g200583__5115/ZN                     -       A2->ZN F     nd02d1         5   17.7   274   173    5137    (-,-) 
  u_mlp/SUB_UNS_OP2_g242/ZN                  -       I->ZN  R     inv0d1         5   15.9   241   181    5318    (-,-) 
  u_mlp/g350560/Z                            -       A1->Z  R     an02d1         3    9.5   170   200    5519    (-,-) 
  u_mlp/SUB_UNS_OP2_g224/ZN                  -       A2->ZN F     nd12d1         3    8.9   134   100    5619    (-,-) 
  u_mlp/SUB_UNS_OP2_g223/ZN                  -       I->ZN  R     inv0d0         2    5.1   338   201    5820    (-,-) 
  u_mlp/SUB_UNS_OP2_g222/ZN                  -       A->ZN  F     aoi21d1        1    1.3    92    47    5868    (-,-) 
  u_mlp/g349891/ZN                           -       I->ZN  R     inv0d0         1    4.3   295   172    6040    (-,-) 
  u_mlp/g348009/Z                            -       B1->Z  R     ora21d4      273 1070.4  2850  1463    7503    (-,-) 
  u_mlp/g347662/ZN                           -       I->ZN  F     inv0da       241  751.8   940   615    8117    (-,-) 
  u_mlp/hi_fo_buf350474/ZN                   -       I->ZN  R     inv0d2       128  486.4  2864  1498    9615    (-,-) 
  u_mlp/g338817/ZN                           -       A1->ZN F     oaim22d1       1    2.0   388   101    9716    (-,-) 
  u_mlp/h3_reg[90][11]/D                     -       -      F     dfcrq1         1      -     -     0    9716    (-,-) 
#----------------------------------------------------------------------------------------------------------------------



Path 10: MET (29 ps) Setup Check with Pin u_mlp/h3_reg[78][11]/CP->D
          Group: aquila_clk
     Startpoint: (R) u_mlp/accumulator_reg[16]/CP
          Clock: (R) aquila_clk
       Endpoint: (F) u_mlp/h3_reg[78][11]/D
          Clock: (R) aquila_clk

                     Capture       Launch     
        Clock Edge:+   10000            0     
       Src Latency:+       0            0     
       Net Latency:+       0 (I)        0 (I) 
           Arrival:=   10000            0     
                                              
             Setup:-     255                  
     Required Time:=    9745                  
      Launch Clock:-       0                  
         Data Path:-    9716                  
             Slack:=      29                  

#----------------------------------------------------------------------------------------------------------------------
#               Timing Point                 Flags    Arc   Edge   Cell     Fanout  Load  Trans Delay Arrival Instance 
#                                                                                   (fF)   (ps)  (ps)   (ps)  Location 
#----------------------------------------------------------------------------------------------------------------------
  u_mlp/accumulator_reg[16]/CP               -       -      R     (arrival)  11502      -     0     0       0    (-,-) 
  u_mlp/accumulator_reg[16]/Q                -       CP->Q  R     dfcrb1         3   19.3   313   632     632    (-,-) 
  u_mlp/add_144_53_g1801/Z                   -       A1->Z  R     an02d1         4   13.7   220   234     866    (-,-) 
  u_mlp/g351647/ZN                           -       B1->ZN R     oaim21d1       4   15.0   346   281    1147    (-,-) 
  u_mlp/add_144_53_g1685/ZN                  -       A2->ZN F     nd12d1         1    4.0   128    97    1243    (-,-) 
  u_mlp/g351661/ZN                           -       C2->ZN R     aon211d1       5   18.5   655   397    1640    (-,-) 
  u_mlp/g351645/ZN                           -       C1->ZN R     oaim311d1      4   16.7   423   432    2072    (-,-) 
  u_mlp/add_144_53_g1662/ZN                  -       A3->ZN F     nd03d2         3   12.2   206   149    2221    (-,-) 
  u_mlp/add_144_53_g1656/ZN                  -       A2->ZN R     nd12d1         4   14.8   241   156    2378    (-,-) 
  u_mlp/g351642/Z                            -       B2->Z  R     aor21d1        1    8.1   142   205    2582    (-,-) 
  u_mlp/add_144_53_g2/ZN                     -       A2->ZN R     xn02d7        21   76.7   128   512    3095    (-,-) 
  u_mlp/g200638/ZN                           -       I->ZN  F     inv0d1        13   48.7   284   164    3258    (-,-) 
  u_mlp/g200629__6783/Z                      -       A2->Z  F     aor22d1        4   15.5   157   302    3561    (-,-) 
  u_mlp/qaa_tanh_147_44:lte_52_28_g350582/ZN -       A1->ZN R     nr04d1         1    3.5   524   418    3979    (-,-) 
  u_mlp/qaa_tanh_147_44:lte_52_28_g351659/ZN -       A4->ZN F     nd04d1         2    7.6   273   210    4189    (-,-) 
  u_mlp/qaa_tanh_147_44:lte_50_23_g160/ZN    -       B3->ZN R     oai31d1        1    3.0   353   306    4494    (-,-) 
  u_mlp/g350573/Z                            -       A2->Z  R     an12d1         3    8.4   141   206    4700    (-,-) 
  u_mlp/g200602/ZN                           -       I->ZN  F     inv0d0         2    6.8   159   107    4807    (-,-) 
  u_mlp/g200595__2883/ZN                     -       A2->ZN R     nd02d1         3   11.1   235   157    4964    (-,-) 
  u_mlp/g200583__5115/ZN                     -       A2->ZN F     nd02d1         5   17.7   274   173    5137    (-,-) 
  u_mlp/SUB_UNS_OP2_g242/ZN                  -       I->ZN  R     inv0d1         5   15.9   241   181    5318    (-,-) 
  u_mlp/g350560/Z                            -       A1->Z  R     an02d1         3    9.5   170   200    5519    (-,-) 
  u_mlp/SUB_UNS_OP2_g224/ZN                  -       A2->ZN F     nd12d1         3    8.9   134   100    5619    (-,-) 
  u_mlp/SUB_UNS_OP2_g223/ZN                  -       I->ZN  R     inv0d0         2    5.1   338   201    5820    (-,-) 
  u_mlp/SUB_UNS_OP2_g222/ZN                  -       A->ZN  F     aoi21d1        1    1.3    92    47    5868    (-,-) 
  u_mlp/g349891/ZN                           -       I->ZN  R     inv0d0         1    4.3   295   172    6040    (-,-) 
  u_mlp/g348009/Z                            -       B1->Z  R     ora21d4      273 1070.4  2850  1463    7503    (-,-) 
  u_mlp/g347662/ZN                           -       I->ZN  F     inv0da       241  751.8   940   615    8117    (-,-) 
  u_mlp/hi_fo_buf350474/ZN                   -       I->ZN  R     inv0d2       128  486.4  2864  1498    9615    (-,-) 
  u_mlp/g338016/ZN                           -       A1->ZN F     oaim22d1       1    2.0   388   101    9716    (-,-) 
  u_mlp/h3_reg[78][11]/D                     -       -      F     dfcrq1         1      -     -     0    9716    (-,-) 
#----------------------------------------------------------------------------------------------------------------------



Path 11: MET (29 ps) Setup Check with Pin u_mlp/h3_reg[75][11]/CP->D
          Group: aquila_clk
     Startpoint: (R) u_mlp/accumulator_reg[16]/CP
          Clock: (R) aquila_clk
       Endpoint: (F) u_mlp/h3_reg[75][11]/D
          Clock: (R) aquila_clk

                     Capture       Launch     
        Clock Edge:+   10000            0     
       Src Latency:+       0            0     
       Net Latency:+       0 (I)        0 (I) 
           Arrival:=   10000            0     
                                              
             Setup:-     255                  
     Required Time:=    9745                  
      Launch Clock:-       0                  
         Data Path:-    9716                  
             Slack:=      29                  

#----------------------------------------------------------------------------------------------------------------------
#               Timing Point                 Flags    Arc   Edge   Cell     Fanout  Load  Trans Delay Arrival Instance 
#                                                                                   (fF)   (ps)  (ps)   (ps)  Location 
#----------------------------------------------------------------------------------------------------------------------
  u_mlp/accumulator_reg[16]/CP               -       -      R     (arrival)  11502      -     0     0       0    (-,-) 
  u_mlp/accumulator_reg[16]/Q                -       CP->Q  R     dfcrb1         3   19.3   313   632     632    (-,-) 
  u_mlp/add_144_53_g1801/Z                   -       A1->Z  R     an02d1         4   13.7   220   234     866    (-,-) 
  u_mlp/g351647/ZN                           -       B1->ZN R     oaim21d1       4   15.0   346   281    1147    (-,-) 
  u_mlp/add_144_53_g1685/ZN                  -       A2->ZN F     nd12d1         1    4.0   128    97    1243    (-,-) 
  u_mlp/g351661/ZN                           -       C2->ZN R     aon211d1       5   18.5   655   397    1640    (-,-) 
  u_mlp/g351645/ZN                           -       C1->ZN R     oaim311d1      4   16.7   423   432    2072    (-,-) 
  u_mlp/add_144_53_g1662/ZN                  -       A3->ZN F     nd03d2         3   12.2   206   149    2221    (-,-) 
  u_mlp/add_144_53_g1656/ZN                  -       A2->ZN R     nd12d1         4   14.8   241   156    2378    (-,-) 
  u_mlp/g351642/Z                            -       B2->Z  R     aor21d1        1    8.1   142   205    2582    (-,-) 
  u_mlp/add_144_53_g2/ZN                     -       A2->ZN R     xn02d7        21   76.7   128   512    3095    (-,-) 
  u_mlp/g200638/ZN                           -       I->ZN  F     inv0d1        13   48.7   284   164    3258    (-,-) 
  u_mlp/g200629__6783/Z                      -       A2->Z  F     aor22d1        4   15.5   157   302    3561    (-,-) 
  u_mlp/qaa_tanh_147_44:lte_52_28_g350582/ZN -       A1->ZN R     nr04d1         1    3.5   524   418    3979    (-,-) 
  u_mlp/qaa_tanh_147_44:lte_52_28_g351659/ZN -       A4->ZN F     nd04d1         2    7.6   273   210    4189    (-,-) 
  u_mlp/qaa_tanh_147_44:lte_50_23_g160/ZN    -       B3->ZN R     oai31d1        1    3.0   353   306    4494    (-,-) 
  u_mlp/g350573/Z                            -       A2->Z  R     an12d1         3    8.4   141   206    4700    (-,-) 
  u_mlp/g200602/ZN                           -       I->ZN  F     inv0d0         2    6.8   159   107    4807    (-,-) 
  u_mlp/g200595__2883/ZN                     -       A2->ZN R     nd02d1         3   11.1   235   157    4964    (-,-) 
  u_mlp/g200583__5115/ZN                     -       A2->ZN F     nd02d1         5   17.7   274   173    5137    (-,-) 
  u_mlp/SUB_UNS_OP2_g242/ZN                  -       I->ZN  R     inv0d1         5   15.9   241   181    5318    (-,-) 
  u_mlp/g350560/Z                            -       A1->Z  R     an02d1         3    9.5   170   200    5519    (-,-) 
  u_mlp/SUB_UNS_OP2_g224/ZN                  -       A2->ZN F     nd12d1         3    8.9   134   100    5619    (-,-) 
  u_mlp/SUB_UNS_OP2_g223/ZN                  -       I->ZN  R     inv0d0         2    5.1   338   201    5820    (-,-) 
  u_mlp/SUB_UNS_OP2_g222/ZN                  -       A->ZN  F     aoi21d1        1    1.3    92    47    5868    (-,-) 
  u_mlp/g349891/ZN                           -       I->ZN  R     inv0d0         1    4.3   295   172    6040    (-,-) 
  u_mlp/g348009/Z                            -       B1->Z  R     ora21d4      273 1070.4  2850  1463    7503    (-,-) 
  u_mlp/g347662/ZN                           -       I->ZN  F     inv0da       241  751.8   940   615    8117    (-,-) 
  u_mlp/hi_fo_buf350474/ZN                   -       I->ZN  R     inv0d2       128  486.4  2864  1498    9615    (-,-) 
  u_mlp/g338447/ZN                           -       A1->ZN F     oaim22d1       1    2.0   388   101    9716    (-,-) 
  u_mlp/h3_reg[75][11]/D                     -       -      F     dfcrq1         1      -     -     0    9716    (-,-) 
#----------------------------------------------------------------------------------------------------------------------



Path 12: MET (29 ps) Setup Check with Pin u_mlp/h3_reg[72][11]/CP->D
          Group: aquila_clk
     Startpoint: (R) u_mlp/accumulator_reg[16]/CP
          Clock: (R) aquila_clk
       Endpoint: (F) u_mlp/h3_reg[72][11]/D
          Clock: (R) aquila_clk

                     Capture       Launch     
        Clock Edge:+   10000            0     
       Src Latency:+       0            0     
       Net Latency:+       0 (I)        0 (I) 
           Arrival:=   10000            0     
                                              
             Setup:-     255                  
     Required Time:=    9745                  
      Launch Clock:-       0                  
         Data Path:-    9716                  
             Slack:=      29                  

#----------------------------------------------------------------------------------------------------------------------
#               Timing Point                 Flags    Arc   Edge   Cell     Fanout  Load  Trans Delay Arrival Instance 
#                                                                                   (fF)   (ps)  (ps)   (ps)  Location 
#----------------------------------------------------------------------------------------------------------------------
  u_mlp/accumulator_reg[16]/CP               -       -      R     (arrival)  11502      -     0     0       0    (-,-) 
  u_mlp/accumulator_reg[16]/Q                -       CP->Q  R     dfcrb1         3   19.3   313   632     632    (-,-) 
  u_mlp/add_144_53_g1801/Z                   -       A1->Z  R     an02d1         4   13.7   220   234     866    (-,-) 
  u_mlp/g351647/ZN                           -       B1->ZN R     oaim21d1       4   15.0   346   281    1147    (-,-) 
  u_mlp/add_144_53_g1685/ZN                  -       A2->ZN F     nd12d1         1    4.0   128    97    1243    (-,-) 
  u_mlp/g351661/ZN                           -       C2->ZN R     aon211d1       5   18.5   655   397    1640    (-,-) 
  u_mlp/g351645/ZN                           -       C1->ZN R     oaim311d1      4   16.7   423   432    2072    (-,-) 
  u_mlp/add_144_53_g1662/ZN                  -       A3->ZN F     nd03d2         3   12.2   206   149    2221    (-,-) 
  u_mlp/add_144_53_g1656/ZN                  -       A2->ZN R     nd12d1         4   14.8   241   156    2378    (-,-) 
  u_mlp/g351642/Z                            -       B2->Z  R     aor21d1        1    8.1   142   205    2582    (-,-) 
  u_mlp/add_144_53_g2/ZN                     -       A2->ZN R     xn02d7        21   76.7   128   512    3095    (-,-) 
  u_mlp/g200638/ZN                           -       I->ZN  F     inv0d1        13   48.7   284   164    3258    (-,-) 
  u_mlp/g200629__6783/Z                      -       A2->Z  F     aor22d1        4   15.5   157   302    3561    (-,-) 
  u_mlp/qaa_tanh_147_44:lte_52_28_g350582/ZN -       A1->ZN R     nr04d1         1    3.5   524   418    3979    (-,-) 
  u_mlp/qaa_tanh_147_44:lte_52_28_g351659/ZN -       A4->ZN F     nd04d1         2    7.6   273   210    4189    (-,-) 
  u_mlp/qaa_tanh_147_44:lte_50_23_g160/ZN    -       B3->ZN R     oai31d1        1    3.0   353   306    4494    (-,-) 
  u_mlp/g350573/Z                            -       A2->Z  R     an12d1         3    8.4   141   206    4700    (-,-) 
  u_mlp/g200602/ZN                           -       I->ZN  F     inv0d0         2    6.8   159   107    4807    (-,-) 
  u_mlp/g200595__2883/ZN                     -       A2->ZN R     nd02d1         3   11.1   235   157    4964    (-,-) 
  u_mlp/g200583__5115/ZN                     -       A2->ZN F     nd02d1         5   17.7   274   173    5137    (-,-) 
  u_mlp/SUB_UNS_OP2_g242/ZN                  -       I->ZN  R     inv0d1         5   15.9   241   181    5318    (-,-) 
  u_mlp/g350560/Z                            -       A1->Z  R     an02d1         3    9.5   170   200    5519    (-,-) 
  u_mlp/SUB_UNS_OP2_g224/ZN                  -       A2->ZN F     nd12d1         3    8.9   134   100    5619    (-,-) 
  u_mlp/SUB_UNS_OP2_g223/ZN                  -       I->ZN  R     inv0d0         2    5.1   338   201    5820    (-,-) 
  u_mlp/SUB_UNS_OP2_g222/ZN                  -       A->ZN  F     aoi21d1        1    1.3    92    47    5868    (-,-) 
  u_mlp/g349891/ZN                           -       I->ZN  R     inv0d0         1    4.3   295   172    6040    (-,-) 
  u_mlp/g348009/Z                            -       B1->Z  R     ora21d4      273 1070.4  2850  1463    7503    (-,-) 
  u_mlp/g347662/ZN                           -       I->ZN  F     inv0da       241  751.8   940   615    8117    (-,-) 
  u_mlp/hi_fo_buf350474/ZN                   -       I->ZN  R     inv0d2       128  486.4  2864  1498    9615    (-,-) 
  u_mlp/g337275/ZN                           -       A1->ZN F     oaim22d1       1    2.0   388   101    9716    (-,-) 
  u_mlp/h3_reg[72][11]/D                     -       -      F     dfcrq1         1      -     -     0    9716    (-,-) 
#----------------------------------------------------------------------------------------------------------------------



Path 13: MET (29 ps) Setup Check with Pin u_mlp/h3_reg[58][11]/CP->D
          Group: aquila_clk
     Startpoint: (R) u_mlp/accumulator_reg[16]/CP
          Clock: (R) aquila_clk
       Endpoint: (F) u_mlp/h3_reg[58][11]/D
          Clock: (R) aquila_clk

                     Capture       Launch     
        Clock Edge:+   10000            0     
       Src Latency:+       0            0     
       Net Latency:+       0 (I)        0 (I) 
           Arrival:=   10000            0     
                                              
             Setup:-     255                  
     Required Time:=    9745                  
      Launch Clock:-       0                  
         Data Path:-    9716                  
             Slack:=      29                  

#----------------------------------------------------------------------------------------------------------------------
#               Timing Point                 Flags    Arc   Edge   Cell     Fanout  Load  Trans Delay Arrival Instance 
#                                                                                   (fF)   (ps)  (ps)   (ps)  Location 
#----------------------------------------------------------------------------------------------------------------------
  u_mlp/accumulator_reg[16]/CP               -       -      R     (arrival)  11502      -     0     0       0    (-,-) 
  u_mlp/accumulator_reg[16]/Q                -       CP->Q  R     dfcrb1         3   19.3   313   632     632    (-,-) 
  u_mlp/add_144_53_g1801/Z                   -       A1->Z  R     an02d1         4   13.7   220   234     866    (-,-) 
  u_mlp/g351647/ZN                           -       B1->ZN R     oaim21d1       4   15.0   346   281    1147    (-,-) 
  u_mlp/add_144_53_g1685/ZN                  -       A2->ZN F     nd12d1         1    4.0   128    97    1243    (-,-) 
  u_mlp/g351661/ZN                           -       C2->ZN R     aon211d1       5   18.5   655   397    1640    (-,-) 
  u_mlp/g351645/ZN                           -       C1->ZN R     oaim311d1      4   16.7   423   432    2072    (-,-) 
  u_mlp/add_144_53_g1662/ZN                  -       A3->ZN F     nd03d2         3   12.2   206   149    2221    (-,-) 
  u_mlp/add_144_53_g1656/ZN                  -       A2->ZN R     nd12d1         4   14.8   241   156    2378    (-,-) 
  u_mlp/g351642/Z                            -       B2->Z  R     aor21d1        1    8.1   142   205    2582    (-,-) 
  u_mlp/add_144_53_g2/ZN                     -       A2->ZN R     xn02d7        21   76.7   128   512    3095    (-,-) 
  u_mlp/g200638/ZN                           -       I->ZN  F     inv0d1        13   48.7   284   164    3258    (-,-) 
  u_mlp/g200629__6783/Z                      -       A2->Z  F     aor22d1        4   15.5   157   302    3561    (-,-) 
  u_mlp/qaa_tanh_147_44:lte_52_28_g350582/ZN -       A1->ZN R     nr04d1         1    3.5   524   418    3979    (-,-) 
  u_mlp/qaa_tanh_147_44:lte_52_28_g351659/ZN -       A4->ZN F     nd04d1         2    7.6   273   210    4189    (-,-) 
  u_mlp/qaa_tanh_147_44:lte_50_23_g160/ZN    -       B3->ZN R     oai31d1        1    3.0   353   306    4494    (-,-) 
  u_mlp/g350573/Z                            -       A2->Z  R     an12d1         3    8.4   141   206    4700    (-,-) 
  u_mlp/g200602/ZN                           -       I->ZN  F     inv0d0         2    6.8   159   107    4807    (-,-) 
  u_mlp/g200595__2883/ZN                     -       A2->ZN R     nd02d1         3   11.1   235   157    4964    (-,-) 
  u_mlp/g200583__5115/ZN                     -       A2->ZN F     nd02d1         5   17.7   274   173    5137    (-,-) 
  u_mlp/SUB_UNS_OP2_g242/ZN                  -       I->ZN  R     inv0d1         5   15.9   241   181    5318    (-,-) 
  u_mlp/g350560/Z                            -       A1->Z  R     an02d1         3    9.5   170   200    5519    (-,-) 
  u_mlp/SUB_UNS_OP2_g224/ZN                  -       A2->ZN F     nd12d1         3    8.9   134   100    5619    (-,-) 
  u_mlp/SUB_UNS_OP2_g223/ZN                  -       I->ZN  R     inv0d0         2    5.1   338   201    5820    (-,-) 
  u_mlp/SUB_UNS_OP2_g222/ZN                  -       A->ZN  F     aoi21d1        1    1.3    92    47    5868    (-,-) 
  u_mlp/g349891/ZN                           -       I->ZN  R     inv0d0         1    4.3   295   172    6040    (-,-) 
  u_mlp/g348009/Z                            -       B1->Z  R     ora21d4      273 1070.4  2850  1463    7503    (-,-) 
  u_mlp/g347662/ZN                           -       I->ZN  F     inv0da       241  751.8   940   615    8117    (-,-) 
  u_mlp/hi_fo_buf350474/ZN                   -       I->ZN  R     inv0d2       128  486.4  2864  1498    9615    (-,-) 
  u_mlp/g338723/ZN                           -       A1->ZN F     oaim22d1       1    2.0   388   101    9716    (-,-) 
  u_mlp/h3_reg[58][11]/D                     -       -      F     dfcrq1         1      -     -     0    9716    (-,-) 
#----------------------------------------------------------------------------------------------------------------------



Path 14: MET (29 ps) Setup Check with Pin u_mlp/h3_reg[47][11]/CP->D
          Group: aquila_clk
     Startpoint: (R) u_mlp/accumulator_reg[16]/CP
          Clock: (R) aquila_clk
       Endpoint: (F) u_mlp/h3_reg[47][11]/D
          Clock: (R) aquila_clk

                     Capture       Launch     
        Clock Edge:+   10000            0     
       Src Latency:+       0            0     
       Net Latency:+       0 (I)        0 (I) 
           Arrival:=   10000            0     
                                              
             Setup:-     255                  
     Required Time:=    9745                  
      Launch Clock:-       0                  
         Data Path:-    9716                  
             Slack:=      29                  

#----------------------------------------------------------------------------------------------------------------------
#               Timing Point                 Flags    Arc   Edge   Cell     Fanout  Load  Trans Delay Arrival Instance 
#                                                                                   (fF)   (ps)  (ps)   (ps)  Location 
#----------------------------------------------------------------------------------------------------------------------
  u_mlp/accumulator_reg[16]/CP               -       -      R     (arrival)  11502      -     0     0       0    (-,-) 
  u_mlp/accumulator_reg[16]/Q                -       CP->Q  R     dfcrb1         3   19.3   313   632     632    (-,-) 
  u_mlp/add_144_53_g1801/Z                   -       A1->Z  R     an02d1         4   13.7   220   234     866    (-,-) 
  u_mlp/g351647/ZN                           -       B1->ZN R     oaim21d1       4   15.0   346   281    1147    (-,-) 
  u_mlp/add_144_53_g1685/ZN                  -       A2->ZN F     nd12d1         1    4.0   128    97    1243    (-,-) 
  u_mlp/g351661/ZN                           -       C2->ZN R     aon211d1       5   18.5   655   397    1640    (-,-) 
  u_mlp/g351645/ZN                           -       C1->ZN R     oaim311d1      4   16.7   423   432    2072    (-,-) 
  u_mlp/add_144_53_g1662/ZN                  -       A3->ZN F     nd03d2         3   12.2   206   149    2221    (-,-) 
  u_mlp/add_144_53_g1656/ZN                  -       A2->ZN R     nd12d1         4   14.8   241   156    2378    (-,-) 
  u_mlp/g351642/Z                            -       B2->Z  R     aor21d1        1    8.1   142   205    2582    (-,-) 
  u_mlp/add_144_53_g2/ZN                     -       A2->ZN R     xn02d7        21   76.7   128   512    3095    (-,-) 
  u_mlp/g200638/ZN                           -       I->ZN  F     inv0d1        13   48.7   284   164    3258    (-,-) 
  u_mlp/g200629__6783/Z                      -       A2->Z  F     aor22d1        4   15.5   157   302    3561    (-,-) 
  u_mlp/qaa_tanh_147_44:lte_52_28_g350582/ZN -       A1->ZN R     nr04d1         1    3.5   524   418    3979    (-,-) 
  u_mlp/qaa_tanh_147_44:lte_52_28_g351659/ZN -       A4->ZN F     nd04d1         2    7.6   273   210    4189    (-,-) 
  u_mlp/qaa_tanh_147_44:lte_50_23_g160/ZN    -       B3->ZN R     oai31d1        1    3.0   353   306    4494    (-,-) 
  u_mlp/g350573/Z                            -       A2->Z  R     an12d1         3    8.4   141   206    4700    (-,-) 
  u_mlp/g200602/ZN                           -       I->ZN  F     inv0d0         2    6.8   159   107    4807    (-,-) 
  u_mlp/g200595__2883/ZN                     -       A2->ZN R     nd02d1         3   11.1   235   157    4964    (-,-) 
  u_mlp/g200583__5115/ZN                     -       A2->ZN F     nd02d1         5   17.7   274   173    5137    (-,-) 
  u_mlp/SUB_UNS_OP2_g242/ZN                  -       I->ZN  R     inv0d1         5   15.9   241   181    5318    (-,-) 
  u_mlp/g350560/Z                            -       A1->Z  R     an02d1         3    9.5   170   200    5519    (-,-) 
  u_mlp/SUB_UNS_OP2_g224/ZN                  -       A2->ZN F     nd12d1         3    8.9   134   100    5619    (-,-) 
  u_mlp/SUB_UNS_OP2_g223/ZN                  -       I->ZN  R     inv0d0         2    5.1   338   201    5820    (-,-) 
  u_mlp/SUB_UNS_OP2_g222/ZN                  -       A->ZN  F     aoi21d1        1    1.3    92    47    5868    (-,-) 
  u_mlp/g349891/ZN                           -       I->ZN  R     inv0d0         1    4.3   295   172    6040    (-,-) 
  u_mlp/g348009/Z                            -       B1->Z  R     ora21d4      273 1070.4  2850  1463    7503    (-,-) 
  u_mlp/g347662/ZN                           -       I->ZN  F     inv0da       241  751.8   940   615    8117    (-,-) 
  u_mlp/hi_fo_buf350474/ZN                   -       I->ZN  R     inv0d2       128  486.4  2864  1498    9615    (-,-) 
  u_mlp/g337426/ZN                           -       A1->ZN F     oaim22d1       1    2.0   388   101    9716    (-,-) 
  u_mlp/h3_reg[47][11]/D                     -       -      F     dfcrq1         1      -     -     0    9716    (-,-) 
#----------------------------------------------------------------------------------------------------------------------



Path 15: MET (29 ps) Setup Check with Pin u_mlp/h3_reg[30][11]/CP->D
          Group: aquila_clk
     Startpoint: (R) u_mlp/accumulator_reg[16]/CP
          Clock: (R) aquila_clk
       Endpoint: (F) u_mlp/h3_reg[30][11]/D
          Clock: (R) aquila_clk

                     Capture       Launch     
        Clock Edge:+   10000            0     
       Src Latency:+       0            0     
       Net Latency:+       0 (I)        0 (I) 
           Arrival:=   10000            0     
                                              
             Setup:-     255                  
     Required Time:=    9745                  
      Launch Clock:-       0                  
         Data Path:-    9716                  
             Slack:=      29                  

#----------------------------------------------------------------------------------------------------------------------
#               Timing Point                 Flags    Arc   Edge   Cell     Fanout  Load  Trans Delay Arrival Instance 
#                                                                                   (fF)   (ps)  (ps)   (ps)  Location 
#----------------------------------------------------------------------------------------------------------------------
  u_mlp/accumulator_reg[16]/CP               -       -      R     (arrival)  11502      -     0     0       0    (-,-) 
  u_mlp/accumulator_reg[16]/Q                -       CP->Q  R     dfcrb1         3   19.3   313   632     632    (-,-) 
  u_mlp/add_144_53_g1801/Z                   -       A1->Z  R     an02d1         4   13.7   220   234     866    (-,-) 
  u_mlp/g351647/ZN                           -       B1->ZN R     oaim21d1       4   15.0   346   281    1147    (-,-) 
  u_mlp/add_144_53_g1685/ZN                  -       A2->ZN F     nd12d1         1    4.0   128    97    1243    (-,-) 
  u_mlp/g351661/ZN                           -       C2->ZN R     aon211d1       5   18.5   655   397    1640    (-,-) 
  u_mlp/g351645/ZN                           -       C1->ZN R     oaim311d1      4   16.7   423   432    2072    (-,-) 
  u_mlp/add_144_53_g1662/ZN                  -       A3->ZN F     nd03d2         3   12.2   206   149    2221    (-,-) 
  u_mlp/add_144_53_g1656/ZN                  -       A2->ZN R     nd12d1         4   14.8   241   156    2378    (-,-) 
  u_mlp/g351642/Z                            -       B2->Z  R     aor21d1        1    8.1   142   205    2582    (-,-) 
  u_mlp/add_144_53_g2/ZN                     -       A2->ZN R     xn02d7        21   76.7   128   512    3095    (-,-) 
  u_mlp/g200638/ZN                           -       I->ZN  F     inv0d1        13   48.7   284   164    3258    (-,-) 
  u_mlp/g200629__6783/Z                      -       A2->Z  F     aor22d1        4   15.5   157   302    3561    (-,-) 
  u_mlp/qaa_tanh_147_44:lte_52_28_g350582/ZN -       A1->ZN R     nr04d1         1    3.5   524   418    3979    (-,-) 
  u_mlp/qaa_tanh_147_44:lte_52_28_g351659/ZN -       A4->ZN F     nd04d1         2    7.6   273   210    4189    (-,-) 
  u_mlp/qaa_tanh_147_44:lte_50_23_g160/ZN    -       B3->ZN R     oai31d1        1    3.0   353   306    4494    (-,-) 
  u_mlp/g350573/Z                            -       A2->Z  R     an12d1         3    8.4   141   206    4700    (-,-) 
  u_mlp/g200602/ZN                           -       I->ZN  F     inv0d0         2    6.8   159   107    4807    (-,-) 
  u_mlp/g200595__2883/ZN                     -       A2->ZN R     nd02d1         3   11.1   235   157    4964    (-,-) 
  u_mlp/g200583__5115/ZN                     -       A2->ZN F     nd02d1         5   17.7   274   173    5137    (-,-) 
  u_mlp/SUB_UNS_OP2_g242/ZN                  -       I->ZN  R     inv0d1         5   15.9   241   181    5318    (-,-) 
  u_mlp/g350560/Z                            -       A1->Z  R     an02d1         3    9.5   170   200    5519    (-,-) 
  u_mlp/SUB_UNS_OP2_g224/ZN                  -       A2->ZN F     nd12d1         3    8.9   134   100    5619    (-,-) 
  u_mlp/SUB_UNS_OP2_g223/ZN                  -       I->ZN  R     inv0d0         2    5.1   338   201    5820    (-,-) 
  u_mlp/SUB_UNS_OP2_g222/ZN                  -       A->ZN  F     aoi21d1        1    1.3    92    47    5868    (-,-) 
  u_mlp/g349891/ZN                           -       I->ZN  R     inv0d0         1    4.3   295   172    6040    (-,-) 
  u_mlp/g348009/Z                            -       B1->Z  R     ora21d4      273 1070.4  2850  1463    7503    (-,-) 
  u_mlp/g347662/ZN                           -       I->ZN  F     inv0da       241  751.8   940   615    8117    (-,-) 
  u_mlp/hi_fo_buf350474/ZN                   -       I->ZN  R     inv0d2       128  486.4  2864  1498    9615    (-,-) 
  u_mlp/g338568/ZN                           -       A1->ZN F     oaim22d1       1    2.0   388   101    9716    (-,-) 
  u_mlp/h3_reg[30][11]/D                     -       -      F     dfcrq1         1      -     -     0    9716    (-,-) 
#----------------------------------------------------------------------------------------------------------------------



Path 16: MET (29 ps) Setup Check with Pin u_mlp/h3_reg[10][11]/CP->D
          Group: aquila_clk
     Startpoint: (R) u_mlp/accumulator_reg[16]/CP
          Clock: (R) aquila_clk
       Endpoint: (F) u_mlp/h3_reg[10][11]/D
          Clock: (R) aquila_clk

                     Capture       Launch     
        Clock Edge:+   10000            0     
       Src Latency:+       0            0     
       Net Latency:+       0 (I)        0 (I) 
           Arrival:=   10000            0     
                                              
             Setup:-     255                  
     Required Time:=    9745                  
      Launch Clock:-       0                  
         Data Path:-    9716                  
             Slack:=      29                  

#----------------------------------------------------------------------------------------------------------------------
#               Timing Point                 Flags    Arc   Edge   Cell     Fanout  Load  Trans Delay Arrival Instance 
#                                                                                   (fF)   (ps)  (ps)   (ps)  Location 
#----------------------------------------------------------------------------------------------------------------------
  u_mlp/accumulator_reg[16]/CP               -       -      R     (arrival)  11502      -     0     0       0    (-,-) 
  u_mlp/accumulator_reg[16]/Q                -       CP->Q  R     dfcrb1         3   19.3   313   632     632    (-,-) 
  u_mlp/add_144_53_g1801/Z                   -       A1->Z  R     an02d1         4   13.7   220   234     866    (-,-) 
  u_mlp/g351647/ZN                           -       B1->ZN R     oaim21d1       4   15.0   346   281    1147    (-,-) 
  u_mlp/add_144_53_g1685/ZN                  -       A2->ZN F     nd12d1         1    4.0   128    97    1243    (-,-) 
  u_mlp/g351661/ZN                           -       C2->ZN R     aon211d1       5   18.5   655   397    1640    (-,-) 
  u_mlp/g351645/ZN                           -       C1->ZN R     oaim311d1      4   16.7   423   432    2072    (-,-) 
  u_mlp/add_144_53_g1662/ZN                  -       A3->ZN F     nd03d2         3   12.2   206   149    2221    (-,-) 
  u_mlp/add_144_53_g1656/ZN                  -       A2->ZN R     nd12d1         4   14.8   241   156    2378    (-,-) 
  u_mlp/g351642/Z                            -       B2->Z  R     aor21d1        1    8.1   142   205    2582    (-,-) 
  u_mlp/add_144_53_g2/ZN                     -       A2->ZN R     xn02d7        21   76.7   128   512    3095    (-,-) 
  u_mlp/g200638/ZN                           -       I->ZN  F     inv0d1        13   48.7   284   164    3258    (-,-) 
  u_mlp/g200629__6783/Z                      -       A2->Z  F     aor22d1        4   15.5   157   302    3561    (-,-) 
  u_mlp/qaa_tanh_147_44:lte_52_28_g350582/ZN -       A1->ZN R     nr04d1         1    3.5   524   418    3979    (-,-) 
  u_mlp/qaa_tanh_147_44:lte_52_28_g351659/ZN -       A4->ZN F     nd04d1         2    7.6   273   210    4189    (-,-) 
  u_mlp/qaa_tanh_147_44:lte_50_23_g160/ZN    -       B3->ZN R     oai31d1        1    3.0   353   306    4494    (-,-) 
  u_mlp/g350573/Z                            -       A2->Z  R     an12d1         3    8.4   141   206    4700    (-,-) 
  u_mlp/g200602/ZN                           -       I->ZN  F     inv0d0         2    6.8   159   107    4807    (-,-) 
  u_mlp/g200595__2883/ZN                     -       A2->ZN R     nd02d1         3   11.1   235   157    4964    (-,-) 
  u_mlp/g200583__5115/ZN                     -       A2->ZN F     nd02d1         5   17.7   274   173    5137    (-,-) 
  u_mlp/SUB_UNS_OP2_g242/ZN                  -       I->ZN  R     inv0d1         5   15.9   241   181    5318    (-,-) 
  u_mlp/g350560/Z                            -       A1->Z  R     an02d1         3    9.5   170   200    5519    (-,-) 
  u_mlp/SUB_UNS_OP2_g224/ZN                  -       A2->ZN F     nd12d1         3    8.9   134   100    5619    (-,-) 
  u_mlp/SUB_UNS_OP2_g223/ZN                  -       I->ZN  R     inv0d0         2    5.1   338   201    5820    (-,-) 
  u_mlp/SUB_UNS_OP2_g222/ZN                  -       A->ZN  F     aoi21d1        1    1.3    92    47    5868    (-,-) 
  u_mlp/g349891/ZN                           -       I->ZN  R     inv0d0         1    4.3   295   172    6040    (-,-) 
  u_mlp/g348009/Z                            -       B1->Z  R     ora21d4      273 1070.4  2850  1463    7503    (-,-) 
  u_mlp/g347662/ZN                           -       I->ZN  F     inv0da       241  751.8   940   615    8117    (-,-) 
  u_mlp/hi_fo_buf350474/ZN                   -       I->ZN  R     inv0d2       128  486.4  2864  1498    9615    (-,-) 
  u_mlp/g338635/ZN                           -       A1->ZN F     oaim22d1       1    2.0   388   101    9716    (-,-) 
  u_mlp/h3_reg[10][11]/D                     -       -      F     dfcrq1         1      -     -     0    9716    (-,-) 
#----------------------------------------------------------------------------------------------------------------------



Path 17: MET (29 ps) Setup Check with Pin u_mlp/h3_reg[8][11]/CP->D
          Group: aquila_clk
     Startpoint: (R) u_mlp/accumulator_reg[16]/CP
          Clock: (R) aquila_clk
       Endpoint: (F) u_mlp/h3_reg[8][11]/D
          Clock: (R) aquila_clk

                     Capture       Launch     
        Clock Edge:+   10000            0     
       Src Latency:+       0            0     
       Net Latency:+       0 (I)        0 (I) 
           Arrival:=   10000            0     
                                              
             Setup:-     255                  
     Required Time:=    9745                  
      Launch Clock:-       0                  
         Data Path:-    9716                  
             Slack:=      29                  

#----------------------------------------------------------------------------------------------------------------------
#               Timing Point                 Flags    Arc   Edge   Cell     Fanout  Load  Trans Delay Arrival Instance 
#                                                                                   (fF)   (ps)  (ps)   (ps)  Location 
#----------------------------------------------------------------------------------------------------------------------
  u_mlp/accumulator_reg[16]/CP               -       -      R     (arrival)  11502      -     0     0       0    (-,-) 
  u_mlp/accumulator_reg[16]/Q                -       CP->Q  R     dfcrb1         3   19.3   313   632     632    (-,-) 
  u_mlp/add_144_53_g1801/Z                   -       A1->Z  R     an02d1         4   13.7   220   234     866    (-,-) 
  u_mlp/g351647/ZN                           -       B1->ZN R     oaim21d1       4   15.0   346   281    1147    (-,-) 
  u_mlp/add_144_53_g1685/ZN                  -       A2->ZN F     nd12d1         1    4.0   128    97    1243    (-,-) 
  u_mlp/g351661/ZN                           -       C2->ZN R     aon211d1       5   18.5   655   397    1640    (-,-) 
  u_mlp/g351645/ZN                           -       C1->ZN R     oaim311d1      4   16.7   423   432    2072    (-,-) 
  u_mlp/add_144_53_g1662/ZN                  -       A3->ZN F     nd03d2         3   12.2   206   149    2221    (-,-) 
  u_mlp/add_144_53_g1656/ZN                  -       A2->ZN R     nd12d1         4   14.8   241   156    2378    (-,-) 
  u_mlp/g351642/Z                            -       B2->Z  R     aor21d1        1    8.1   142   205    2582    (-,-) 
  u_mlp/add_144_53_g2/ZN                     -       A2->ZN R     xn02d7        21   76.7   128   512    3095    (-,-) 
  u_mlp/g200638/ZN                           -       I->ZN  F     inv0d1        13   48.7   284   164    3258    (-,-) 
  u_mlp/g200629__6783/Z                      -       A2->Z  F     aor22d1        4   15.5   157   302    3561    (-,-) 
  u_mlp/qaa_tanh_147_44:lte_52_28_g350582/ZN -       A1->ZN R     nr04d1         1    3.5   524   418    3979    (-,-) 
  u_mlp/qaa_tanh_147_44:lte_52_28_g351659/ZN -       A4->ZN F     nd04d1         2    7.6   273   210    4189    (-,-) 
  u_mlp/qaa_tanh_147_44:lte_50_23_g160/ZN    -       B3->ZN R     oai31d1        1    3.0   353   306    4494    (-,-) 
  u_mlp/g350573/Z                            -       A2->Z  R     an12d1         3    8.4   141   206    4700    (-,-) 
  u_mlp/g200602/ZN                           -       I->ZN  F     inv0d0         2    6.8   159   107    4807    (-,-) 
  u_mlp/g200595__2883/ZN                     -       A2->ZN R     nd02d1         3   11.1   235   157    4964    (-,-) 
  u_mlp/g200583__5115/ZN                     -       A2->ZN F     nd02d1         5   17.7   274   173    5137    (-,-) 
  u_mlp/SUB_UNS_OP2_g242/ZN                  -       I->ZN  R     inv0d1         5   15.9   241   181    5318    (-,-) 
  u_mlp/g350560/Z                            -       A1->Z  R     an02d1         3    9.5   170   200    5519    (-,-) 
  u_mlp/SUB_UNS_OP2_g224/ZN                  -       A2->ZN F     nd12d1         3    8.9   134   100    5619    (-,-) 
  u_mlp/SUB_UNS_OP2_g223/ZN                  -       I->ZN  R     inv0d0         2    5.1   338   201    5820    (-,-) 
  u_mlp/SUB_UNS_OP2_g222/ZN                  -       A->ZN  F     aoi21d1        1    1.3    92    47    5868    (-,-) 
  u_mlp/g349891/ZN                           -       I->ZN  R     inv0d0         1    4.3   295   172    6040    (-,-) 
  u_mlp/g348009/Z                            -       B1->Z  R     ora21d4      273 1070.4  2850  1463    7503    (-,-) 
  u_mlp/g347662/ZN                           -       I->ZN  F     inv0da       241  751.8   940   615    8117    (-,-) 
  u_mlp/hi_fo_buf350474/ZN                   -       I->ZN  R     inv0d2       128  486.4  2864  1498    9615    (-,-) 
  u_mlp/g337296/ZN                           -       A1->ZN F     oaim22d1       1    2.0   388   101    9716    (-,-) 
  u_mlp/h3_reg[8][11]/D                      -       -      F     dfcrq1         1      -     -     0    9716    (-,-) 
#----------------------------------------------------------------------------------------------------------------------



Path 18: MET (29 ps) Setup Check with Pin u_mlp/h2_reg[382][11]/CP->D
          Group: aquila_clk
     Startpoint: (R) u_mlp/accumulator_reg[16]/CP
          Clock: (R) aquila_clk
       Endpoint: (F) u_mlp/h2_reg[382][11]/D
          Clock: (R) aquila_clk

                     Capture       Launch     
        Clock Edge:+   10000            0     
       Src Latency:+       0            0     
       Net Latency:+       0 (I)        0 (I) 
           Arrival:=   10000            0     
                                              
             Setup:-     255                  
     Required Time:=    9745                  
      Launch Clock:-       0                  
         Data Path:-    9716                  
             Slack:=      29                  

#----------------------------------------------------------------------------------------------------------------------
#               Timing Point                 Flags    Arc   Edge   Cell     Fanout  Load  Trans Delay Arrival Instance 
#                                                                                   (fF)   (ps)  (ps)   (ps)  Location 
#----------------------------------------------------------------------------------------------------------------------
  u_mlp/accumulator_reg[16]/CP               -       -      R     (arrival)  11502      -     0     0       0    (-,-) 
  u_mlp/accumulator_reg[16]/Q                -       CP->Q  R     dfcrb1         3   19.3   313   632     632    (-,-) 
  u_mlp/add_144_53_g1801/Z                   -       A1->Z  R     an02d1         4   13.7   220   234     866    (-,-) 
  u_mlp/g351647/ZN                           -       B1->ZN R     oaim21d1       4   15.0   346   281    1147    (-,-) 
  u_mlp/add_144_53_g1685/ZN                  -       A2->ZN F     nd12d1         1    4.0   128    97    1243    (-,-) 
  u_mlp/g351661/ZN                           -       C2->ZN R     aon211d1       5   18.5   655   397    1640    (-,-) 
  u_mlp/g351645/ZN                           -       C1->ZN R     oaim311d1      4   16.7   423   432    2072    (-,-) 
  u_mlp/add_144_53_g1662/ZN                  -       A3->ZN F     nd03d2         3   12.2   206   149    2221    (-,-) 
  u_mlp/add_144_53_g1656/ZN                  -       A2->ZN R     nd12d1         4   14.8   241   156    2378    (-,-) 
  u_mlp/g351642/Z                            -       B2->Z  R     aor21d1        1    8.1   142   205    2582    (-,-) 
  u_mlp/add_144_53_g2/ZN                     -       A2->ZN R     xn02d7        21   76.7   128   512    3095    (-,-) 
  u_mlp/g200638/ZN                           -       I->ZN  F     inv0d1        13   48.7   284   164    3258    (-,-) 
  u_mlp/g200629__6783/Z                      -       A2->Z  F     aor22d1        4   15.5   157   302    3561    (-,-) 
  u_mlp/qaa_tanh_147_44:lte_52_28_g350582/ZN -       A1->ZN R     nr04d1         1    3.5   524   418    3979    (-,-) 
  u_mlp/qaa_tanh_147_44:lte_52_28_g351659/ZN -       A4->ZN F     nd04d1         2    7.6   273   210    4189    (-,-) 
  u_mlp/qaa_tanh_147_44:lte_50_23_g160/ZN    -       B3->ZN R     oai31d1        1    3.0   353   306    4494    (-,-) 
  u_mlp/g350573/Z                            -       A2->Z  R     an12d1         3    8.4   141   206    4700    (-,-) 
  u_mlp/g200602/ZN                           -       I->ZN  F     inv0d0         2    6.8   159   107    4807    (-,-) 
  u_mlp/g200595__2883/ZN                     -       A2->ZN R     nd02d1         3   11.1   235   157    4964    (-,-) 
  u_mlp/g200583__5115/ZN                     -       A2->ZN F     nd02d1         5   17.7   274   173    5137    (-,-) 
  u_mlp/SUB_UNS_OP2_g242/ZN                  -       I->ZN  R     inv0d1         5   15.9   241   181    5318    (-,-) 
  u_mlp/g350560/Z                            -       A1->Z  R     an02d1         3    9.5   170   200    5519    (-,-) 
  u_mlp/SUB_UNS_OP2_g224/ZN                  -       A2->ZN F     nd12d1         3    8.9   134   100    5619    (-,-) 
  u_mlp/SUB_UNS_OP2_g223/ZN                  -       I->ZN  R     inv0d0         2    5.1   338   201    5820    (-,-) 
  u_mlp/SUB_UNS_OP2_g222/ZN                  -       A->ZN  F     aoi21d1        1    1.3    92    47    5868    (-,-) 
  u_mlp/g349891/ZN                           -       I->ZN  R     inv0d0         1    4.3   295   172    6040    (-,-) 
  u_mlp/g348009/Z                            -       B1->Z  R     ora21d4      273 1070.4  2850  1463    7503    (-,-) 
  u_mlp/g347662/ZN                           -       I->ZN  F     inv0da       241  751.8   940   615    8117    (-,-) 
  u_mlp/hi_fo_buf350474/ZN                   -       I->ZN  R     inv0d2       128  486.4  2864  1498    9615    (-,-) 
  u_mlp/g332867/ZN                           -       A1->ZN F     oaim22d1       1    2.0   388   101    9716    (-,-) 
  u_mlp/h2_reg[382][11]/D                    -       -      F     dfcrq1         1      -     -     0    9716    (-,-) 
#----------------------------------------------------------------------------------------------------------------------



Path 19: MET (29 ps) Setup Check with Pin u_mlp/h2_reg[377][11]/CP->D
          Group: aquila_clk
     Startpoint: (R) u_mlp/accumulator_reg[16]/CP
          Clock: (R) aquila_clk
       Endpoint: (F) u_mlp/h2_reg[377][11]/D
          Clock: (R) aquila_clk

                     Capture       Launch     
        Clock Edge:+   10000            0     
       Src Latency:+       0            0     
       Net Latency:+       0 (I)        0 (I) 
           Arrival:=   10000            0     
                                              
             Setup:-     255                  
     Required Time:=    9745                  
      Launch Clock:-       0                  
         Data Path:-    9716                  
             Slack:=      29                  

#----------------------------------------------------------------------------------------------------------------------
#               Timing Point                 Flags    Arc   Edge   Cell     Fanout  Load  Trans Delay Arrival Instance 
#                                                                                   (fF)   (ps)  (ps)   (ps)  Location 
#----------------------------------------------------------------------------------------------------------------------
  u_mlp/accumulator_reg[16]/CP               -       -      R     (arrival)  11502      -     0     0       0    (-,-) 
  u_mlp/accumulator_reg[16]/Q                -       CP->Q  R     dfcrb1         3   19.3   313   632     632    (-,-) 
  u_mlp/add_144_53_g1801/Z                   -       A1->Z  R     an02d1         4   13.7   220   234     866    (-,-) 
  u_mlp/g351647/ZN                           -       B1->ZN R     oaim21d1       4   15.0   346   281    1147    (-,-) 
  u_mlp/add_144_53_g1685/ZN                  -       A2->ZN F     nd12d1         1    4.0   128    97    1243    (-,-) 
  u_mlp/g351661/ZN                           -       C2->ZN R     aon211d1       5   18.5   655   397    1640    (-,-) 
  u_mlp/g351645/ZN                           -       C1->ZN R     oaim311d1      4   16.7   423   432    2072    (-,-) 
  u_mlp/add_144_53_g1662/ZN                  -       A3->ZN F     nd03d2         3   12.2   206   149    2221    (-,-) 
  u_mlp/add_144_53_g1656/ZN                  -       A2->ZN R     nd12d1         4   14.8   241   156    2378    (-,-) 
  u_mlp/g351642/Z                            -       B2->Z  R     aor21d1        1    8.1   142   205    2582    (-,-) 
  u_mlp/add_144_53_g2/ZN                     -       A2->ZN R     xn02d7        21   76.7   128   512    3095    (-,-) 
  u_mlp/g200638/ZN                           -       I->ZN  F     inv0d1        13   48.7   284   164    3258    (-,-) 
  u_mlp/g200629__6783/Z                      -       A2->Z  F     aor22d1        4   15.5   157   302    3561    (-,-) 
  u_mlp/qaa_tanh_147_44:lte_52_28_g350582/ZN -       A1->ZN R     nr04d1         1    3.5   524   418    3979    (-,-) 
  u_mlp/qaa_tanh_147_44:lte_52_28_g351659/ZN -       A4->ZN F     nd04d1         2    7.6   273   210    4189    (-,-) 
  u_mlp/qaa_tanh_147_44:lte_50_23_g160/ZN    -       B3->ZN R     oai31d1        1    3.0   353   306    4494    (-,-) 
  u_mlp/g350573/Z                            -       A2->Z  R     an12d1         3    8.4   141   206    4700    (-,-) 
  u_mlp/g200602/ZN                           -       I->ZN  F     inv0d0         2    6.8   159   107    4807    (-,-) 
  u_mlp/g200595__2883/ZN                     -       A2->ZN R     nd02d1         3   11.1   235   157    4964    (-,-) 
  u_mlp/g200583__5115/ZN                     -       A2->ZN F     nd02d1         5   17.7   274   173    5137    (-,-) 
  u_mlp/SUB_UNS_OP2_g242/ZN                  -       I->ZN  R     inv0d1         5   15.9   241   181    5318    (-,-) 
  u_mlp/g350560/Z                            -       A1->Z  R     an02d1         3    9.5   170   200    5519    (-,-) 
  u_mlp/SUB_UNS_OP2_g224/ZN                  -       A2->ZN F     nd12d1         3    8.9   134   100    5619    (-,-) 
  u_mlp/SUB_UNS_OP2_g223/ZN                  -       I->ZN  R     inv0d0         2    5.1   338   201    5820    (-,-) 
  u_mlp/SUB_UNS_OP2_g222/ZN                  -       A->ZN  F     aoi21d1        1    1.3    92    47    5868    (-,-) 
  u_mlp/g349891/ZN                           -       I->ZN  R     inv0d0         1    4.3   295   172    6040    (-,-) 
  u_mlp/g348009/Z                            -       B1->Z  R     ora21d4      273 1070.4  2850  1463    7503    (-,-) 
  u_mlp/g347662/ZN                           -       I->ZN  F     inv0da       241  751.8   940   615    8117    (-,-) 
  u_mlp/hi_fo_buf350474/ZN                   -       I->ZN  R     inv0d2       128  486.4  2864  1498    9615    (-,-) 
  u_mlp/g332815/ZN                           -       A1->ZN F     oaim22d1       1    2.0   388   101    9716    (-,-) 
  u_mlp/h2_reg[377][11]/D                    -       -      F     dfcrq1         1      -     -     0    9716    (-,-) 
#----------------------------------------------------------------------------------------------------------------------



Path 20: MET (29 ps) Setup Check with Pin u_mlp/h2_reg[373][11]/CP->D
          Group: aquila_clk
     Startpoint: (R) u_mlp/accumulator_reg[16]/CP
          Clock: (R) aquila_clk
       Endpoint: (F) u_mlp/h2_reg[373][11]/D
          Clock: (R) aquila_clk

                     Capture       Launch     
        Clock Edge:+   10000            0     
       Src Latency:+       0            0     
       Net Latency:+       0 (I)        0 (I) 
           Arrival:=   10000            0     
                                              
             Setup:-     255                  
     Required Time:=    9745                  
      Launch Clock:-       0                  
         Data Path:-    9716                  
             Slack:=      29                  

#----------------------------------------------------------------------------------------------------------------------
#               Timing Point                 Flags    Arc   Edge   Cell     Fanout  Load  Trans Delay Arrival Instance 
#                                                                                   (fF)   (ps)  (ps)   (ps)  Location 
#----------------------------------------------------------------------------------------------------------------------
  u_mlp/accumulator_reg[16]/CP               -       -      R     (arrival)  11502      -     0     0       0    (-,-) 
  u_mlp/accumulator_reg[16]/Q                -       CP->Q  R     dfcrb1         3   19.3   313   632     632    (-,-) 
  u_mlp/add_144_53_g1801/Z                   -       A1->Z  R     an02d1         4   13.7   220   234     866    (-,-) 
  u_mlp/g351647/ZN                           -       B1->ZN R     oaim21d1       4   15.0   346   281    1147    (-,-) 
  u_mlp/add_144_53_g1685/ZN                  -       A2->ZN F     nd12d1         1    4.0   128    97    1243    (-,-) 
  u_mlp/g351661/ZN                           -       C2->ZN R     aon211d1       5   18.5   655   397    1640    (-,-) 
  u_mlp/g351645/ZN                           -       C1->ZN R     oaim311d1      4   16.7   423   432    2072    (-,-) 
  u_mlp/add_144_53_g1662/ZN                  -       A3->ZN F     nd03d2         3   12.2   206   149    2221    (-,-) 
  u_mlp/add_144_53_g1656/ZN                  -       A2->ZN R     nd12d1         4   14.8   241   156    2378    (-,-) 
  u_mlp/g351642/Z                            -       B2->Z  R     aor21d1        1    8.1   142   205    2582    (-,-) 
  u_mlp/add_144_53_g2/ZN                     -       A2->ZN R     xn02d7        21   76.7   128   512    3095    (-,-) 
  u_mlp/g200638/ZN                           -       I->ZN  F     inv0d1        13   48.7   284   164    3258    (-,-) 
  u_mlp/g200629__6783/Z                      -       A2->Z  F     aor22d1        4   15.5   157   302    3561    (-,-) 
  u_mlp/qaa_tanh_147_44:lte_52_28_g350582/ZN -       A1->ZN R     nr04d1         1    3.5   524   418    3979    (-,-) 
  u_mlp/qaa_tanh_147_44:lte_52_28_g351659/ZN -       A4->ZN F     nd04d1         2    7.6   273   210    4189    (-,-) 
  u_mlp/qaa_tanh_147_44:lte_50_23_g160/ZN    -       B3->ZN R     oai31d1        1    3.0   353   306    4494    (-,-) 
  u_mlp/g350573/Z                            -       A2->Z  R     an12d1         3    8.4   141   206    4700    (-,-) 
  u_mlp/g200602/ZN                           -       I->ZN  F     inv0d0         2    6.8   159   107    4807    (-,-) 
  u_mlp/g200595__2883/ZN                     -       A2->ZN R     nd02d1         3   11.1   235   157    4964    (-,-) 
  u_mlp/g200583__5115/ZN                     -       A2->ZN F     nd02d1         5   17.7   274   173    5137    (-,-) 
  u_mlp/SUB_UNS_OP2_g242/ZN                  -       I->ZN  R     inv0d1         5   15.9   241   181    5318    (-,-) 
  u_mlp/g350560/Z                            -       A1->Z  R     an02d1         3    9.5   170   200    5519    (-,-) 
  u_mlp/SUB_UNS_OP2_g224/ZN                  -       A2->ZN F     nd12d1         3    8.9   134   100    5619    (-,-) 
  u_mlp/SUB_UNS_OP2_g223/ZN                  -       I->ZN  R     inv0d0         2    5.1   338   201    5820    (-,-) 
  u_mlp/SUB_UNS_OP2_g222/ZN                  -       A->ZN  F     aoi21d1        1    1.3    92    47    5868    (-,-) 
  u_mlp/g349891/ZN                           -       I->ZN  R     inv0d0         1    4.3   295   172    6040    (-,-) 
  u_mlp/g348009/Z                            -       B1->Z  R     ora21d4      273 1070.4  2850  1463    7503    (-,-) 
  u_mlp/g347662/ZN                           -       I->ZN  F     inv0da       241  751.8   940   615    8117    (-,-) 
  u_mlp/hi_fo_buf350474/ZN                   -       I->ZN  R     inv0d2       128  486.4  2864  1498    9615    (-,-) 
  u_mlp/g332774/ZN                           -       A1->ZN F     oaim22d1       1    2.0   388   101    9716    (-,-) 
  u_mlp/h2_reg[373][11]/D                    -       -      F     dfcrq1         1      -     -     0    9716    (-,-) 
#----------------------------------------------------------------------------------------------------------------------

