============================================================
  Generated by:           Genus(TM) Synthesis Solution 21.14-s082_1
  Generated on:           Sep 04 2026  04:35:31 pm
  Module:                 aquila_scl180_top
  Operating conditions:   _nominal_ (balanced_tree)
  Wireload mode:          enclosed
  Area mode:              timing library
============================================================


Path 1: VIOLATED (-6997 ps) Setup Check with Pin u_core/u_rls/nr_x1_reg[15]/clk->d
          Group: aquila_clk
     Startpoint: (R) u_core/u_rls/xTx_acc_reg[30]/clk
          Clock: (R) aquila_clk
       Endpoint: (R) u_core/u_rls/nr_x1_reg[15]/d
          Clock: (R) aquila_clk

                     Capture       Launch     
        Clock Edge:+   10000            0     
       Src Latency:+       0            0     
       Net Latency:+       0 (I)        0 (I) 
           Arrival:=   10000            0     
                                              
             Setup:-     302                  
     Required Time:=    9698                  
      Launch Clock:-       0                  
         Data Path:-   16695                  
             Slack:=   -6997                  

#---------------------------------------------------------------------------------------------------------------------------------------------
#                       Timing Point                         Flags     Arc    Edge      Cell        Fanout  Load Trans Delay Arrival Instance 
#                                                                                                           (fF)  (ps)  (ps)   (ps)  Location 
#---------------------------------------------------------------------------------------------------------------------------------------------
  u_core/u_rls/xTx_acc_reg[30]/clk                           -       -        R     (arrival)        22387     -     0     0       0    (-,-) 
  u_core/u_rls/xTx_acc_reg[30]/q                             (u)     clk->q   R     unmapped_d_flop    378 110.0     0   921     921    (-,-) 
  u_core/u_rls/mul_261_56/g1306/z                            (u)     in_1->z  F     unmapped_xor2       32 163.2     0   396    1317    (-,-) 
  u_core/u_rls/mul_261_56/g1308/z                            (u)     in_0->z  R     unmapped_not         1   5.5     0    45    1362    (-,-) 
  u_core/u_rls/mul_261_56/g1309/z                            (u)     in_0->z  R     unmapped_and2       32 176.0     0   287    1649    (-,-) 
  u_core/u_rls/mul_261_56/g1376/z                            (u)     in_1->z  F     unmapped_nand2       1   5.1     0    88    1737    (-,-) 
  u_core/u_rls/mul_261_56/g1377/z                            (u)     in_1->z  R     unmapped_nand2       3  16.5     0   125    1862    (-,-) 
  u_core/u_rls/mul_261_56/g4174/z                            (u)     in_0->z  R     unmapped_xor2        1   5.5     0   197    2059    (-,-) 
  u_core/u_rls/mul_261_56/g4175/z                            (u)     in_0->z  R     unmapped_xor2        3  16.5     0   235    2294    (-,-) 
  u_core/u_rls/mul_261_56/g4210/z                            (u)     in_1->z  R     unmapped_xor2        1   5.5     0   197    2491    (-,-) 
  u_core/u_rls/mul_261_56/g4211/z                            (u)     in_0->z  R     unmapped_xor2        3  16.5     0   235    2726    (-,-) 
  u_core/u_rls/mul_261_56/g4228/z                            (u)     in_1->z  R     unmapped_xor2        1   5.5     0   197    2923    (-,-) 
  u_core/u_rls/mul_261_56/g4229/z                            (u)     in_0->z  R     unmapped_xor2        3  16.5     0   235    3157    (-,-) 
  u_core/u_rls/mul_261_56/g4240/z                            (u)     in_0->z  R     unmapped_xor2        1   5.5     0   197    3354    (-,-) 
  u_core/u_rls/mul_261_56/g4241/z                            (u)     in_0->z  R     unmapped_xor2        3  16.5     0   235    3589    (-,-) 
  u_core/u_rls/mul_261_56/g4246/z                            (u)     in_1->z  R     unmapped_xor2        1   5.5     0   197    3786    (-,-) 
  u_core/u_rls/mul_261_56/g4247/z                            (u)     in_0->z  R     unmapped_xor2        2  11.0     0   218    4004    (-,-) 
  u_core/u_rls/mul_261_56/g5534/z                            (u)     in_1->z  F     unmapped_nor2        3  15.3     0   125    4129    (-,-) 
  u_core/u_rls/mul_261_56/g5650/z                            (u)     in_1->z  R     unmapped_nor2        1   5.5     0    88    4217    (-,-) 
  u_core/u_rls/mul_261_56/g5652/z                            (u)     in_0->z  F     unmapped_nor2        3  15.3     0   125    4342    (-,-) 
  u_core/u_rls/mul_261_56/g5785/z                            (u)     in_0->z  R     unmapped_nor2        1   5.5     0    88    4430    (-,-) 
  u_core/u_rls/mul_261_56/g5787/z                            (u)     in_0->z  F     unmapped_nor2        5  25.5     0   157    4587    (-,-) 
  u_core/u_rls/mul_261_56/g5923/z                            (u)     in_1->z  R     unmapped_nor2        1   5.5     0    88    4675    (-,-) 
  u_core/u_rls/mul_261_56/g5925/z                            (u)     in_0->z  F     unmapped_nor2        9  45.9     0   193    4869    (-,-) 
  u_core/u_rls/mul_261_56/g6033/z                            (u)     in_0->z  R     unmapped_nor2        1   5.5     0    88    4957    (-,-) 
  u_core/u_rls/mul_261_56/g6035/z                            (u)     in_0->z  F     unmapped_nor2        1   5.1     0    88    5044    (-,-) 
  u_core/u_rls/mul_261_56/g6228/z                            (u)     in_0->z  R     unmapped_nand2       1   5.5     0    88    5132    (-,-) 
  u_core/u_rls/mul_261_56/g6377/z                            (u)     in_0->z  R     unmapped_xnor2       2  11.0     0   218    5350    (-,-) 
  u_core/u_rls/add_264_40/g58/z                              (u)     in_1->z  F     unmapped_nor2        3  15.3     0   125    5475    (-,-) 
  u_core/u_rls/add_264_40/g122/z                             (u)     in_1->z  R     unmapped_nor2        2  11.0     0   108    5584    (-,-) 
  u_core/u_rls/add_264_40/g195/z                             (u)     in_1->z  F     unmapped_nand2       5  25.5     0   157    5741    (-,-) 
  u_core/u_rls/add_264_40/g263/z                             (u)     in_0->z  R     unmapped_nor2        2  11.0     0   108    5849    (-,-) 
  u_core/u_rls/add_264_40/g321/z                             (u)     in_1->z  F     unmapped_nand2       1   5.1     0    88    5937    (-,-) 
  u_core/u_rls/add_264_40/g364/z                             (u)     in_0->z  R     unmapped_not         1   5.5     0    45    5982    (-,-) 
  u_core/u_rls/add_264_40/g365/z                             (u)     in_1->z  F     unmapped_nand2       1   5.1     0    88    6070    (-,-) 
  u_core/u_rls/add_264_40/g366/z                             (u)     in_1->z  R     unmapped_nand2       1   5.5     0    88    6158    (-,-) 
  u_core/u_rls/add_264_40/g449/z                             (u)     in_0->z  R     unmapped_xnor2       2  11.0     0   218    6376    (-,-) 
  u_core/u_rls/eq_266_45/g2/z                                (u)     in_0->z  R     unmapped_xnor2       1   5.5     0   197    6573    (-,-) 
  u_core/u_rls/eq_266_45/g33/z                               (u)     in_1->z  F     unmapped_nand4       1   5.1     0   216    6789    (-,-) 
  u_core/u_rls/eq_266_45/g41/z                               (u)     in_0->z  R     unmapped_nor4        1   5.5     0   216    7006    (-,-) 
  u_core/u_rls/eq_266_45/g43/z                               (u)     in_1->z  F     unmapped_nand2       1   5.1     0    88    7094    (-,-) 
  u_core/u_rls/eq_266_45/g44/z                               (u)     in_0->z  R     unmapped_not         1   5.5     0    45    7139    (-,-) 
  u_core/u_rls/g612/z                                        (u)     in_1->z  R     unmapped_or2        16  88.0     0   239    7378    (-,-) 
  u_core/u_rls/mux_STAGE1_NR1.NR_STAGE1.d_norm_266_35/g2/z   (u)     sel0->z  F     unmapped_bmux3      18  91.8     0   354    7732    (-,-) 
  u_core/u_rls/ctl_addr_75_15/g97/z                          (u)     in_0->z  R     unmapped_not         8  44.0     0   144    7877    (-,-) 
  u_core/u_rls/ctl_addr_75_15/g43/z                          (u)     in_0->z  F     unmapped_nand4       2  10.2     0   237    8114    (-,-) 
  u_core/u_rls/ctl_addr_75_15/g48/z                          (u)     in_0->z  R     unmapped_nor2        5  27.5     0   157    8271    (-,-) 
  u_core/u_rls/nr_lut_read_275_26:mux_nr_lut_read_75_15/g1/z (u)     sel15->z R     unmapped_mux64      31 170.5     0   780    9051    (-,-) 
  u_core/u_rls/mul_278_51/g596/z                             (u)     in_1->z  F     unmapped_xor2       17  86.7     0   351    9402    (-,-) 
  u_core/u_rls/mul_278_51/g598/z                             (u)     in_0->z  R     unmapped_not         1   5.5     0    45    9448    (-,-) 
  u_core/u_rls/mul_278_51/g599/z                             (u)     in_0->z  R     unmapped_and2       17  93.5     0   242    9690    (-,-) 
  u_core/u_rls/mul_278_51/g614/z                             (u)     in_1->z  F     unmapped_nand2       1   5.1     0    88    9778    (-,-) 
  u_core/u_rls/mul_278_51/g615/z                             (u)     in_1->z  R     unmapped_nand2       3  16.5     0   125    9903    (-,-) 
  u_core/u_rls/mul_278_51/g1064/z                            (u)     in_1->z  F     unmapped_nand2       1   5.1     0    88    9991    (-,-) 
  u_core/u_rls/mul_278_51/g1066/z                            (u)     in_1->z  R     unmapped_nand3       3  16.5     0   163   10154    (-,-) 
  u_core/u_rls/mul_278_51/g1115/z                            (u)     in_1->z  R     unmapped_xor2        1   5.5     0   197   10351    (-,-) 
  u_core/u_rls/mul_278_51/g1116/z                            (u)     in_0->z  R     unmapped_xor2        3  16.5     0   235   10586    (-,-) 
  u_core/u_rls/mul_278_51/g1127/z                            (u)     in_1->z  R     unmapped_xor2        1   5.5     0   197   10783    (-,-) 
  u_core/u_rls/mul_278_51/g1128/z                            (u)     in_0->z  R     unmapped_xor2        3  16.5     0   235   11017    (-,-) 
  u_core/u_rls/mul_278_51/g1134/z                            (u)     in_1->z  R     unmapped_xor2        2  11.0     0   218   11235    (-,-) 
  u_core/u_rls/mul_278_51/g1445/z                            (u)     in_1->z  F     unmapped_nor2        3  15.3     0   125   11360    (-,-) 
  u_core/u_rls/mul_278_51/g1498/z                            (u)     in_1->z  R     unmapped_nor2        1   5.5     0    88   11448    (-,-) 
  u_core/u_rls/mul_278_51/g1500/z                            (u)     in_0->z  F     unmapped_nor2        3  15.3     0   125   11574    (-,-) 
  u_core/u_rls/mul_278_51/g1564/z                            (u)     in_0->z  R     unmapped_nor2        1   5.5     0    88   11661    (-,-) 
  u_core/u_rls/mul_278_51/g1566/z                            (u)     in_0->z  F     unmapped_nor2        5  25.5     0   157   11818    (-,-) 
  u_core/u_rls/mul_278_51/g1629/z                            (u)     in_1->z  R     unmapped_nor2        1   5.5     0    88   11906    (-,-) 
  u_core/u_rls/mul_278_51/g252/z                             (u)     in_0->z  F     unmapped_nor2        8  40.8     0   187   12093    (-,-) 
  u_core/u_rls/mul_278_51/g1676/z                            (u)     in_1->z  R     unmapped_nor2        1   5.5     0    88   12181    (-,-) 
  u_core/u_rls/mul_278_51/g1678/z                            (u)     in_0->z  F     unmapped_nor2        1   5.1     0    88   12269    (-,-) 
  u_core/u_rls/mul_278_51/g1720/z                            (u)     in_0->z  R     unmapped_nand2       1   5.5     0    88   12357    (-,-) 
  u_core/u_rls/mul_278_51/g1794/z                            (u)     in_0->z  F     unmapped_xnor2       1   5.1     0   197   12554    (-,-) 
  u_core/u_rls/sub_280_42/g15/z                              (u)     in_0->z  R     unmapped_not         2  11.0     0    66   12620    (-,-) 
  u_core/u_rls/sub_280_42/g45/z                              (u)     in_1->z  F     unmapped_nand2       2  10.2     0   108   12728    (-,-) 
  u_core/u_rls/sub_280_42/g194/z                             (u)     in_1->z  R     unmapped_nand2       1   5.5     0    88   12816    (-,-) 
  u_core/u_rls/sub_280_42/g195/z                             (u)     in_1->z  R     unmapped_xnor2      22 121.0     0   366   13182    (-,-) 
  u_core/u_rls/mul_281_46/g568/z                             (u)     in_1->z  F     unmapped_xor2       16  81.6     0   348   13530    (-,-) 
  u_core/u_rls/mul_281_46/g570/z                             (u)     in_0->z  R     unmapped_not         1   5.5     0    45   13576    (-,-) 
  u_core/u_rls/mul_281_46/g571/z                             (u)     in_0->z  R     unmapped_and2       16  88.0     0   239   13815    (-,-) 
  u_core/u_rls/mul_281_46/g582/z                             (u)     in_1->z  F     unmapped_nand2       1   5.1     0    88   13903    (-,-) 
  u_core/u_rls/mul_281_46/g583/z                             (u)     in_1->z  R     unmapped_nand2       3  16.5     0   125   14028    (-,-) 
  u_core/u_rls/mul_281_46/g984/z                             (u)     in_1->z  R     unmapped_xor2        1   5.5     0   197   14225    (-,-) 
  u_core/u_rls/mul_281_46/g985/z                             (u)     in_0->z  R     unmapped_xor2        3  16.5     0   235   14460    (-,-) 
  u_core/u_rls/mul_281_46/g1006/z                            (u)     in_1->z  F     unmapped_nand2       1   5.1     0    88   14548    (-,-) 
  u_core/u_rls/mul_281_46/g1007/z                            (u)     in_2->z  R     unmapped_nand3       3  16.5     0   163   14710    (-,-) 
  u_core/u_rls/mul_281_46/g1054/z                            (u)     in_1->z  F     unmapped_nand2       1   5.1     0    88   14798    (-,-) 
  u_core/u_rls/mul_281_46/g1055/z                            (u)     in_2->z  R     unmapped_nand3       3  16.5     0   163   14961    (-,-) 
  u_core/u_rls/mul_281_46/g1094/z                            (u)     in_1->z  R     unmapped_xor2        1   5.5     0   197   15158    (-,-) 
  u_core/u_rls/mul_281_46/g1095/z                            (u)     in_0->z  R     unmapped_xor2        2  11.0     0   218   15376    (-,-) 
  u_core/u_rls/mul_281_46/g1366/z                            (u)     in_1->z  F     unmapped_nor2        3  15.3     0   125   15501    (-,-) 
  u_core/u_rls/mul_281_46/g1418/z                            (u)     in_1->z  R     unmapped_nor2        1   5.5     0    88   15589    (-,-) 
  u_core/u_rls/mul_281_46/g1420/z                            (u)     in_0->z  F     unmapped_nor2        3  15.3     0   125   15715    (-,-) 
  u_core/u_rls/mul_281_46/g1481/z                            (u)     in_0->z  R     unmapped_nor2        1   5.5     0    88   15802    (-,-) 
  u_core/u_rls/mul_281_46/g1483/z                            (u)     in_0->z  F     unmapped_nor2        5  25.5     0   157   15960    (-,-) 
  u_core/u_rls/mul_281_46/g1548/z                            (u)     in_1->z  R     unmapped_nor2        1   5.5     0    88   16048    (-,-) 
  u_core/u_rls/mul_281_46/g252/z                             (u)     in_0->z  F     unmapped_nor2        8  40.8     0   187   16234    (-,-) 
  u_core/u_rls/mul_281_46/g1602/z                            (u)     in_0->z  R     unmapped_nor2        1   5.5     0    88   16322    (-,-) 
  u_core/u_rls/mul_281_46/g1604/z                            (u)     in_0->z  F     unmapped_nor2        1   5.1     0    88   16410    (-,-) 
  u_core/u_rls/mul_281_46/g1643/z                            (u)     in_0->z  R     unmapped_nand2       1   5.5     0    88   16498    (-,-) 
  u_core/u_rls/mul_281_46/g1717/z                            (u)     in_0->z  R     unmapped_xnor2       1   5.5     0   197   16695    (-,-) 
  u_core/u_rls/nr_x1_reg[15]/d                               -       -        R     unmapped_d_flop      1     -     -     0   16695    (-,-) 
#---------------------------------------------------------------------------------------------------------------------------------------------

(u) : Net has unmapped pin(s).



Path 2: VIOLATED (-6997 ps) Setup Check with Pin u_core/u_rls/nr_x1_reg[14]/clk->d
          Group: aquila_clk
     Startpoint: (R) u_core/u_rls/xTx_acc_reg[30]/clk
          Clock: (R) aquila_clk
       Endpoint: (R) u_core/u_rls/nr_x1_reg[14]/d
          Clock: (R) aquila_clk

                     Capture       Launch     
        Clock Edge:+   10000            0     
       Src Latency:+       0            0     
       Net Latency:+       0 (I)        0 (I) 
           Arrival:=   10000            0     
                                              
             Setup:-     302                  
     Required Time:=    9698                  
      Launch Clock:-       0                  
         Data Path:-   16695                  
             Slack:=   -6997                  

#---------------------------------------------------------------------------------------------------------------------------------------------
#                       Timing Point                         Flags     Arc    Edge      Cell        Fanout  Load Trans Delay Arrival Instance 
#                                                                                                           (fF)  (ps)  (ps)   (ps)  Location 
#---------------------------------------------------------------------------------------------------------------------------------------------
  u_core/u_rls/xTx_acc_reg[30]/clk                           -       -        R     (arrival)        22387     -     0     0       0    (-,-) 
  u_core/u_rls/xTx_acc_reg[30]/q                             (u)     clk->q   R     unmapped_d_flop    378 110.0     0   921     921    (-,-) 
  u_core/u_rls/mul_261_56/g1306/z                            (u)     in_1->z  F     unmapped_xor2       32 163.2     0   396    1317    (-,-) 
  u_core/u_rls/mul_261_56/g1308/z                            (u)     in_0->z  R     unmapped_not         1   5.5     0    45    1362    (-,-) 
  u_core/u_rls/mul_261_56/g1309/z                            (u)     in_0->z  R     unmapped_and2       32 176.0     0   287    1649    (-,-) 
  u_core/u_rls/mul_261_56/g1376/z                            (u)     in_1->z  F     unmapped_nand2       1   5.1     0    88    1737    (-,-) 
  u_core/u_rls/mul_261_56/g1377/z                            (u)     in_1->z  R     unmapped_nand2       3  16.5     0   125    1862    (-,-) 
  u_core/u_rls/mul_261_56/g4174/z                            (u)     in_0->z  R     unmapped_xor2        1   5.5     0   197    2059    (-,-) 
  u_core/u_rls/mul_261_56/g4175/z                            (u)     in_0->z  R     unmapped_xor2        3  16.5     0   235    2294    (-,-) 
  u_core/u_rls/mul_261_56/g4210/z                            (u)     in_1->z  R     unmapped_xor2        1   5.5     0   197    2491    (-,-) 
  u_core/u_rls/mul_261_56/g4211/z                            (u)     in_0->z  R     unmapped_xor2        3  16.5     0   235    2726    (-,-) 
  u_core/u_rls/mul_261_56/g4228/z                            (u)     in_1->z  R     unmapped_xor2        1   5.5     0   197    2923    (-,-) 
  u_core/u_rls/mul_261_56/g4229/z                            (u)     in_0->z  R     unmapped_xor2        3  16.5     0   235    3157    (-,-) 
  u_core/u_rls/mul_261_56/g4240/z                            (u)     in_0->z  R     unmapped_xor2        1   5.5     0   197    3354    (-,-) 
  u_core/u_rls/mul_261_56/g4241/z                            (u)     in_0->z  R     unmapped_xor2        3  16.5     0   235    3589    (-,-) 
  u_core/u_rls/mul_261_56/g4246/z                            (u)     in_1->z  R     unmapped_xor2        1   5.5     0   197    3786    (-,-) 
  u_core/u_rls/mul_261_56/g4247/z                            (u)     in_0->z  R     unmapped_xor2        2  11.0     0   218    4004    (-,-) 
  u_core/u_rls/mul_261_56/g5534/z                            (u)     in_1->z  F     unmapped_nor2        3  15.3     0   125    4129    (-,-) 
  u_core/u_rls/mul_261_56/g5650/z                            (u)     in_1->z  R     unmapped_nor2        1   5.5     0    88    4217    (-,-) 
  u_core/u_rls/mul_261_56/g5652/z                            (u)     in_0->z  F     unmapped_nor2        3  15.3     0   125    4342    (-,-) 
  u_core/u_rls/mul_261_56/g5785/z                            (u)     in_0->z  R     unmapped_nor2        1   5.5     0    88    4430    (-,-) 
  u_core/u_rls/mul_261_56/g5787/z                            (u)     in_0->z  F     unmapped_nor2        5  25.5     0   157    4587    (-,-) 
  u_core/u_rls/mul_261_56/g5923/z                            (u)     in_1->z  R     unmapped_nor2        1   5.5     0    88    4675    (-,-) 
  u_core/u_rls/mul_261_56/g5925/z                            (u)     in_0->z  F     unmapped_nor2        9  45.9     0   193    4869    (-,-) 
  u_core/u_rls/mul_261_56/g6033/z                            (u)     in_0->z  R     unmapped_nor2        1   5.5     0    88    4957    (-,-) 
  u_core/u_rls/mul_261_56/g6035/z                            (u)     in_0->z  F     unmapped_nor2        1   5.1     0    88    5044    (-,-) 
  u_core/u_rls/mul_261_56/g6228/z                            (u)     in_0->z  R     unmapped_nand2       1   5.5     0    88    5132    (-,-) 
  u_core/u_rls/mul_261_56/g6377/z                            (u)     in_0->z  R     unmapped_xnor2       2  11.0     0   218    5350    (-,-) 
  u_core/u_rls/add_264_40/g58/z                              (u)     in_1->z  F     unmapped_nor2        3  15.3     0   125    5475    (-,-) 
  u_core/u_rls/add_264_40/g122/z                             (u)     in_1->z  R     unmapped_nor2        2  11.0     0   108    5584    (-,-) 
  u_core/u_rls/add_264_40/g195/z                             (u)     in_1->z  F     unmapped_nand2       5  25.5     0   157    5741    (-,-) 
  u_core/u_rls/add_264_40/g263/z                             (u)     in_0->z  R     unmapped_nor2        2  11.0     0   108    5849    (-,-) 
  u_core/u_rls/add_264_40/g321/z                             (u)     in_1->z  F     unmapped_nand2       1   5.1     0    88    5937    (-,-) 
  u_core/u_rls/add_264_40/g364/z                             (u)     in_0->z  R     unmapped_not         1   5.5     0    45    5982    (-,-) 
  u_core/u_rls/add_264_40/g365/z                             (u)     in_1->z  F     unmapped_nand2       1   5.1     0    88    6070    (-,-) 
  u_core/u_rls/add_264_40/g366/z                             (u)     in_1->z  R     unmapped_nand2       1   5.5     0    88    6158    (-,-) 
  u_core/u_rls/add_264_40/g449/z                             (u)     in_0->z  R     unmapped_xnor2       2  11.0     0   218    6376    (-,-) 
  u_core/u_rls/eq_266_45/g2/z                                (u)     in_0->z  R     unmapped_xnor2       1   5.5     0   197    6573    (-,-) 
  u_core/u_rls/eq_266_45/g33/z                               (u)     in_1->z  F     unmapped_nand4       1   5.1     0   216    6789    (-,-) 
  u_core/u_rls/eq_266_45/g41/z                               (u)     in_0->z  R     unmapped_nor4        1   5.5     0   216    7006    (-,-) 
  u_core/u_rls/eq_266_45/g43/z                               (u)     in_1->z  F     unmapped_nand2       1   5.1     0    88    7094    (-,-) 
  u_core/u_rls/eq_266_45/g44/z                               (u)     in_0->z  R     unmapped_not         1   5.5     0    45    7139    (-,-) 
  u_core/u_rls/g612/z                                        (u)     in_1->z  R     unmapped_or2        16  88.0     0   239    7378    (-,-) 
  u_core/u_rls/mux_STAGE1_NR1.NR_STAGE1.d_norm_266_35/g2/z   (u)     sel0->z  F     unmapped_bmux3      18  91.8     0   354    7732    (-,-) 
  u_core/u_rls/ctl_addr_75_15/g97/z                          (u)     in_0->z  R     unmapped_not         8  44.0     0   144    7877    (-,-) 
  u_core/u_rls/ctl_addr_75_15/g43/z                          (u)     in_0->z  F     unmapped_nand4       2  10.2     0   237    8114    (-,-) 
  u_core/u_rls/ctl_addr_75_15/g48/z                          (u)     in_0->z  R     unmapped_nor2        5  27.5     0   157    8271    (-,-) 
  u_core/u_rls/nr_lut_read_275_26:mux_nr_lut_read_75_15/g1/z (u)     sel15->z R     unmapped_mux64      31 170.5     0   780    9051    (-,-) 
  u_core/u_rls/mul_278_51/g596/z                             (u)     in_1->z  F     unmapped_xor2       17  86.7     0   351    9402    (-,-) 
  u_core/u_rls/mul_278_51/g598/z                             (u)     in_0->z  R     unmapped_not         1   5.5     0    45    9448    (-,-) 
  u_core/u_rls/mul_278_51/g599/z                             (u)     in_0->z  R     unmapped_and2       17  93.5     0   242    9690    (-,-) 
  u_core/u_rls/mul_278_51/g614/z                             (u)     in_1->z  F     unmapped_nand2       1   5.1     0    88    9778    (-,-) 
  u_core/u_rls/mul_278_51/g615/z                             (u)     in_1->z  R     unmapped_nand2       3  16.5     0   125    9903    (-,-) 
  u_core/u_rls/mul_278_51/g1064/z                            (u)     in_1->z  F     unmapped_nand2       1   5.1     0    88    9991    (-,-) 
  u_core/u_rls/mul_278_51/g1066/z                            (u)     in_1->z  R     unmapped_nand3       3  16.5     0   163   10154    (-,-) 
  u_core/u_rls/mul_278_51/g1115/z                            (u)     in_1->z  R     unmapped_xor2        1   5.5     0   197   10351    (-,-) 
  u_core/u_rls/mul_278_51/g1116/z                            (u)     in_0->z  R     unmapped_xor2        3  16.5     0   235   10586    (-,-) 
  u_core/u_rls/mul_278_51/g1127/z                            (u)     in_1->z  R     unmapped_xor2        1   5.5     0   197   10783    (-,-) 
  u_core/u_rls/mul_278_51/g1128/z                            (u)     in_0->z  R     unmapped_xor2        3  16.5     0   235   11017    (-,-) 
  u_core/u_rls/mul_278_51/g1134/z                            (u)     in_1->z  R     unmapped_xor2        2  11.0     0   218   11235    (-,-) 
  u_core/u_rls/mul_278_51/g1445/z                            (u)     in_1->z  F     unmapped_nor2        3  15.3     0   125   11360    (-,-) 
  u_core/u_rls/mul_278_51/g1498/z                            (u)     in_1->z  R     unmapped_nor2        1   5.5     0    88   11448    (-,-) 
  u_core/u_rls/mul_278_51/g1500/z                            (u)     in_0->z  F     unmapped_nor2        3  15.3     0   125   11574    (-,-) 
  u_core/u_rls/mul_278_51/g1564/z                            (u)     in_0->z  R     unmapped_nor2        1   5.5     0    88   11661    (-,-) 
  u_core/u_rls/mul_278_51/g1566/z                            (u)     in_0->z  F     unmapped_nor2        5  25.5     0   157   11818    (-,-) 
  u_core/u_rls/mul_278_51/g1629/z                            (u)     in_1->z  R     unmapped_nor2        1   5.5     0    88   11906    (-,-) 
  u_core/u_rls/mul_278_51/g252/z                             (u)     in_0->z  F     unmapped_nor2        8  40.8     0   187   12093    (-,-) 
  u_core/u_rls/mul_278_51/g1676/z                            (u)     in_1->z  R     unmapped_nor2        1   5.5     0    88   12181    (-,-) 
  u_core/u_rls/mul_278_51/g1678/z                            (u)     in_0->z  F     unmapped_nor2        1   5.1     0    88   12269    (-,-) 
  u_core/u_rls/mul_278_51/g1720/z                            (u)     in_0->z  R     unmapped_nand2       1   5.5     0    88   12357    (-,-) 
  u_core/u_rls/mul_278_51/g1794/z                            (u)     in_0->z  F     unmapped_xnor2       1   5.1     0   197   12554    (-,-) 
  u_core/u_rls/sub_280_42/g15/z                              (u)     in_0->z  R     unmapped_not         2  11.0     0    66   12620    (-,-) 
  u_core/u_rls/sub_280_42/g45/z                              (u)     in_1->z  F     unmapped_nand2       2  10.2     0   108   12728    (-,-) 
  u_core/u_rls/sub_280_42/g194/z                             (u)     in_1->z  R     unmapped_nand2       1   5.5     0    88   12816    (-,-) 
  u_core/u_rls/sub_280_42/g195/z                             (u)     in_1->z  R     unmapped_xnor2      22 121.0     0   366   13182    (-,-) 
  u_core/u_rls/mul_281_46/g568/z                             (u)     in_1->z  F     unmapped_xor2       16  81.6     0   348   13530    (-,-) 
  u_core/u_rls/mul_281_46/g570/z                             (u)     in_0->z  R     unmapped_not         1   5.5     0    45   13576    (-,-) 
  u_core/u_rls/mul_281_46/g571/z                             (u)     in_0->z  R     unmapped_and2       16  88.0     0   239   13815    (-,-) 
  u_core/u_rls/mul_281_46/g582/z                             (u)     in_1->z  F     unmapped_nand2       1   5.1     0    88   13903    (-,-) 
  u_core/u_rls/mul_281_46/g583/z                             (u)     in_1->z  R     unmapped_nand2       3  16.5     0   125   14028    (-,-) 
  u_core/u_rls/mul_281_46/g984/z                             (u)     in_1->z  R     unmapped_xor2        1   5.5     0   197   14225    (-,-) 
  u_core/u_rls/mul_281_46/g985/z                             (u)     in_0->z  R     unmapped_xor2        3  16.5     0   235   14460    (-,-) 
  u_core/u_rls/mul_281_46/g1006/z                            (u)     in_1->z  F     unmapped_nand2       1   5.1     0    88   14548    (-,-) 
  u_core/u_rls/mul_281_46/g1007/z                            (u)     in_2->z  R     unmapped_nand3       3  16.5     0   163   14710    (-,-) 
  u_core/u_rls/mul_281_46/g1054/z                            (u)     in_1->z  F     unmapped_nand2       1   5.1     0    88   14798    (-,-) 
  u_core/u_rls/mul_281_46/g1055/z                            (u)     in_2->z  R     unmapped_nand3       3  16.5     0   163   14961    (-,-) 
  u_core/u_rls/mul_281_46/g1094/z                            (u)     in_1->z  R     unmapped_xor2        1   5.5     0   197   15158    (-,-) 
  u_core/u_rls/mul_281_46/g1095/z                            (u)     in_0->z  R     unmapped_xor2        2  11.0     0   218   15376    (-,-) 
  u_core/u_rls/mul_281_46/g1366/z                            (u)     in_1->z  F     unmapped_nor2        3  15.3     0   125   15501    (-,-) 
  u_core/u_rls/mul_281_46/g1418/z                            (u)     in_1->z  R     unmapped_nor2        1   5.5     0    88   15589    (-,-) 
  u_core/u_rls/mul_281_46/g1420/z                            (u)     in_0->z  F     unmapped_nor2        3  15.3     0   125   15715    (-,-) 
  u_core/u_rls/mul_281_46/g1481/z                            (u)     in_0->z  R     unmapped_nor2        1   5.5     0    88   15802    (-,-) 
  u_core/u_rls/mul_281_46/g1483/z                            (u)     in_0->z  F     unmapped_nor2        5  25.5     0   157   15960    (-,-) 
  u_core/u_rls/mul_281_46/g1548/z                            (u)     in_1->z  R     unmapped_nor2        1   5.5     0    88   16048    (-,-) 
  u_core/u_rls/mul_281_46/g252/z                             (u)     in_0->z  F     unmapped_nor2        8  40.8     0   187   16234    (-,-) 
  u_core/u_rls/mul_281_46/g1596/z                            (u)     in_1->z  R     unmapped_nor2        1   5.5     0    88   16322    (-,-) 
  u_core/u_rls/mul_281_46/g1598/z                            (u)     in_0->z  F     unmapped_nor2        1   5.1     0    88   16410    (-,-) 
  u_core/u_rls/mul_281_46/g1640/z                            (u)     in_0->z  R     unmapped_nand2       1   5.5     0    88   16498    (-,-) 
  u_core/u_rls/mul_281_46/g1714/z                            (u)     in_0->z  R     unmapped_xnor2       1   5.5     0   197   16695    (-,-) 
  u_core/u_rls/nr_x1_reg[14]/d                               -       -        R     unmapped_d_flop      1     -     -     0   16695    (-,-) 
#---------------------------------------------------------------------------------------------------------------------------------------------

(u) : Net has unmapped pin(s).



Path 3: VIOLATED (-6997 ps) Setup Check with Pin u_core/u_rls/nr_x1_reg[13]/clk->d
          Group: aquila_clk
     Startpoint: (R) u_core/u_rls/xTx_acc_reg[30]/clk
          Clock: (R) aquila_clk
       Endpoint: (R) u_core/u_rls/nr_x1_reg[13]/d
          Clock: (R) aquila_clk

                     Capture       Launch     
        Clock Edge:+   10000            0     
       Src Latency:+       0            0     
       Net Latency:+       0 (I)        0 (I) 
           Arrival:=   10000            0     
                                              
             Setup:-     302                  
     Required Time:=    9698                  
      Launch Clock:-       0                  
         Data Path:-   16695                  
             Slack:=   -6997                  

#---------------------------------------------------------------------------------------------------------------------------------------------
#                       Timing Point                         Flags     Arc    Edge      Cell        Fanout  Load Trans Delay Arrival Instance 
#                                                                                                           (fF)  (ps)  (ps)   (ps)  Location 
#---------------------------------------------------------------------------------------------------------------------------------------------
  u_core/u_rls/xTx_acc_reg[30]/clk                           -       -        R     (arrival)        22387     -     0     0       0    (-,-) 
  u_core/u_rls/xTx_acc_reg[30]/q                             (u)     clk->q   R     unmapped_d_flop    378 110.0     0   921     921    (-,-) 
  u_core/u_rls/mul_261_56/g1306/z                            (u)     in_1->z  F     unmapped_xor2       32 163.2     0   396    1317    (-,-) 
  u_core/u_rls/mul_261_56/g1308/z                            (u)     in_0->z  R     unmapped_not         1   5.5     0    45    1362    (-,-) 
  u_core/u_rls/mul_261_56/g1309/z                            (u)     in_0->z  R     unmapped_and2       32 176.0     0   287    1649    (-,-) 
  u_core/u_rls/mul_261_56/g1376/z                            (u)     in_1->z  F     unmapped_nand2       1   5.1     0    88    1737    (-,-) 
  u_core/u_rls/mul_261_56/g1377/z                            (u)     in_1->z  R     unmapped_nand2       3  16.5     0   125    1862    (-,-) 
  u_core/u_rls/mul_261_56/g4174/z                            (u)     in_0->z  R     unmapped_xor2        1   5.5     0   197    2059    (-,-) 
  u_core/u_rls/mul_261_56/g4175/z                            (u)     in_0->z  R     unmapped_xor2        3  16.5     0   235    2294    (-,-) 
  u_core/u_rls/mul_261_56/g4210/z                            (u)     in_1->z  R     unmapped_xor2        1   5.5     0   197    2491    (-,-) 
  u_core/u_rls/mul_261_56/g4211/z                            (u)     in_0->z  R     unmapped_xor2        3  16.5     0   235    2726    (-,-) 
  u_core/u_rls/mul_261_56/g4228/z                            (u)     in_1->z  R     unmapped_xor2        1   5.5     0   197    2923    (-,-) 
  u_core/u_rls/mul_261_56/g4229/z                            (u)     in_0->z  R     unmapped_xor2        3  16.5     0   235    3157    (-,-) 
  u_core/u_rls/mul_261_56/g4240/z                            (u)     in_0->z  R     unmapped_xor2        1   5.5     0   197    3354    (-,-) 
  u_core/u_rls/mul_261_56/g4241/z                            (u)     in_0->z  R     unmapped_xor2        3  16.5     0   235    3589    (-,-) 
  u_core/u_rls/mul_261_56/g4246/z                            (u)     in_1->z  R     unmapped_xor2        1   5.5     0   197    3786    (-,-) 
  u_core/u_rls/mul_261_56/g4247/z                            (u)     in_0->z  R     unmapped_xor2        2  11.0     0   218    4004    (-,-) 
  u_core/u_rls/mul_261_56/g5534/z                            (u)     in_1->z  F     unmapped_nor2        3  15.3     0   125    4129    (-,-) 
  u_core/u_rls/mul_261_56/g5650/z                            (u)     in_1->z  R     unmapped_nor2        1   5.5     0    88    4217    (-,-) 
  u_core/u_rls/mul_261_56/g5652/z                            (u)     in_0->z  F     unmapped_nor2        3  15.3     0   125    4342    (-,-) 
  u_core/u_rls/mul_261_56/g5785/z                            (u)     in_0->z  R     unmapped_nor2        1   5.5     0    88    4430    (-,-) 
  u_core/u_rls/mul_261_56/g5787/z                            (u)     in_0->z  F     unmapped_nor2        5  25.5     0   157    4587    (-,-) 
  u_core/u_rls/mul_261_56/g5923/z                            (u)     in_1->z  R     unmapped_nor2        1   5.5     0    88    4675    (-,-) 
  u_core/u_rls/mul_261_56/g5925/z                            (u)     in_0->z  F     unmapped_nor2        9  45.9     0   193    4869    (-,-) 
  u_core/u_rls/mul_261_56/g6033/z                            (u)     in_0->z  R     unmapped_nor2        1   5.5     0    88    4957    (-,-) 
  u_core/u_rls/mul_261_56/g6035/z                            (u)     in_0->z  F     unmapped_nor2        1   5.1     0    88    5044    (-,-) 
  u_core/u_rls/mul_261_56/g6228/z                            (u)     in_0->z  R     unmapped_nand2       1   5.5     0    88    5132    (-,-) 
  u_core/u_rls/mul_261_56/g6377/z                            (u)     in_0->z  R     unmapped_xnor2       2  11.0     0   218    5350    (-,-) 
  u_core/u_rls/add_264_40/g58/z                              (u)     in_1->z  F     unmapped_nor2        3  15.3     0   125    5475    (-,-) 
  u_core/u_rls/add_264_40/g122/z                             (u)     in_1->z  R     unmapped_nor2        2  11.0     0   108    5584    (-,-) 
  u_core/u_rls/add_264_40/g195/z                             (u)     in_1->z  F     unmapped_nand2       5  25.5     0   157    5741    (-,-) 
  u_core/u_rls/add_264_40/g263/z                             (u)     in_0->z  R     unmapped_nor2        2  11.0     0   108    5849    (-,-) 
  u_core/u_rls/add_264_40/g321/z                             (u)     in_1->z  F     unmapped_nand2       1   5.1     0    88    5937    (-,-) 
  u_core/u_rls/add_264_40/g364/z                             (u)     in_0->z  R     unmapped_not         1   5.5     0    45    5982    (-,-) 
  u_core/u_rls/add_264_40/g365/z                             (u)     in_1->z  F     unmapped_nand2       1   5.1     0    88    6070    (-,-) 
  u_core/u_rls/add_264_40/g366/z                             (u)     in_1->z  R     unmapped_nand2       1   5.5     0    88    6158    (-,-) 
  u_core/u_rls/add_264_40/g449/z                             (u)     in_0->z  R     unmapped_xnor2       2  11.0     0   218    6376    (-,-) 
  u_core/u_rls/eq_266_45/g2/z                                (u)     in_0->z  R     unmapped_xnor2       1   5.5     0   197    6573    (-,-) 
  u_core/u_rls/eq_266_45/g33/z                               (u)     in_1->z  F     unmapped_nand4       1   5.1     0   216    6789    (-,-) 
  u_core/u_rls/eq_266_45/g41/z                               (u)     in_0->z  R     unmapped_nor4        1   5.5     0   216    7006    (-,-) 
  u_core/u_rls/eq_266_45/g43/z                               (u)     in_1->z  F     unmapped_nand2       1   5.1     0    88    7094    (-,-) 
  u_core/u_rls/eq_266_45/g44/z                               (u)     in_0->z  R     unmapped_not         1   5.5     0    45    7139    (-,-) 
  u_core/u_rls/g612/z                                        (u)     in_1->z  R     unmapped_or2        16  88.0     0   239    7378    (-,-) 
  u_core/u_rls/mux_STAGE1_NR1.NR_STAGE1.d_norm_266_35/g2/z   (u)     sel0->z  F     unmapped_bmux3      18  91.8     0   354    7732    (-,-) 
  u_core/u_rls/ctl_addr_75_15/g97/z                          (u)     in_0->z  R     unmapped_not         8  44.0     0   144    7877    (-,-) 
  u_core/u_rls/ctl_addr_75_15/g43/z                          (u)     in_0->z  F     unmapped_nand4       2  10.2     0   237    8114    (-,-) 
  u_core/u_rls/ctl_addr_75_15/g48/z                          (u)     in_0->z  R     unmapped_nor2        5  27.5     0   157    8271    (-,-) 
  u_core/u_rls/nr_lut_read_275_26:mux_nr_lut_read_75_15/g1/z (u)     sel15->z R     unmapped_mux64      31 170.5     0   780    9051    (-,-) 
  u_core/u_rls/mul_278_51/g596/z                             (u)     in_1->z  F     unmapped_xor2       17  86.7     0   351    9402    (-,-) 
  u_core/u_rls/mul_278_51/g598/z                             (u)     in_0->z  R     unmapped_not         1   5.5     0    45    9448    (-,-) 
  u_core/u_rls/mul_278_51/g599/z                             (u)     in_0->z  R     unmapped_and2       17  93.5     0   242    9690    (-,-) 
  u_core/u_rls/mul_278_51/g614/z                             (u)     in_1->z  F     unmapped_nand2       1   5.1     0    88    9778    (-,-) 
  u_core/u_rls/mul_278_51/g615/z                             (u)     in_1->z  R     unmapped_nand2       3  16.5     0   125    9903    (-,-) 
  u_core/u_rls/mul_278_51/g1064/z                            (u)     in_1->z  F     unmapped_nand2       1   5.1     0    88    9991    (-,-) 
  u_core/u_rls/mul_278_51/g1066/z                            (u)     in_1->z  R     unmapped_nand3       3  16.5     0   163   10154    (-,-) 
  u_core/u_rls/mul_278_51/g1115/z                            (u)     in_1->z  R     unmapped_xor2        1   5.5     0   197   10351    (-,-) 
  u_core/u_rls/mul_278_51/g1116/z                            (u)     in_0->z  R     unmapped_xor2        3  16.5     0   235   10586    (-,-) 
  u_core/u_rls/mul_278_51/g1127/z                            (u)     in_1->z  R     unmapped_xor2        1   5.5     0   197   10783    (-,-) 
  u_core/u_rls/mul_278_51/g1128/z                            (u)     in_0->z  R     unmapped_xor2        3  16.5     0   235   11017    (-,-) 
  u_core/u_rls/mul_278_51/g1134/z                            (u)     in_1->z  R     unmapped_xor2        2  11.0     0   218   11235    (-,-) 
  u_core/u_rls/mul_278_51/g1445/z                            (u)     in_1->z  F     unmapped_nor2        3  15.3     0   125   11360    (-,-) 
  u_core/u_rls/mul_278_51/g1498/z                            (u)     in_1->z  R     unmapped_nor2        1   5.5     0    88   11448    (-,-) 
  u_core/u_rls/mul_278_51/g1500/z                            (u)     in_0->z  F     unmapped_nor2        3  15.3     0   125   11574    (-,-) 
  u_core/u_rls/mul_278_51/g1564/z                            (u)     in_0->z  R     unmapped_nor2        1   5.5     0    88   11661    (-,-) 
  u_core/u_rls/mul_278_51/g1566/z                            (u)     in_0->z  F     unmapped_nor2        5  25.5     0   157   11818    (-,-) 
  u_core/u_rls/mul_278_51/g1629/z                            (u)     in_1->z  R     unmapped_nor2        1   5.5     0    88   11906    (-,-) 
  u_core/u_rls/mul_278_51/g252/z                             (u)     in_0->z  F     unmapped_nor2        8  40.8     0   187   12093    (-,-) 
  u_core/u_rls/mul_278_51/g1676/z                            (u)     in_1->z  R     unmapped_nor2        1   5.5     0    88   12181    (-,-) 
  u_core/u_rls/mul_278_51/g1678/z                            (u)     in_0->z  F     unmapped_nor2        1   5.1     0    88   12269    (-,-) 
  u_core/u_rls/mul_278_51/g1720/z                            (u)     in_0->z  R     unmapped_nand2       1   5.5     0    88   12357    (-,-) 
  u_core/u_rls/mul_278_51/g1794/z                            (u)     in_0->z  F     unmapped_xnor2       1   5.1     0   197   12554    (-,-) 
  u_core/u_rls/sub_280_42/g15/z                              (u)     in_0->z  R     unmapped_not         2  11.0     0    66   12620    (-,-) 
  u_core/u_rls/sub_280_42/g45/z                              (u)     in_1->z  F     unmapped_nand2       2  10.2     0   108   12728    (-,-) 
  u_core/u_rls/sub_280_42/g194/z                             (u)     in_1->z  R     unmapped_nand2       1   5.5     0    88   12816    (-,-) 
  u_core/u_rls/sub_280_42/g195/z                             (u)     in_1->z  R     unmapped_xnor2      22 121.0     0   366   13182    (-,-) 
  u_core/u_rls/mul_281_46/g568/z                             (u)     in_1->z  F     unmapped_xor2       16  81.6     0   348   13530    (-,-) 
  u_core/u_rls/mul_281_46/g570/z                             (u)     in_0->z  R     unmapped_not         1   5.5     0    45   13576    (-,-) 
  u_core/u_rls/mul_281_46/g571/z                             (u)     in_0->z  R     unmapped_and2       16  88.0     0   239   13815    (-,-) 
  u_core/u_rls/mul_281_46/g582/z                             (u)     in_1->z  F     unmapped_nand2       1   5.1     0    88   13903    (-,-) 
  u_core/u_rls/mul_281_46/g583/z                             (u)     in_1->z  R     unmapped_nand2       3  16.5     0   125   14028    (-,-) 
  u_core/u_rls/mul_281_46/g984/z                             (u)     in_1->z  R     unmapped_xor2        1   5.5     0   197   14225    (-,-) 
  u_core/u_rls/mul_281_46/g985/z                             (u)     in_0->z  R     unmapped_xor2        3  16.5     0   235   14460    (-,-) 
  u_core/u_rls/mul_281_46/g1006/z                            (u)     in_1->z  F     unmapped_nand2       1   5.1     0    88   14548    (-,-) 
  u_core/u_rls/mul_281_46/g1007/z                            (u)     in_2->z  R     unmapped_nand3       3  16.5     0   163   14710    (-,-) 
  u_core/u_rls/mul_281_46/g1054/z                            (u)     in_1->z  F     unmapped_nand2       1   5.1     0    88   14798    (-,-) 
  u_core/u_rls/mul_281_46/g1055/z                            (u)     in_2->z  R     unmapped_nand3       3  16.5     0   163   14961    (-,-) 
  u_core/u_rls/mul_281_46/g1094/z                            (u)     in_1->z  R     unmapped_xor2        1   5.5     0   197   15158    (-,-) 
  u_core/u_rls/mul_281_46/g1095/z                            (u)     in_0->z  R     unmapped_xor2        2  11.0     0   218   15376    (-,-) 
  u_core/u_rls/mul_281_46/g1366/z                            (u)     in_1->z  F     unmapped_nor2        3  15.3     0   125   15501    (-,-) 
  u_core/u_rls/mul_281_46/g1418/z                            (u)     in_1->z  R     unmapped_nor2        1   5.5     0    88   15589    (-,-) 
  u_core/u_rls/mul_281_46/g1420/z                            (u)     in_0->z  F     unmapped_nor2        3  15.3     0   125   15715    (-,-) 
  u_core/u_rls/mul_281_46/g1481/z                            (u)     in_0->z  R     unmapped_nor2        1   5.5     0    88   15802    (-,-) 
  u_core/u_rls/mul_281_46/g1483/z                            (u)     in_0->z  F     unmapped_nor2        5  25.5     0   157   15960    (-,-) 
  u_core/u_rls/mul_281_46/g1548/z                            (u)     in_1->z  R     unmapped_nor2        1   5.5     0    88   16048    (-,-) 
  u_core/u_rls/mul_281_46/g252/z                             (u)     in_0->z  F     unmapped_nor2        8  40.8     0   187   16234    (-,-) 
  u_core/u_rls/mul_281_46/g1591/z                            (u)     in_1->z  R     unmapped_nor2        1   5.5     0    88   16322    (-,-) 
  u_core/u_rls/mul_281_46/g1593/z                            (u)     in_0->z  F     unmapped_nor2        1   5.1     0    88   16410    (-,-) 
  u_core/u_rls/mul_281_46/g1637/z                            (u)     in_0->z  R     unmapped_nand2       1   5.5     0    88   16498    (-,-) 
  u_core/u_rls/mul_281_46/g1711/z                            (u)     in_0->z  R     unmapped_xnor2       1   5.5     0   197   16695    (-,-) 
  u_core/u_rls/nr_x1_reg[13]/d                               -       -        R     unmapped_d_flop      1     -     -     0   16695    (-,-) 
#---------------------------------------------------------------------------------------------------------------------------------------------

(u) : Net has unmapped pin(s).



Path 4: VIOLATED (-6997 ps) Setup Check with Pin u_core/u_rls/nr_x1_reg[12]/clk->d
          Group: aquila_clk
     Startpoint: (R) u_core/u_rls/xTx_acc_reg[30]/clk
          Clock: (R) aquila_clk
       Endpoint: (R) u_core/u_rls/nr_x1_reg[12]/d
          Clock: (R) aquila_clk

                     Capture       Launch     
        Clock Edge:+   10000            0     
       Src Latency:+       0            0     
       Net Latency:+       0 (I)        0 (I) 
           Arrival:=   10000            0     
                                              
             Setup:-     302                  
     Required Time:=    9698                  
      Launch Clock:-       0                  
         Data Path:-   16695                  
             Slack:=   -6997                  

#---------------------------------------------------------------------------------------------------------------------------------------------
#                       Timing Point                         Flags     Arc    Edge      Cell        Fanout  Load Trans Delay Arrival Instance 
#                                                                                                           (fF)  (ps)  (ps)   (ps)  Location 
#---------------------------------------------------------------------------------------------------------------------------------------------
  u_core/u_rls/xTx_acc_reg[30]/clk                           -       -        R     (arrival)        22387     -     0     0       0    (-,-) 
  u_core/u_rls/xTx_acc_reg[30]/q                             (u)     clk->q   R     unmapped_d_flop    378 110.0     0   921     921    (-,-) 
  u_core/u_rls/mul_261_56/g1306/z                            (u)     in_1->z  F     unmapped_xor2       32 163.2     0   396    1317    (-,-) 
  u_core/u_rls/mul_261_56/g1308/z                            (u)     in_0->z  R     unmapped_not         1   5.5     0    45    1362    (-,-) 
  u_core/u_rls/mul_261_56/g1309/z                            (u)     in_0->z  R     unmapped_and2       32 176.0     0   287    1649    (-,-) 
  u_core/u_rls/mul_261_56/g1376/z                            (u)     in_1->z  F     unmapped_nand2       1   5.1     0    88    1737    (-,-) 
  u_core/u_rls/mul_261_56/g1377/z                            (u)     in_1->z  R     unmapped_nand2       3  16.5     0   125    1862    (-,-) 
  u_core/u_rls/mul_261_56/g4174/z                            (u)     in_0->z  R     unmapped_xor2        1   5.5     0   197    2059    (-,-) 
  u_core/u_rls/mul_261_56/g4175/z                            (u)     in_0->z  R     unmapped_xor2        3  16.5     0   235    2294    (-,-) 
  u_core/u_rls/mul_261_56/g4210/z                            (u)     in_1->z  R     unmapped_xor2        1   5.5     0   197    2491    (-,-) 
  u_core/u_rls/mul_261_56/g4211/z                            (u)     in_0->z  R     unmapped_xor2        3  16.5     0   235    2726    (-,-) 
  u_core/u_rls/mul_261_56/g4228/z                            (u)     in_1->z  R     unmapped_xor2        1   5.5     0   197    2923    (-,-) 
  u_core/u_rls/mul_261_56/g4229/z                            (u)     in_0->z  R     unmapped_xor2        3  16.5     0   235    3157    (-,-) 
  u_core/u_rls/mul_261_56/g4240/z                            (u)     in_0->z  R     unmapped_xor2        1   5.5     0   197    3354    (-,-) 
  u_core/u_rls/mul_261_56/g4241/z                            (u)     in_0->z  R     unmapped_xor2        3  16.5     0   235    3589    (-,-) 
  u_core/u_rls/mul_261_56/g4246/z                            (u)     in_1->z  R     unmapped_xor2        1   5.5     0   197    3786    (-,-) 
  u_core/u_rls/mul_261_56/g4247/z                            (u)     in_0->z  R     unmapped_xor2        2  11.0     0   218    4004    (-,-) 
  u_core/u_rls/mul_261_56/g5534/z                            (u)     in_1->z  F     unmapped_nor2        3  15.3     0   125    4129    (-,-) 
  u_core/u_rls/mul_261_56/g5650/z                            (u)     in_1->z  R     unmapped_nor2        1   5.5     0    88    4217    (-,-) 
  u_core/u_rls/mul_261_56/g5652/z                            (u)     in_0->z  F     unmapped_nor2        3  15.3     0   125    4342    (-,-) 
  u_core/u_rls/mul_261_56/g5785/z                            (u)     in_0->z  R     unmapped_nor2        1   5.5     0    88    4430    (-,-) 
  u_core/u_rls/mul_261_56/g5787/z                            (u)     in_0->z  F     unmapped_nor2        5  25.5     0   157    4587    (-,-) 
  u_core/u_rls/mul_261_56/g5923/z                            (u)     in_1->z  R     unmapped_nor2        1   5.5     0    88    4675    (-,-) 
  u_core/u_rls/mul_261_56/g5925/z                            (u)     in_0->z  F     unmapped_nor2        9  45.9     0   193    4869    (-,-) 
  u_core/u_rls/mul_261_56/g6033/z                            (u)     in_0->z  R     unmapped_nor2        1   5.5     0    88    4957    (-,-) 
  u_core/u_rls/mul_261_56/g6035/z                            (u)     in_0->z  F     unmapped_nor2        1   5.1     0    88    5044    (-,-) 
  u_core/u_rls/mul_261_56/g6228/z                            (u)     in_0->z  R     unmapped_nand2       1   5.5     0    88    5132    (-,-) 
  u_core/u_rls/mul_261_56/g6377/z                            (u)     in_0->z  R     unmapped_xnor2       2  11.0     0   218    5350    (-,-) 
  u_core/u_rls/add_264_40/g58/z                              (u)     in_1->z  F     unmapped_nor2        3  15.3     0   125    5475    (-,-) 
  u_core/u_rls/add_264_40/g122/z                             (u)     in_1->z  R     unmapped_nor2        2  11.0     0   108    5584    (-,-) 
  u_core/u_rls/add_264_40/g195/z                             (u)     in_1->z  F     unmapped_nand2       5  25.5     0   157    5741    (-,-) 
  u_core/u_rls/add_264_40/g263/z                             (u)     in_0->z  R     unmapped_nor2        2  11.0     0   108    5849    (-,-) 
  u_core/u_rls/add_264_40/g321/z                             (u)     in_1->z  F     unmapped_nand2       1   5.1     0    88    5937    (-,-) 
  u_core/u_rls/add_264_40/g364/z                             (u)     in_0->z  R     unmapped_not         1   5.5     0    45    5982    (-,-) 
  u_core/u_rls/add_264_40/g365/z                             (u)     in_1->z  F     unmapped_nand2       1   5.1     0    88    6070    (-,-) 
  u_core/u_rls/add_264_40/g366/z                             (u)     in_1->z  R     unmapped_nand2       1   5.5     0    88    6158    (-,-) 
  u_core/u_rls/add_264_40/g449/z                             (u)     in_0->z  R     unmapped_xnor2       2  11.0     0   218    6376    (-,-) 
  u_core/u_rls/eq_266_45/g2/z                                (u)     in_0->z  R     unmapped_xnor2       1   5.5     0   197    6573    (-,-) 
  u_core/u_rls/eq_266_45/g33/z                               (u)     in_1->z  F     unmapped_nand4       1   5.1     0   216    6789    (-,-) 
  u_core/u_rls/eq_266_45/g41/z                               (u)     in_0->z  R     unmapped_nor4        1   5.5     0   216    7006    (-,-) 
  u_core/u_rls/eq_266_45/g43/z                               (u)     in_1->z  F     unmapped_nand2       1   5.1     0    88    7094    (-,-) 
  u_core/u_rls/eq_266_45/g44/z                               (u)     in_0->z  R     unmapped_not         1   5.5     0    45    7139    (-,-) 
  u_core/u_rls/g612/z                                        (u)     in_1->z  R     unmapped_or2        16  88.0     0   239    7378    (-,-) 
  u_core/u_rls/mux_STAGE1_NR1.NR_STAGE1.d_norm_266_35/g2/z   (u)     sel0->z  F     unmapped_bmux3      18  91.8     0   354    7732    (-,-) 
  u_core/u_rls/ctl_addr_75_15/g97/z                          (u)     in_0->z  R     unmapped_not         8  44.0     0   144    7877    (-,-) 
  u_core/u_rls/ctl_addr_75_15/g43/z                          (u)     in_0->z  F     unmapped_nand4       2  10.2     0   237    8114    (-,-) 
  u_core/u_rls/ctl_addr_75_15/g48/z                          (u)     in_0->z  R     unmapped_nor2        5  27.5     0   157    8271    (-,-) 
  u_core/u_rls/nr_lut_read_275_26:mux_nr_lut_read_75_15/g1/z (u)     sel15->z R     unmapped_mux64      31 170.5     0   780    9051    (-,-) 
  u_core/u_rls/mul_278_51/g596/z                             (u)     in_1->z  F     unmapped_xor2       17  86.7     0   351    9402    (-,-) 
  u_core/u_rls/mul_278_51/g598/z                             (u)     in_0->z  R     unmapped_not         1   5.5     0    45    9448    (-,-) 
  u_core/u_rls/mul_278_51/g599/z                             (u)     in_0->z  R     unmapped_and2       17  93.5     0   242    9690    (-,-) 
  u_core/u_rls/mul_278_51/g614/z                             (u)     in_1->z  F     unmapped_nand2       1   5.1     0    88    9778    (-,-) 
  u_core/u_rls/mul_278_51/g615/z                             (u)     in_1->z  R     unmapped_nand2       3  16.5     0   125    9903    (-,-) 
  u_core/u_rls/mul_278_51/g1064/z                            (u)     in_1->z  F     unmapped_nand2       1   5.1     0    88    9991    (-,-) 
  u_core/u_rls/mul_278_51/g1066/z                            (u)     in_1->z  R     unmapped_nand3       3  16.5     0   163   10154    (-,-) 
  u_core/u_rls/mul_278_51/g1115/z                            (u)     in_1->z  R     unmapped_xor2        1   5.5     0   197   10351    (-,-) 
  u_core/u_rls/mul_278_51/g1116/z                            (u)     in_0->z  R     unmapped_xor2        3  16.5     0   235   10586    (-,-) 
  u_core/u_rls/mul_278_51/g1127/z                            (u)     in_1->z  R     unmapped_xor2        1   5.5     0   197   10783    (-,-) 
  u_core/u_rls/mul_278_51/g1128/z                            (u)     in_0->z  R     unmapped_xor2        3  16.5     0   235   11017    (-,-) 
  u_core/u_rls/mul_278_51/g1134/z                            (u)     in_1->z  R     unmapped_xor2        2  11.0     0   218   11235    (-,-) 
  u_core/u_rls/mul_278_51/g1445/z                            (u)     in_1->z  F     unmapped_nor2        3  15.3     0   125   11360    (-,-) 
  u_core/u_rls/mul_278_51/g1498/z                            (u)     in_1->z  R     unmapped_nor2        1   5.5     0    88   11448    (-,-) 
  u_core/u_rls/mul_278_51/g1500/z                            (u)     in_0->z  F     unmapped_nor2        3  15.3     0   125   11574    (-,-) 
  u_core/u_rls/mul_278_51/g1564/z                            (u)     in_0->z  R     unmapped_nor2        1   5.5     0    88   11661    (-,-) 
  u_core/u_rls/mul_278_51/g1566/z                            (u)     in_0->z  F     unmapped_nor2        5  25.5     0   157   11818    (-,-) 
  u_core/u_rls/mul_278_51/g1629/z                            (u)     in_1->z  R     unmapped_nor2        1   5.5     0    88   11906    (-,-) 
  u_core/u_rls/mul_278_51/g252/z                             (u)     in_0->z  F     unmapped_nor2        8  40.8     0   187   12093    (-,-) 
  u_core/u_rls/mul_278_51/g1676/z                            (u)     in_1->z  R     unmapped_nor2        1   5.5     0    88   12181    (-,-) 
  u_core/u_rls/mul_278_51/g1678/z                            (u)     in_0->z  F     unmapped_nor2        1   5.1     0    88   12269    (-,-) 
  u_core/u_rls/mul_278_51/g1720/z                            (u)     in_0->z  R     unmapped_nand2       1   5.5     0    88   12357    (-,-) 
  u_core/u_rls/mul_278_51/g1794/z                            (u)     in_0->z  F     unmapped_xnor2       1   5.1     0   197   12554    (-,-) 
  u_core/u_rls/sub_280_42/g15/z                              (u)     in_0->z  R     unmapped_not         2  11.0     0    66   12620    (-,-) 
  u_core/u_rls/sub_280_42/g45/z                              (u)     in_1->z  F     unmapped_nand2       2  10.2     0   108   12728    (-,-) 
  u_core/u_rls/sub_280_42/g194/z                             (u)     in_1->z  R     unmapped_nand2       1   5.5     0    88   12816    (-,-) 
  u_core/u_rls/sub_280_42/g195/z                             (u)     in_1->z  R     unmapped_xnor2      22 121.0     0   366   13182    (-,-) 
  u_core/u_rls/mul_281_46/g568/z                             (u)     in_1->z  F     unmapped_xor2       16  81.6     0   348   13530    (-,-) 
  u_core/u_rls/mul_281_46/g570/z                             (u)     in_0->z  R     unmapped_not         1   5.5     0    45   13576    (-,-) 
  u_core/u_rls/mul_281_46/g571/z                             (u)     in_0->z  R     unmapped_and2       16  88.0     0   239   13815    (-,-) 
  u_core/u_rls/mul_281_46/g582/z                             (u)     in_1->z  F     unmapped_nand2       1   5.1     0    88   13903    (-,-) 
  u_core/u_rls/mul_281_46/g583/z                             (u)     in_1->z  R     unmapped_nand2       3  16.5     0   125   14028    (-,-) 
  u_core/u_rls/mul_281_46/g984/z                             (u)     in_1->z  R     unmapped_xor2        1   5.5     0   197   14225    (-,-) 
  u_core/u_rls/mul_281_46/g985/z                             (u)     in_0->z  R     unmapped_xor2        3  16.5     0   235   14460    (-,-) 
  u_core/u_rls/mul_281_46/g1006/z                            (u)     in_1->z  F     unmapped_nand2       1   5.1     0    88   14548    (-,-) 
  u_core/u_rls/mul_281_46/g1007/z                            (u)     in_2->z  R     unmapped_nand3       3  16.5     0   163   14710    (-,-) 
  u_core/u_rls/mul_281_46/g1054/z                            (u)     in_1->z  F     unmapped_nand2       1   5.1     0    88   14798    (-,-) 
  u_core/u_rls/mul_281_46/g1055/z                            (u)     in_2->z  R     unmapped_nand3       3  16.5     0   163   14961    (-,-) 
  u_core/u_rls/mul_281_46/g1094/z                            (u)     in_1->z  R     unmapped_xor2        1   5.5     0   197   15158    (-,-) 
  u_core/u_rls/mul_281_46/g1095/z                            (u)     in_0->z  R     unmapped_xor2        2  11.0     0   218   15376    (-,-) 
  u_core/u_rls/mul_281_46/g1366/z                            (u)     in_1->z  F     unmapped_nor2        3  15.3     0   125   15501    (-,-) 
  u_core/u_rls/mul_281_46/g1418/z                            (u)     in_1->z  R     unmapped_nor2        1   5.5     0    88   15589    (-,-) 
  u_core/u_rls/mul_281_46/g1420/z                            (u)     in_0->z  F     unmapped_nor2        3  15.3     0   125   15715    (-,-) 
  u_core/u_rls/mul_281_46/g1481/z                            (u)     in_0->z  R     unmapped_nor2        1   5.5     0    88   15802    (-,-) 
  u_core/u_rls/mul_281_46/g1483/z                            (u)     in_0->z  F     unmapped_nor2        5  25.5     0   157   15960    (-,-) 
  u_core/u_rls/mul_281_46/g1548/z                            (u)     in_1->z  R     unmapped_nor2        1   5.5     0    88   16048    (-,-) 
  u_core/u_rls/mul_281_46/g252/z                             (u)     in_0->z  F     unmapped_nor2        8  40.8     0   187   16234    (-,-) 
  u_core/u_rls/mul_281_46/g1587/z                            (u)     in_0->z  R     unmapped_nor2        1   5.5     0    88   16322    (-,-) 
  u_core/u_rls/mul_281_46/g1589/z                            (u)     in_0->z  F     unmapped_nor2        1   5.1     0    88   16410    (-,-) 
  u_core/u_rls/mul_281_46/g1634/z                            (u)     in_0->z  R     unmapped_nand2       1   5.5     0    88   16498    (-,-) 
  u_core/u_rls/mul_281_46/g1708/z                            (u)     in_0->z  R     unmapped_xnor2       1   5.5     0   197   16695    (-,-) 
  u_core/u_rls/nr_x1_reg[12]/d                               -       -        R     unmapped_d_flop      1     -     -     0   16695    (-,-) 
#---------------------------------------------------------------------------------------------------------------------------------------------

(u) : Net has unmapped pin(s).



Path 5: VIOLATED (-6997 ps) Setup Check with Pin u_core/u_rls/nr_x1_reg[11]/clk->d
          Group: aquila_clk
     Startpoint: (R) u_core/u_rls/xTx_acc_reg[30]/clk
          Clock: (R) aquila_clk
       Endpoint: (R) u_core/u_rls/nr_x1_reg[11]/d
          Clock: (R) aquila_clk

                     Capture       Launch     
        Clock Edge:+   10000            0     
       Src Latency:+       0            0     
       Net Latency:+       0 (I)        0 (I) 
           Arrival:=   10000            0     
                                              
             Setup:-     302                  
     Required Time:=    9698                  
      Launch Clock:-       0                  
         Data Path:-   16695                  
             Slack:=   -6997                  

#---------------------------------------------------------------------------------------------------------------------------------------------
#                       Timing Point                         Flags     Arc    Edge      Cell        Fanout  Load Trans Delay Arrival Instance 
#                                                                                                           (fF)  (ps)  (ps)   (ps)  Location 
#---------------------------------------------------------------------------------------------------------------------------------------------
  u_core/u_rls/xTx_acc_reg[30]/clk                           -       -        R     (arrival)        22387     -     0     0       0    (-,-) 
  u_core/u_rls/xTx_acc_reg[30]/q                             (u)     clk->q   R     unmapped_d_flop    378 110.0     0   921     921    (-,-) 
  u_core/u_rls/mul_261_56/g1306/z                            (u)     in_1->z  F     unmapped_xor2       32 163.2     0   396    1317    (-,-) 
  u_core/u_rls/mul_261_56/g1308/z                            (u)     in_0->z  R     unmapped_not         1   5.5     0    45    1362    (-,-) 
  u_core/u_rls/mul_261_56/g1309/z                            (u)     in_0->z  R     unmapped_and2       32 176.0     0   287    1649    (-,-) 
  u_core/u_rls/mul_261_56/g1376/z                            (u)     in_1->z  F     unmapped_nand2       1   5.1     0    88    1737    (-,-) 
  u_core/u_rls/mul_261_56/g1377/z                            (u)     in_1->z  R     unmapped_nand2       3  16.5     0   125    1862    (-,-) 
  u_core/u_rls/mul_261_56/g4174/z                            (u)     in_0->z  R     unmapped_xor2        1   5.5     0   197    2059    (-,-) 
  u_core/u_rls/mul_261_56/g4175/z                            (u)     in_0->z  R     unmapped_xor2        3  16.5     0   235    2294    (-,-) 
  u_core/u_rls/mul_261_56/g4210/z                            (u)     in_1->z  R     unmapped_xor2        1   5.5     0   197    2491    (-,-) 
  u_core/u_rls/mul_261_56/g4211/z                            (u)     in_0->z  R     unmapped_xor2        3  16.5     0   235    2726    (-,-) 
  u_core/u_rls/mul_261_56/g4228/z                            (u)     in_1->z  R     unmapped_xor2        1   5.5     0   197    2923    (-,-) 
  u_core/u_rls/mul_261_56/g4229/z                            (u)     in_0->z  R     unmapped_xor2        3  16.5     0   235    3157    (-,-) 
  u_core/u_rls/mul_261_56/g4240/z                            (u)     in_0->z  R     unmapped_xor2        1   5.5     0   197    3354    (-,-) 
  u_core/u_rls/mul_261_56/g4241/z                            (u)     in_0->z  R     unmapped_xor2        3  16.5     0   235    3589    (-,-) 
  u_core/u_rls/mul_261_56/g4246/z                            (u)     in_1->z  R     unmapped_xor2        1   5.5     0   197    3786    (-,-) 
  u_core/u_rls/mul_261_56/g4247/z                            (u)     in_0->z  R     unmapped_xor2        2  11.0     0   218    4004    (-,-) 
  u_core/u_rls/mul_261_56/g5534/z                            (u)     in_1->z  F     unmapped_nor2        3  15.3     0   125    4129    (-,-) 
  u_core/u_rls/mul_261_56/g5650/z                            (u)     in_1->z  R     unmapped_nor2        1   5.5     0    88    4217    (-,-) 
  u_core/u_rls/mul_261_56/g5652/z                            (u)     in_0->z  F     unmapped_nor2        3  15.3     0   125    4342    (-,-) 
  u_core/u_rls/mul_261_56/g5785/z                            (u)     in_0->z  R     unmapped_nor2        1   5.5     0    88    4430    (-,-) 
  u_core/u_rls/mul_261_56/g5787/z                            (u)     in_0->z  F     unmapped_nor2        5  25.5     0   157    4587    (-,-) 
  u_core/u_rls/mul_261_56/g5923/z                            (u)     in_1->z  R     unmapped_nor2        1   5.5     0    88    4675    (-,-) 
  u_core/u_rls/mul_261_56/g5925/z                            (u)     in_0->z  F     unmapped_nor2        9  45.9     0   193    4869    (-,-) 
  u_core/u_rls/mul_261_56/g6033/z                            (u)     in_0->z  R     unmapped_nor2        1   5.5     0    88    4957    (-,-) 
  u_core/u_rls/mul_261_56/g6035/z                            (u)     in_0->z  F     unmapped_nor2        1   5.1     0    88    5044    (-,-) 
  u_core/u_rls/mul_261_56/g6228/z                            (u)     in_0->z  R     unmapped_nand2       1   5.5     0    88    5132    (-,-) 
  u_core/u_rls/mul_261_56/g6377/z                            (u)     in_0->z  R     unmapped_xnor2       2  11.0     0   218    5350    (-,-) 
  u_core/u_rls/add_264_40/g58/z                              (u)     in_1->z  F     unmapped_nor2        3  15.3     0   125    5475    (-,-) 
  u_core/u_rls/add_264_40/g122/z                             (u)     in_1->z  R     unmapped_nor2        2  11.0     0   108    5584    (-,-) 
  u_core/u_rls/add_264_40/g195/z                             (u)     in_1->z  F     unmapped_nand2       5  25.5     0   157    5741    (-,-) 
  u_core/u_rls/add_264_40/g263/z                             (u)     in_0->z  R     unmapped_nor2        2  11.0     0   108    5849    (-,-) 
  u_core/u_rls/add_264_40/g321/z                             (u)     in_1->z  F     unmapped_nand2       1   5.1     0    88    5937    (-,-) 
  u_core/u_rls/add_264_40/g364/z                             (u)     in_0->z  R     unmapped_not         1   5.5     0    45    5982    (-,-) 
  u_core/u_rls/add_264_40/g365/z                             (u)     in_1->z  F     unmapped_nand2       1   5.1     0    88    6070    (-,-) 
  u_core/u_rls/add_264_40/g366/z                             (u)     in_1->z  R     unmapped_nand2       1   5.5     0    88    6158    (-,-) 
  u_core/u_rls/add_264_40/g449/z                             (u)     in_0->z  R     unmapped_xnor2       2  11.0     0   218    6376    (-,-) 
  u_core/u_rls/eq_266_45/g2/z                                (u)     in_0->z  R     unmapped_xnor2       1   5.5     0   197    6573    (-,-) 
  u_core/u_rls/eq_266_45/g33/z                               (u)     in_1->z  F     unmapped_nand4       1   5.1     0   216    6789    (-,-) 
  u_core/u_rls/eq_266_45/g41/z                               (u)     in_0->z  R     unmapped_nor4        1   5.5     0   216    7006    (-,-) 
  u_core/u_rls/eq_266_45/g43/z                               (u)     in_1->z  F     unmapped_nand2       1   5.1     0    88    7094    (-,-) 
  u_core/u_rls/eq_266_45/g44/z                               (u)     in_0->z  R     unmapped_not         1   5.5     0    45    7139    (-,-) 
  u_core/u_rls/g612/z                                        (u)     in_1->z  R     unmapped_or2        16  88.0     0   239    7378    (-,-) 
  u_core/u_rls/mux_STAGE1_NR1.NR_STAGE1.d_norm_266_35/g2/z   (u)     sel0->z  F     unmapped_bmux3      18  91.8     0   354    7732    (-,-) 
  u_core/u_rls/ctl_addr_75_15/g97/z                          (u)     in_0->z  R     unmapped_not         8  44.0     0   144    7877    (-,-) 
  u_core/u_rls/ctl_addr_75_15/g43/z                          (u)     in_0->z  F     unmapped_nand4       2  10.2     0   237    8114    (-,-) 
  u_core/u_rls/ctl_addr_75_15/g48/z                          (u)     in_0->z  R     unmapped_nor2        5  27.5     0   157    8271    (-,-) 
  u_core/u_rls/nr_lut_read_275_26:mux_nr_lut_read_75_15/g1/z (u)     sel15->z R     unmapped_mux64      31 170.5     0   780    9051    (-,-) 
  u_core/u_rls/mul_278_51/g596/z                             (u)     in_1->z  F     unmapped_xor2       17  86.7     0   351    9402    (-,-) 
  u_core/u_rls/mul_278_51/g598/z                             (u)     in_0->z  R     unmapped_not         1   5.5     0    45    9448    (-,-) 
  u_core/u_rls/mul_278_51/g599/z                             (u)     in_0->z  R     unmapped_and2       17  93.5     0   242    9690    (-,-) 
  u_core/u_rls/mul_278_51/g614/z                             (u)     in_1->z  F     unmapped_nand2       1   5.1     0    88    9778    (-,-) 
  u_core/u_rls/mul_278_51/g615/z                             (u)     in_1->z  R     unmapped_nand2       3  16.5     0   125    9903    (-,-) 
  u_core/u_rls/mul_278_51/g1064/z                            (u)     in_1->z  F     unmapped_nand2       1   5.1     0    88    9991    (-,-) 
  u_core/u_rls/mul_278_51/g1066/z                            (u)     in_1->z  R     unmapped_nand3       3  16.5     0   163   10154    (-,-) 
  u_core/u_rls/mul_278_51/g1115/z                            (u)     in_1->z  R     unmapped_xor2        1   5.5     0   197   10351    (-,-) 
  u_core/u_rls/mul_278_51/g1116/z                            (u)     in_0->z  R     unmapped_xor2        3  16.5     0   235   10586    (-,-) 
  u_core/u_rls/mul_278_51/g1127/z                            (u)     in_1->z  R     unmapped_xor2        1   5.5     0   197   10783    (-,-) 
  u_core/u_rls/mul_278_51/g1128/z                            (u)     in_0->z  R     unmapped_xor2        3  16.5     0   235   11017    (-,-) 
  u_core/u_rls/mul_278_51/g1134/z                            (u)     in_1->z  R     unmapped_xor2        2  11.0     0   218   11235    (-,-) 
  u_core/u_rls/mul_278_51/g1445/z                            (u)     in_1->z  F     unmapped_nor2        3  15.3     0   125   11360    (-,-) 
  u_core/u_rls/mul_278_51/g1498/z                            (u)     in_1->z  R     unmapped_nor2        1   5.5     0    88   11448    (-,-) 
  u_core/u_rls/mul_278_51/g1500/z                            (u)     in_0->z  F     unmapped_nor2        3  15.3     0   125   11574    (-,-) 
  u_core/u_rls/mul_278_51/g1564/z                            (u)     in_0->z  R     unmapped_nor2        1   5.5     0    88   11661    (-,-) 
  u_core/u_rls/mul_278_51/g1566/z                            (u)     in_0->z  F     unmapped_nor2        5  25.5     0   157   11818    (-,-) 
  u_core/u_rls/mul_278_51/g1629/z                            (u)     in_1->z  R     unmapped_nor2        1   5.5     0    88   11906    (-,-) 
  u_core/u_rls/mul_278_51/g252/z                             (u)     in_0->z  F     unmapped_nor2        8  40.8     0   187   12093    (-,-) 
  u_core/u_rls/mul_278_51/g1676/z                            (u)     in_1->z  R     unmapped_nor2        1   5.5     0    88   12181    (-,-) 
  u_core/u_rls/mul_278_51/g1678/z                            (u)     in_0->z  F     unmapped_nor2        1   5.1     0    88   12269    (-,-) 
  u_core/u_rls/mul_278_51/g1720/z                            (u)     in_0->z  R     unmapped_nand2       1   5.5     0    88   12357    (-,-) 
  u_core/u_rls/mul_278_51/g1794/z                            (u)     in_0->z  F     unmapped_xnor2       1   5.1     0   197   12554    (-,-) 
  u_core/u_rls/sub_280_42/g15/z                              (u)     in_0->z  R     unmapped_not         2  11.0     0    66   12620    (-,-) 
  u_core/u_rls/sub_280_42/g45/z                              (u)     in_1->z  F     unmapped_nand2       2  10.2     0   108   12728    (-,-) 
  u_core/u_rls/sub_280_42/g194/z                             (u)     in_1->z  R     unmapped_nand2       1   5.5     0    88   12816    (-,-) 
  u_core/u_rls/sub_280_42/g195/z                             (u)     in_1->z  R     unmapped_xnor2      22 121.0     0   366   13182    (-,-) 
  u_core/u_rls/mul_281_46/g568/z                             (u)     in_1->z  F     unmapped_xor2       16  81.6     0   348   13530    (-,-) 
  u_core/u_rls/mul_281_46/g570/z                             (u)     in_0->z  R     unmapped_not         1   5.5     0    45   13576    (-,-) 
  u_core/u_rls/mul_281_46/g571/z                             (u)     in_0->z  R     unmapped_and2       16  88.0     0   239   13815    (-,-) 
  u_core/u_rls/mul_281_46/g582/z                             (u)     in_1->z  F     unmapped_nand2       1   5.1     0    88   13903    (-,-) 
  u_core/u_rls/mul_281_46/g583/z                             (u)     in_1->z  R     unmapped_nand2       3  16.5     0   125   14028    (-,-) 
  u_core/u_rls/mul_281_46/g984/z                             (u)     in_1->z  R     unmapped_xor2        1   5.5     0   197   14225    (-,-) 
  u_core/u_rls/mul_281_46/g985/z                             (u)     in_0->z  R     unmapped_xor2        3  16.5     0   235   14460    (-,-) 
  u_core/u_rls/mul_281_46/g1006/z                            (u)     in_1->z  F     unmapped_nand2       1   5.1     0    88   14548    (-,-) 
  u_core/u_rls/mul_281_46/g1007/z                            (u)     in_2->z  R     unmapped_nand3       3  16.5     0   163   14710    (-,-) 
  u_core/u_rls/mul_281_46/g1054/z                            (u)     in_1->z  F     unmapped_nand2       1   5.1     0    88   14798    (-,-) 
  u_core/u_rls/mul_281_46/g1055/z                            (u)     in_2->z  R     unmapped_nand3       3  16.5     0   163   14961    (-,-) 
  u_core/u_rls/mul_281_46/g1094/z                            (u)     in_1->z  R     unmapped_xor2        1   5.5     0   197   15158    (-,-) 
  u_core/u_rls/mul_281_46/g1095/z                            (u)     in_0->z  R     unmapped_xor2        2  11.0     0   218   15376    (-,-) 
  u_core/u_rls/mul_281_46/g1366/z                            (u)     in_1->z  F     unmapped_nor2        3  15.3     0   125   15501    (-,-) 
  u_core/u_rls/mul_281_46/g1418/z                            (u)     in_1->z  R     unmapped_nor2        1   5.5     0    88   15589    (-,-) 
  u_core/u_rls/mul_281_46/g1420/z                            (u)     in_0->z  F     unmapped_nor2        3  15.3     0   125   15715    (-,-) 
  u_core/u_rls/mul_281_46/g1481/z                            (u)     in_0->z  R     unmapped_nor2        1   5.5     0    88   15802    (-,-) 
  u_core/u_rls/mul_281_46/g1483/z                            (u)     in_0->z  F     unmapped_nor2        5  25.5     0   157   15960    (-,-) 
  u_core/u_rls/mul_281_46/g1548/z                            (u)     in_1->z  R     unmapped_nor2        1   5.5     0    88   16048    (-,-) 
  u_core/u_rls/mul_281_46/g252/z                             (u)     in_0->z  F     unmapped_nor2        8  40.8     0   187   16234    (-,-) 
  u_core/u_rls/mul_281_46/g1581/z                            (u)     in_1->z  R     unmapped_nor2        1   5.5     0    88   16322    (-,-) 
  u_core/u_rls/mul_281_46/g1583/z                            (u)     in_0->z  F     unmapped_nor2        1   5.1     0    88   16410    (-,-) 
  u_core/u_rls/mul_281_46/g1631/z                            (u)     in_0->z  R     unmapped_nand2       1   5.5     0    88   16498    (-,-) 
  u_core/u_rls/mul_281_46/g1706/z                            (u)     in_0->z  R     unmapped_xnor2       1   5.5     0   197   16695    (-,-) 
  u_core/u_rls/nr_x1_reg[11]/d                               -       -        R     unmapped_d_flop      1     -     -     0   16695    (-,-) 
#---------------------------------------------------------------------------------------------------------------------------------------------

(u) : Net has unmapped pin(s).



Path 6: VIOLATED (-6821 ps) Setup Check with Pin u_core/u_rls/nr_x1_reg[10]/clk->d
          Group: aquila_clk
     Startpoint: (R) u_core/u_rls/xTx_acc_reg[30]/clk
          Clock: (R) aquila_clk
       Endpoint: (R) u_core/u_rls/nr_x1_reg[10]/d
          Clock: (R) aquila_clk

                     Capture       Launch     
        Clock Edge:+   10000            0     
       Src Latency:+       0            0     
       Net Latency:+       0 (I)        0 (I) 
           Arrival:=   10000            0     
                                              
             Setup:-     302                  
     Required Time:=    9698                  
      Launch Clock:-       0                  
         Data Path:-   16519                  
             Slack:=   -6821                  

#---------------------------------------------------------------------------------------------------------------------------------------------
#                       Timing Point                         Flags     Arc    Edge      Cell        Fanout  Load Trans Delay Arrival Instance 
#                                                                                                           (fF)  (ps)  (ps)   (ps)  Location 
#---------------------------------------------------------------------------------------------------------------------------------------------
  u_core/u_rls/xTx_acc_reg[30]/clk                           -       -        R     (arrival)        22387     -     0     0       0    (-,-) 
  u_core/u_rls/xTx_acc_reg[30]/q                             (u)     clk->q   R     unmapped_d_flop    378 110.0     0   921     921    (-,-) 
  u_core/u_rls/mul_261_56/g1306/z                            (u)     in_1->z  F     unmapped_xor2       32 163.2     0   396    1317    (-,-) 
  u_core/u_rls/mul_261_56/g1308/z                            (u)     in_0->z  R     unmapped_not         1   5.5     0    45    1362    (-,-) 
  u_core/u_rls/mul_261_56/g1309/z                            (u)     in_0->z  R     unmapped_and2       32 176.0     0   287    1649    (-,-) 
  u_core/u_rls/mul_261_56/g1376/z                            (u)     in_1->z  F     unmapped_nand2       1   5.1     0    88    1737    (-,-) 
  u_core/u_rls/mul_261_56/g1377/z                            (u)     in_1->z  R     unmapped_nand2       3  16.5     0   125    1862    (-,-) 
  u_core/u_rls/mul_261_56/g4174/z                            (u)     in_0->z  R     unmapped_xor2        1   5.5     0   197    2059    (-,-) 
  u_core/u_rls/mul_261_56/g4175/z                            (u)     in_0->z  R     unmapped_xor2        3  16.5     0   235    2294    (-,-) 
  u_core/u_rls/mul_261_56/g4210/z                            (u)     in_1->z  R     unmapped_xor2        1   5.5     0   197    2491    (-,-) 
  u_core/u_rls/mul_261_56/g4211/z                            (u)     in_0->z  R     unmapped_xor2        3  16.5     0   235    2726    (-,-) 
  u_core/u_rls/mul_261_56/g4228/z                            (u)     in_1->z  R     unmapped_xor2        1   5.5     0   197    2923    (-,-) 
  u_core/u_rls/mul_261_56/g4229/z                            (u)     in_0->z  R     unmapped_xor2        3  16.5     0   235    3157    (-,-) 
  u_core/u_rls/mul_261_56/g4240/z                            (u)     in_0->z  R     unmapped_xor2        1   5.5     0   197    3354    (-,-) 
  u_core/u_rls/mul_261_56/g4241/z                            (u)     in_0->z  R     unmapped_xor2        3  16.5     0   235    3589    (-,-) 
  u_core/u_rls/mul_261_56/g4246/z                            (u)     in_1->z  R     unmapped_xor2        1   5.5     0   197    3786    (-,-) 
  u_core/u_rls/mul_261_56/g4247/z                            (u)     in_0->z  R     unmapped_xor2        2  11.0     0   218    4004    (-,-) 
  u_core/u_rls/mul_261_56/g5534/z                            (u)     in_1->z  F     unmapped_nor2        3  15.3     0   125    4129    (-,-) 
  u_core/u_rls/mul_261_56/g5650/z                            (u)     in_1->z  R     unmapped_nor2        1   5.5     0    88    4217    (-,-) 
  u_core/u_rls/mul_261_56/g5652/z                            (u)     in_0->z  F     unmapped_nor2        3  15.3     0   125    4342    (-,-) 
  u_core/u_rls/mul_261_56/g5785/z                            (u)     in_0->z  R     unmapped_nor2        1   5.5     0    88    4430    (-,-) 
  u_core/u_rls/mul_261_56/g5787/z                            (u)     in_0->z  F     unmapped_nor2        5  25.5     0   157    4587    (-,-) 
  u_core/u_rls/mul_261_56/g5923/z                            (u)     in_1->z  R     unmapped_nor2        1   5.5     0    88    4675    (-,-) 
  u_core/u_rls/mul_261_56/g5925/z                            (u)     in_0->z  F     unmapped_nor2        9  45.9     0   193    4869    (-,-) 
  u_core/u_rls/mul_261_56/g6033/z                            (u)     in_0->z  R     unmapped_nor2        1   5.5     0    88    4957    (-,-) 
  u_core/u_rls/mul_261_56/g6035/z                            (u)     in_0->z  F     unmapped_nor2        1   5.1     0    88    5044    (-,-) 
  u_core/u_rls/mul_261_56/g6228/z                            (u)     in_0->z  R     unmapped_nand2       1   5.5     0    88    5132    (-,-) 
  u_core/u_rls/mul_261_56/g6377/z                            (u)     in_0->z  R     unmapped_xnor2       2  11.0     0   218    5350    (-,-) 
  u_core/u_rls/add_264_40/g58/z                              (u)     in_1->z  F     unmapped_nor2        3  15.3     0   125    5475    (-,-) 
  u_core/u_rls/add_264_40/g122/z                             (u)     in_1->z  R     unmapped_nor2        2  11.0     0   108    5584    (-,-) 
  u_core/u_rls/add_264_40/g195/z                             (u)     in_1->z  F     unmapped_nand2       5  25.5     0   157    5741    (-,-) 
  u_core/u_rls/add_264_40/g263/z                             (u)     in_0->z  R     unmapped_nor2        2  11.0     0   108    5849    (-,-) 
  u_core/u_rls/add_264_40/g321/z                             (u)     in_1->z  F     unmapped_nand2       1   5.1     0    88    5937    (-,-) 
  u_core/u_rls/add_264_40/g364/z                             (u)     in_0->z  R     unmapped_not         1   5.5     0    45    5982    (-,-) 
  u_core/u_rls/add_264_40/g365/z                             (u)     in_1->z  F     unmapped_nand2       1   5.1     0    88    6070    (-,-) 
  u_core/u_rls/add_264_40/g366/z                             (u)     in_1->z  R     unmapped_nand2       1   5.5     0    88    6158    (-,-) 
  u_core/u_rls/add_264_40/g449/z                             (u)     in_0->z  R     unmapped_xnor2       2  11.0     0   218    6376    (-,-) 
  u_core/u_rls/eq_266_45/g2/z                                (u)     in_0->z  R     unmapped_xnor2       1   5.5     0   197    6573    (-,-) 
  u_core/u_rls/eq_266_45/g33/z                               (u)     in_1->z  F     unmapped_nand4       1   5.1     0   216    6789    (-,-) 
  u_core/u_rls/eq_266_45/g41/z                               (u)     in_0->z  R     unmapped_nor4        1   5.5     0   216    7006    (-,-) 
  u_core/u_rls/eq_266_45/g43/z                               (u)     in_1->z  F     unmapped_nand2       1   5.1     0    88    7094    (-,-) 
  u_core/u_rls/eq_266_45/g44/z                               (u)     in_0->z  R     unmapped_not         1   5.5     0    45    7139    (-,-) 
  u_core/u_rls/g612/z                                        (u)     in_1->z  R     unmapped_or2        16  88.0     0   239    7378    (-,-) 
  u_core/u_rls/mux_STAGE1_NR1.NR_STAGE1.d_norm_266_35/g2/z   (u)     sel0->z  F     unmapped_bmux3      18  91.8     0   354    7732    (-,-) 
  u_core/u_rls/ctl_addr_75_15/g97/z                          (u)     in_0->z  R     unmapped_not         8  44.0     0   144    7877    (-,-) 
  u_core/u_rls/ctl_addr_75_15/g43/z                          (u)     in_0->z  F     unmapped_nand4       2  10.2     0   237    8114    (-,-) 
  u_core/u_rls/ctl_addr_75_15/g48/z                          (u)     in_0->z  R     unmapped_nor2        5  27.5     0   157    8271    (-,-) 
  u_core/u_rls/nr_lut_read_275_26:mux_nr_lut_read_75_15/g1/z (u)     sel15->z R     unmapped_mux64      31 170.5     0   780    9051    (-,-) 
  u_core/u_rls/mul_278_51/g596/z                             (u)     in_1->z  F     unmapped_xor2       17  86.7     0   351    9402    (-,-) 
  u_core/u_rls/mul_278_51/g598/z                             (u)     in_0->z  R     unmapped_not         1   5.5     0    45    9448    (-,-) 
  u_core/u_rls/mul_278_51/g599/z                             (u)     in_0->z  R     unmapped_and2       17  93.5     0   242    9690    (-,-) 
  u_core/u_rls/mul_278_51/g614/z                             (u)     in_1->z  F     unmapped_nand2       1   5.1     0    88    9778    (-,-) 
  u_core/u_rls/mul_278_51/g615/z                             (u)     in_1->z  R     unmapped_nand2       3  16.5     0   125    9903    (-,-) 
  u_core/u_rls/mul_278_51/g1064/z                            (u)     in_1->z  F     unmapped_nand2       1   5.1     0    88    9991    (-,-) 
  u_core/u_rls/mul_278_51/g1066/z                            (u)     in_1->z  R     unmapped_nand3       3  16.5     0   163   10154    (-,-) 
  u_core/u_rls/mul_278_51/g1115/z                            (u)     in_1->z  R     unmapped_xor2        1   5.5     0   197   10351    (-,-) 
  u_core/u_rls/mul_278_51/g1116/z                            (u)     in_0->z  R     unmapped_xor2        3  16.5     0   235   10586    (-,-) 
  u_core/u_rls/mul_278_51/g1127/z                            (u)     in_1->z  R     unmapped_xor2        1   5.5     0   197   10783    (-,-) 
  u_core/u_rls/mul_278_51/g1128/z                            (u)     in_0->z  R     unmapped_xor2        3  16.5     0   235   11017    (-,-) 
  u_core/u_rls/mul_278_51/g1134/z                            (u)     in_1->z  R     unmapped_xor2        2  11.0     0   218   11235    (-,-) 
  u_core/u_rls/mul_278_51/g1445/z                            (u)     in_1->z  F     unmapped_nor2        3  15.3     0   125   11360    (-,-) 
  u_core/u_rls/mul_278_51/g1498/z                            (u)     in_1->z  R     unmapped_nor2        1   5.5     0    88   11448    (-,-) 
  u_core/u_rls/mul_278_51/g1500/z                            (u)     in_0->z  F     unmapped_nor2        3  15.3     0   125   11574    (-,-) 
  u_core/u_rls/mul_278_51/g1564/z                            (u)     in_0->z  R     unmapped_nor2        1   5.5     0    88   11661    (-,-) 
  u_core/u_rls/mul_278_51/g1566/z                            (u)     in_0->z  F     unmapped_nor2        5  25.5     0   157   11818    (-,-) 
  u_core/u_rls/mul_278_51/g1629/z                            (u)     in_1->z  R     unmapped_nor2        1   5.5     0    88   11906    (-,-) 
  u_core/u_rls/mul_278_51/g252/z                             (u)     in_0->z  F     unmapped_nor2        8  40.8     0   187   12093    (-,-) 
  u_core/u_rls/mul_278_51/g1676/z                            (u)     in_1->z  R     unmapped_nor2        1   5.5     0    88   12181    (-,-) 
  u_core/u_rls/mul_278_51/g1678/z                            (u)     in_0->z  F     unmapped_nor2        1   5.1     0    88   12269    (-,-) 
  u_core/u_rls/mul_278_51/g1720/z                            (u)     in_0->z  R     unmapped_nand2       1   5.5     0    88   12357    (-,-) 
  u_core/u_rls/mul_278_51/g1794/z                            (u)     in_0->z  F     unmapped_xnor2       1   5.1     0   197   12554    (-,-) 
  u_core/u_rls/sub_280_42/g15/z                              (u)     in_0->z  R     unmapped_not         2  11.0     0    66   12620    (-,-) 
  u_core/u_rls/sub_280_42/g45/z                              (u)     in_1->z  F     unmapped_nand2       2  10.2     0   108   12728    (-,-) 
  u_core/u_rls/sub_280_42/g194/z                             (u)     in_1->z  R     unmapped_nand2       1   5.5     0    88   12816    (-,-) 
  u_core/u_rls/sub_280_42/g195/z                             (u)     in_1->z  R     unmapped_xnor2      22 121.0     0   366   13182    (-,-) 
  u_core/u_rls/mul_281_46/g568/z                             (u)     in_1->z  F     unmapped_xor2       16  81.6     0   348   13530    (-,-) 
  u_core/u_rls/mul_281_46/g570/z                             (u)     in_0->z  R     unmapped_not         1   5.5     0    45   13576    (-,-) 
  u_core/u_rls/mul_281_46/g571/z                             (u)     in_0->z  R     unmapped_and2       16  88.0     0   239   13815    (-,-) 
  u_core/u_rls/mul_281_46/g582/z                             (u)     in_1->z  F     unmapped_nand2       1   5.1     0    88   13903    (-,-) 
  u_core/u_rls/mul_281_46/g583/z                             (u)     in_1->z  R     unmapped_nand2       3  16.5     0   125   14028    (-,-) 
  u_core/u_rls/mul_281_46/g984/z                             (u)     in_1->z  R     unmapped_xor2        1   5.5     0   197   14225    (-,-) 
  u_core/u_rls/mul_281_46/g985/z                             (u)     in_0->z  R     unmapped_xor2        3  16.5     0   235   14460    (-,-) 
  u_core/u_rls/mul_281_46/g1006/z                            (u)     in_1->z  F     unmapped_nand2       1   5.1     0    88   14548    (-,-) 
  u_core/u_rls/mul_281_46/g1007/z                            (u)     in_2->z  R     unmapped_nand3       3  16.5     0   163   14710    (-,-) 
  u_core/u_rls/mul_281_46/g1054/z                            (u)     in_1->z  F     unmapped_nand2       1   5.1     0    88   14798    (-,-) 
  u_core/u_rls/mul_281_46/g1055/z                            (u)     in_2->z  R     unmapped_nand3       3  16.5     0   163   14961    (-,-) 
  u_core/u_rls/mul_281_46/g1094/z                            (u)     in_1->z  R     unmapped_xor2        1   5.5     0   197   15158    (-,-) 
  u_core/u_rls/mul_281_46/g1095/z                            (u)     in_0->z  R     unmapped_xor2        2  11.0     0   218   15376    (-,-) 
  u_core/u_rls/mul_281_46/g1366/z                            (u)     in_1->z  F     unmapped_nor2        3  15.3     0   125   15501    (-,-) 
  u_core/u_rls/mul_281_46/g1418/z                            (u)     in_1->z  R     unmapped_nor2        1   5.5     0    88   15589    (-,-) 
  u_core/u_rls/mul_281_46/g1420/z                            (u)     in_0->z  F     unmapped_nor2        3  15.3     0   125   15715    (-,-) 
  u_core/u_rls/mul_281_46/g1481/z                            (u)     in_0->z  R     unmapped_nor2        1   5.5     0    88   15802    (-,-) 
  u_core/u_rls/mul_281_46/g1483/z                            (u)     in_0->z  F     unmapped_nor2        5  25.5     0   157   15960    (-,-) 
  u_core/u_rls/mul_281_46/g1548/z                            (u)     in_1->z  R     unmapped_nor2        1   5.5     0    88   16048    (-,-) 
  u_core/u_rls/mul_281_46/g252/z                             (u)     in_0->z  F     unmapped_nor2        8  40.8     0   187   16234    (-,-) 
  u_core/u_rls/mul_281_46/g1628/z                            (u)     in_0->z  R     unmapped_nand2       1   5.5     0    88   16322    (-,-) 
  u_core/u_rls/mul_281_46/g1703/z                            (u)     in_0->z  R     unmapped_xnor2       1   5.5     0   197   16519    (-,-) 
  u_core/u_rls/nr_x1_reg[10]/d                               -       -        R     unmapped_d_flop      1     -     -     0   16519    (-,-) 
#---------------------------------------------------------------------------------------------------------------------------------------------

(u) : Net has unmapped pin(s).



Path 7: VIOLATED (-6808 ps) Setup Check with Pin u_core/u_rls/nr_x1_reg[9]/clk->d
          Group: aquila_clk
     Startpoint: (R) u_core/u_rls/xTx_acc_reg[30]/clk
          Clock: (R) aquila_clk
       Endpoint: (R) u_core/u_rls/nr_x1_reg[9]/d
          Clock: (R) aquila_clk

                     Capture       Launch     
        Clock Edge:+   10000            0     
       Src Latency:+       0            0     
       Net Latency:+       0 (I)        0 (I) 
           Arrival:=   10000            0     
                                              
             Setup:-     302                  
     Required Time:=    9698                  
      Launch Clock:-       0                  
         Data Path:-   16506                  
             Slack:=   -6808                  

#---------------------------------------------------------------------------------------------------------------------------------------------
#                       Timing Point                         Flags     Arc    Edge      Cell        Fanout  Load Trans Delay Arrival Instance 
#                                                                                                           (fF)  (ps)  (ps)   (ps)  Location 
#---------------------------------------------------------------------------------------------------------------------------------------------
  u_core/u_rls/xTx_acc_reg[30]/clk                           -       -        R     (arrival)        22387     -     0     0       0    (-,-) 
  u_core/u_rls/xTx_acc_reg[30]/q                             (u)     clk->q   R     unmapped_d_flop    378 110.0     0   921     921    (-,-) 
  u_core/u_rls/mul_261_56/g1306/z                            (u)     in_1->z  F     unmapped_xor2       32 163.2     0   396    1317    (-,-) 
  u_core/u_rls/mul_261_56/g1308/z                            (u)     in_0->z  R     unmapped_not         1   5.5     0    45    1362    (-,-) 
  u_core/u_rls/mul_261_56/g1309/z                            (u)     in_0->z  R     unmapped_and2       32 176.0     0   287    1649    (-,-) 
  u_core/u_rls/mul_261_56/g1376/z                            (u)     in_1->z  F     unmapped_nand2       1   5.1     0    88    1737    (-,-) 
  u_core/u_rls/mul_261_56/g1377/z                            (u)     in_1->z  R     unmapped_nand2       3  16.5     0   125    1862    (-,-) 
  u_core/u_rls/mul_261_56/g4174/z                            (u)     in_0->z  R     unmapped_xor2        1   5.5     0   197    2059    (-,-) 
  u_core/u_rls/mul_261_56/g4175/z                            (u)     in_0->z  R     unmapped_xor2        3  16.5     0   235    2294    (-,-) 
  u_core/u_rls/mul_261_56/g4210/z                            (u)     in_1->z  R     unmapped_xor2        1   5.5     0   197    2491    (-,-) 
  u_core/u_rls/mul_261_56/g4211/z                            (u)     in_0->z  R     unmapped_xor2        3  16.5     0   235    2726    (-,-) 
  u_core/u_rls/mul_261_56/g4228/z                            (u)     in_1->z  R     unmapped_xor2        1   5.5     0   197    2923    (-,-) 
  u_core/u_rls/mul_261_56/g4229/z                            (u)     in_0->z  R     unmapped_xor2        3  16.5     0   235    3157    (-,-) 
  u_core/u_rls/mul_261_56/g4240/z                            (u)     in_0->z  R     unmapped_xor2        1   5.5     0   197    3354    (-,-) 
  u_core/u_rls/mul_261_56/g4241/z                            (u)     in_0->z  R     unmapped_xor2        3  16.5     0   235    3589    (-,-) 
  u_core/u_rls/mul_261_56/g4246/z                            (u)     in_1->z  R     unmapped_xor2        1   5.5     0   197    3786    (-,-) 
  u_core/u_rls/mul_261_56/g4247/z                            (u)     in_0->z  R     unmapped_xor2        2  11.0     0   218    4004    (-,-) 
  u_core/u_rls/mul_261_56/g5534/z                            (u)     in_1->z  F     unmapped_nor2        3  15.3     0   125    4129    (-,-) 
  u_core/u_rls/mul_261_56/g5650/z                            (u)     in_1->z  R     unmapped_nor2        1   5.5     0    88    4217    (-,-) 
  u_core/u_rls/mul_261_56/g5652/z                            (u)     in_0->z  F     unmapped_nor2        3  15.3     0   125    4342    (-,-) 
  u_core/u_rls/mul_261_56/g5785/z                            (u)     in_0->z  R     unmapped_nor2        1   5.5     0    88    4430    (-,-) 
  u_core/u_rls/mul_261_56/g5787/z                            (u)     in_0->z  F     unmapped_nor2        5  25.5     0   157    4587    (-,-) 
  u_core/u_rls/mul_261_56/g5923/z                            (u)     in_1->z  R     unmapped_nor2        1   5.5     0    88    4675    (-,-) 
  u_core/u_rls/mul_261_56/g5925/z                            (u)     in_0->z  F     unmapped_nor2        9  45.9     0   193    4869    (-,-) 
  u_core/u_rls/mul_261_56/g6033/z                            (u)     in_0->z  R     unmapped_nor2        1   5.5     0    88    4957    (-,-) 
  u_core/u_rls/mul_261_56/g6035/z                            (u)     in_0->z  F     unmapped_nor2        1   5.1     0    88    5044    (-,-) 
  u_core/u_rls/mul_261_56/g6228/z                            (u)     in_0->z  R     unmapped_nand2       1   5.5     0    88    5132    (-,-) 
  u_core/u_rls/mul_261_56/g6377/z                            (u)     in_0->z  R     unmapped_xnor2       2  11.0     0   218    5350    (-,-) 
  u_core/u_rls/add_264_40/g58/z                              (u)     in_1->z  F     unmapped_nor2        3  15.3     0   125    5475    (-,-) 
  u_core/u_rls/add_264_40/g122/z                             (u)     in_1->z  R     unmapped_nor2        2  11.0     0   108    5584    (-,-) 
  u_core/u_rls/add_264_40/g195/z                             (u)     in_1->z  F     unmapped_nand2       5  25.5     0   157    5741    (-,-) 
  u_core/u_rls/add_264_40/g263/z                             (u)     in_0->z  R     unmapped_nor2        2  11.0     0   108    5849    (-,-) 
  u_core/u_rls/add_264_40/g321/z                             (u)     in_1->z  F     unmapped_nand2       1   5.1     0    88    5937    (-,-) 
  u_core/u_rls/add_264_40/g364/z                             (u)     in_0->z  R     unmapped_not         1   5.5     0    45    5982    (-,-) 
  u_core/u_rls/add_264_40/g365/z                             (u)     in_1->z  F     unmapped_nand2       1   5.1     0    88    6070    (-,-) 
  u_core/u_rls/add_264_40/g366/z                             (u)     in_1->z  R     unmapped_nand2       1   5.5     0    88    6158    (-,-) 
  u_core/u_rls/add_264_40/g449/z                             (u)     in_0->z  R     unmapped_xnor2       2  11.0     0   218    6376    (-,-) 
  u_core/u_rls/eq_266_45/g2/z                                (u)     in_0->z  R     unmapped_xnor2       1   5.5     0   197    6573    (-,-) 
  u_core/u_rls/eq_266_45/g33/z                               (u)     in_1->z  F     unmapped_nand4       1   5.1     0   216    6789    (-,-) 
  u_core/u_rls/eq_266_45/g41/z                               (u)     in_0->z  R     unmapped_nor4        1   5.5     0   216    7006    (-,-) 
  u_core/u_rls/eq_266_45/g43/z                               (u)     in_1->z  F     unmapped_nand2       1   5.1     0    88    7094    (-,-) 
  u_core/u_rls/eq_266_45/g44/z                               (u)     in_0->z  R     unmapped_not         1   5.5     0    45    7139    (-,-) 
  u_core/u_rls/g612/z                                        (u)     in_1->z  R     unmapped_or2        16  88.0     0   239    7378    (-,-) 
  u_core/u_rls/mux_STAGE1_NR1.NR_STAGE1.d_norm_266_35/g2/z   (u)     sel0->z  F     unmapped_bmux3      18  91.8     0   354    7732    (-,-) 
  u_core/u_rls/ctl_addr_75_15/g97/z                          (u)     in_0->z  R     unmapped_not         8  44.0     0   144    7877    (-,-) 
  u_core/u_rls/ctl_addr_75_15/g43/z                          (u)     in_0->z  F     unmapped_nand4       2  10.2     0   237    8114    (-,-) 
  u_core/u_rls/ctl_addr_75_15/g48/z                          (u)     in_0->z  R     unmapped_nor2        5  27.5     0   157    8271    (-,-) 
  u_core/u_rls/nr_lut_read_275_26:mux_nr_lut_read_75_15/g1/z (u)     sel15->z R     unmapped_mux64      31 170.5     0   780    9051    (-,-) 
  u_core/u_rls/mul_278_51/g596/z                             (u)     in_1->z  F     unmapped_xor2       17  86.7     0   351    9402    (-,-) 
  u_core/u_rls/mul_278_51/g598/z                             (u)     in_0->z  R     unmapped_not         1   5.5     0    45    9448    (-,-) 
  u_core/u_rls/mul_278_51/g599/z                             (u)     in_0->z  R     unmapped_and2       17  93.5     0   242    9690    (-,-) 
  u_core/u_rls/mul_278_51/g614/z                             (u)     in_1->z  F     unmapped_nand2       1   5.1     0    88    9778    (-,-) 
  u_core/u_rls/mul_278_51/g615/z                             (u)     in_1->z  R     unmapped_nand2       3  16.5     0   125    9903    (-,-) 
  u_core/u_rls/mul_278_51/g1064/z                            (u)     in_1->z  F     unmapped_nand2       1   5.1     0    88    9991    (-,-) 
  u_core/u_rls/mul_278_51/g1066/z                            (u)     in_1->z  R     unmapped_nand3       3  16.5     0   163   10154    (-,-) 
  u_core/u_rls/mul_278_51/g1115/z                            (u)     in_1->z  R     unmapped_xor2        1   5.5     0   197   10351    (-,-) 
  u_core/u_rls/mul_278_51/g1116/z                            (u)     in_0->z  R     unmapped_xor2        3  16.5     0   235   10586    (-,-) 
  u_core/u_rls/mul_278_51/g1127/z                            (u)     in_1->z  R     unmapped_xor2        1   5.5     0   197   10783    (-,-) 
  u_core/u_rls/mul_278_51/g1128/z                            (u)     in_0->z  R     unmapped_xor2        3  16.5     0   235   11017    (-,-) 
  u_core/u_rls/mul_278_51/g1134/z                            (u)     in_1->z  R     unmapped_xor2        2  11.0     0   218   11235    (-,-) 
  u_core/u_rls/mul_278_51/g1445/z                            (u)     in_1->z  F     unmapped_nor2        3  15.3     0   125   11360    (-,-) 
  u_core/u_rls/mul_278_51/g1498/z                            (u)     in_1->z  R     unmapped_nor2        1   5.5     0    88   11448    (-,-) 
  u_core/u_rls/mul_278_51/g1500/z                            (u)     in_0->z  F     unmapped_nor2        3  15.3     0   125   11574    (-,-) 
  u_core/u_rls/mul_278_51/g1564/z                            (u)     in_0->z  R     unmapped_nor2        1   5.5     0    88   11661    (-,-) 
  u_core/u_rls/mul_278_51/g1566/z                            (u)     in_0->z  F     unmapped_nor2        5  25.5     0   157   11818    (-,-) 
  u_core/u_rls/mul_278_51/g1629/z                            (u)     in_1->z  R     unmapped_nor2        1   5.5     0    88   11906    (-,-) 
  u_core/u_rls/mul_278_51/g252/z                             (u)     in_0->z  F     unmapped_nor2        8  40.8     0   187   12093    (-,-) 
  u_core/u_rls/mul_278_51/g1667/z                            (u)     in_0->z  R     unmapped_nor2        1   5.5     0    88   12181    (-,-) 
  u_core/u_rls/mul_278_51/g1669/z                            (u)     in_0->z  F     unmapped_nor2        1   5.1     0    88   12269    (-,-) 
  u_core/u_rls/mul_278_51/g1714/z                            (u)     in_0->z  R     unmapped_nand2       1   5.5     0    88   12357    (-,-) 
  u_core/u_rls/mul_278_51/g1788/z                            (u)     in_0->z  F     unmapped_xnor2       1   5.1     0   197   12554    (-,-) 
  u_core/u_rls/sub_280_42/g13/z                              (u)     in_0->z  R     unmapped_not         2  11.0     0    66   12620    (-,-) 
  u_core/u_rls/sub_280_42/g41/z                              (u)     in_1->z  F     unmapped_nand2       2  10.2     0   108   12728    (-,-) 
  u_core/u_rls/sub_280_42/g188/z                             (u)     in_1->z  R     unmapped_nand2       1   5.5     0    88   12816    (-,-) 
  u_core/u_rls/sub_280_42/g189/z                             (u)     in_1->z  R     unmapped_xnor2      22 121.0     0   366   13182    (-,-) 
  u_core/u_rls/mul_281_46/g487/z                             (u)     in_1->z  F     unmapped_xor2       16  81.6     0   348   13530    (-,-) 
  u_core/u_rls/mul_281_46/g489/z                             (u)     in_0->z  R     unmapped_not         1   5.5     0    45   13576    (-,-) 
  u_core/u_rls/mul_281_46/g490/z                             (u)     in_0->z  R     unmapped_and2       16  88.0     0   239   13815    (-,-) 
  u_core/u_rls/mul_281_46/g505/z                             (u)     in_1->z  F     unmapped_nand2       1   5.1     0    88   13903    (-,-) 
  u_core/u_rls/mul_281_46/g506/z                             (u)     in_1->z  R     unmapped_nand2       3  16.5     0   125   14028    (-,-) 
  u_core/u_rls/mul_281_46/g958/z                             (u)     in_1->z  R     unmapped_xor2        1   5.5     0   197   14225    (-,-) 
  u_core/u_rls/mul_281_46/g959/z                             (u)     in_0->z  R     unmapped_xor2        3  16.5     0   235   14460    (-,-) 
  u_core/u_rls/mul_281_46/g970/z                             (u)     in_1->z  R     unmapped_xor2        1   5.5     0   197   14657    (-,-) 
  u_core/u_rls/mul_281_46/g971/z                             (u)     in_0->z  R     unmapped_xor2        3  16.5     0   235   14892    (-,-) 
  u_core/u_rls/mul_281_46/g976/z                             (u)     in_1->z  R     unmapped_xor2        1   5.5     0   197   15089    (-,-) 
  u_core/u_rls/mul_281_46/g977/z                             (u)     in_0->z  R     unmapped_xor2        2  11.0     0   218   15306    (-,-) 
  u_core/u_rls/mul_281_46/g1360/z                            (u)     in_1->z  F     unmapped_nor2        3  15.3     0   125   15432    (-,-) 
  u_core/u_rls/mul_281_46/g1417/z                            (u)     in_0->z  R     unmapped_nor2        2  11.0     0   108   15540    (-,-) 
  u_core/u_rls/mul_281_46/g1473/z                            (u)     in_0->z  F     unmapped_not         1   5.1     0    45   15585    (-,-) 
  u_core/u_rls/mul_281_46/g1474/z                            (u)     in_1->z  R     unmapped_nor2        1   5.5     0    88   15673    (-,-) 
  u_core/u_rls/mul_281_46/g1476/z                            (u)     in_0->z  F     unmapped_nor2        1   5.1     0    88   15761    (-,-) 
  u_core/u_rls/mul_281_46/g1535/z                            (u)     in_0->z  R     unmapped_not         1   5.5     0    45   15806    (-,-) 
  u_core/u_rls/mul_281_46/g235/z                             (u)     in_1->z  F     unmapped_nor2        1   5.1     0    88   15894    (-,-) 
  u_core/u_rls/mul_281_46/g1580/z                            (u)     in_0->z  R     unmapped_nand2      16  88.0     0   239   16133    (-,-) 
  u_core/u_rls/mul_281_46/g1625/z                            (u)     in_1->z  F     unmapped_nand2       1   5.1     0    88   16221    (-,-) 
  u_core/u_rls/mul_281_46/g1626/z                            (u)     in_1->z  R     unmapped_nand2       1   5.5     0    88   16309    (-,-) 
  u_core/u_rls/mul_281_46/g1701/z                            (u)     in_0->z  R     unmapped_xnor2       1   5.5     0   197   16506    (-,-) 
  u_core/u_rls/nr_x1_reg[9]/d                                -       -        R     unmapped_d_flop      1     -     -     0   16506    (-,-) 
#---------------------------------------------------------------------------------------------------------------------------------------------

(u) : Net has unmapped pin(s).



Path 8: VIOLATED (-6808 ps) Setup Check with Pin u_core/u_rls/nr_x1_reg[8]/clk->d
          Group: aquila_clk
     Startpoint: (R) u_core/u_rls/xTx_acc_reg[30]/clk
          Clock: (R) aquila_clk
       Endpoint: (R) u_core/u_rls/nr_x1_reg[8]/d
          Clock: (R) aquila_clk

                     Capture       Launch     
        Clock Edge:+   10000            0     
       Src Latency:+       0            0     
       Net Latency:+       0 (I)        0 (I) 
           Arrival:=   10000            0     
                                              
             Setup:-     302                  
     Required Time:=    9698                  
      Launch Clock:-       0                  
         Data Path:-   16506                  
             Slack:=   -6808                  

#---------------------------------------------------------------------------------------------------------------------------------------------
#                       Timing Point                         Flags     Arc    Edge      Cell        Fanout  Load Trans Delay Arrival Instance 
#                                                                                                           (fF)  (ps)  (ps)   (ps)  Location 
#---------------------------------------------------------------------------------------------------------------------------------------------
  u_core/u_rls/xTx_acc_reg[30]/clk                           -       -        R     (arrival)        22387     -     0     0       0    (-,-) 
  u_core/u_rls/xTx_acc_reg[30]/q                             (u)     clk->q   R     unmapped_d_flop    378 110.0     0   921     921    (-,-) 
  u_core/u_rls/mul_261_56/g1306/z                            (u)     in_1->z  F     unmapped_xor2       32 163.2     0   396    1317    (-,-) 
  u_core/u_rls/mul_261_56/g1308/z                            (u)     in_0->z  R     unmapped_not         1   5.5     0    45    1362    (-,-) 
  u_core/u_rls/mul_261_56/g1309/z                            (u)     in_0->z  R     unmapped_and2       32 176.0     0   287    1649    (-,-) 
  u_core/u_rls/mul_261_56/g1376/z                            (u)     in_1->z  F     unmapped_nand2       1   5.1     0    88    1737    (-,-) 
  u_core/u_rls/mul_261_56/g1377/z                            (u)     in_1->z  R     unmapped_nand2       3  16.5     0   125    1862    (-,-) 
  u_core/u_rls/mul_261_56/g4174/z                            (u)     in_0->z  R     unmapped_xor2        1   5.5     0   197    2059    (-,-) 
  u_core/u_rls/mul_261_56/g4175/z                            (u)     in_0->z  R     unmapped_xor2        3  16.5     0   235    2294    (-,-) 
  u_core/u_rls/mul_261_56/g4210/z                            (u)     in_1->z  R     unmapped_xor2        1   5.5     0   197    2491    (-,-) 
  u_core/u_rls/mul_261_56/g4211/z                            (u)     in_0->z  R     unmapped_xor2        3  16.5     0   235    2726    (-,-) 
  u_core/u_rls/mul_261_56/g4228/z                            (u)     in_1->z  R     unmapped_xor2        1   5.5     0   197    2923    (-,-) 
  u_core/u_rls/mul_261_56/g4229/z                            (u)     in_0->z  R     unmapped_xor2        3  16.5     0   235    3157    (-,-) 
  u_core/u_rls/mul_261_56/g4240/z                            (u)     in_0->z  R     unmapped_xor2        1   5.5     0   197    3354    (-,-) 
  u_core/u_rls/mul_261_56/g4241/z                            (u)     in_0->z  R     unmapped_xor2        3  16.5     0   235    3589    (-,-) 
  u_core/u_rls/mul_261_56/g4246/z                            (u)     in_1->z  R     unmapped_xor2        1   5.5     0   197    3786    (-,-) 
  u_core/u_rls/mul_261_56/g4247/z                            (u)     in_0->z  R     unmapped_xor2        2  11.0     0   218    4004    (-,-) 
  u_core/u_rls/mul_261_56/g5534/z                            (u)     in_1->z  F     unmapped_nor2        3  15.3     0   125    4129    (-,-) 
  u_core/u_rls/mul_261_56/g5650/z                            (u)     in_1->z  R     unmapped_nor2        1   5.5     0    88    4217    (-,-) 
  u_core/u_rls/mul_261_56/g5652/z                            (u)     in_0->z  F     unmapped_nor2        3  15.3     0   125    4342    (-,-) 
  u_core/u_rls/mul_261_56/g5785/z                            (u)     in_0->z  R     unmapped_nor2        1   5.5     0    88    4430    (-,-) 
  u_core/u_rls/mul_261_56/g5787/z                            (u)     in_0->z  F     unmapped_nor2        5  25.5     0   157    4587    (-,-) 
  u_core/u_rls/mul_261_56/g5923/z                            (u)     in_1->z  R     unmapped_nor2        1   5.5     0    88    4675    (-,-) 
  u_core/u_rls/mul_261_56/g5925/z                            (u)     in_0->z  F     unmapped_nor2        9  45.9     0   193    4869    (-,-) 
  u_core/u_rls/mul_261_56/g6033/z                            (u)     in_0->z  R     unmapped_nor2        1   5.5     0    88    4957    (-,-) 
  u_core/u_rls/mul_261_56/g6035/z                            (u)     in_0->z  F     unmapped_nor2        1   5.1     0    88    5044    (-,-) 
  u_core/u_rls/mul_261_56/g6228/z                            (u)     in_0->z  R     unmapped_nand2       1   5.5     0    88    5132    (-,-) 
  u_core/u_rls/mul_261_56/g6377/z                            (u)     in_0->z  R     unmapped_xnor2       2  11.0     0   218    5350    (-,-) 
  u_core/u_rls/add_264_40/g58/z                              (u)     in_1->z  F     unmapped_nor2        3  15.3     0   125    5475    (-,-) 
  u_core/u_rls/add_264_40/g122/z                             (u)     in_1->z  R     unmapped_nor2        2  11.0     0   108    5584    (-,-) 
  u_core/u_rls/add_264_40/g195/z                             (u)     in_1->z  F     unmapped_nand2       5  25.5     0   157    5741    (-,-) 
  u_core/u_rls/add_264_40/g263/z                             (u)     in_0->z  R     unmapped_nor2        2  11.0     0   108    5849    (-,-) 
  u_core/u_rls/add_264_40/g321/z                             (u)     in_1->z  F     unmapped_nand2       1   5.1     0    88    5937    (-,-) 
  u_core/u_rls/add_264_40/g364/z                             (u)     in_0->z  R     unmapped_not         1   5.5     0    45    5982    (-,-) 
  u_core/u_rls/add_264_40/g365/z                             (u)     in_1->z  F     unmapped_nand2       1   5.1     0    88    6070    (-,-) 
  u_core/u_rls/add_264_40/g366/z                             (u)     in_1->z  R     unmapped_nand2       1   5.5     0    88    6158    (-,-) 
  u_core/u_rls/add_264_40/g449/z                             (u)     in_0->z  R     unmapped_xnor2       2  11.0     0   218    6376    (-,-) 
  u_core/u_rls/eq_266_45/g2/z                                (u)     in_0->z  R     unmapped_xnor2       1   5.5     0   197    6573    (-,-) 
  u_core/u_rls/eq_266_45/g33/z                               (u)     in_1->z  F     unmapped_nand4       1   5.1     0   216    6789    (-,-) 
  u_core/u_rls/eq_266_45/g41/z                               (u)     in_0->z  R     unmapped_nor4        1   5.5     0   216    7006    (-,-) 
  u_core/u_rls/eq_266_45/g43/z                               (u)     in_1->z  F     unmapped_nand2       1   5.1     0    88    7094    (-,-) 
  u_core/u_rls/eq_266_45/g44/z                               (u)     in_0->z  R     unmapped_not         1   5.5     0    45    7139    (-,-) 
  u_core/u_rls/g612/z                                        (u)     in_1->z  R     unmapped_or2        16  88.0     0   239    7378    (-,-) 
  u_core/u_rls/mux_STAGE1_NR1.NR_STAGE1.d_norm_266_35/g2/z   (u)     sel0->z  F     unmapped_bmux3      18  91.8     0   354    7732    (-,-) 
  u_core/u_rls/ctl_addr_75_15/g97/z                          (u)     in_0->z  R     unmapped_not         8  44.0     0   144    7877    (-,-) 
  u_core/u_rls/ctl_addr_75_15/g43/z                          (u)     in_0->z  F     unmapped_nand4       2  10.2     0   237    8114    (-,-) 
  u_core/u_rls/ctl_addr_75_15/g48/z                          (u)     in_0->z  R     unmapped_nor2        5  27.5     0   157    8271    (-,-) 
  u_core/u_rls/nr_lut_read_275_26:mux_nr_lut_read_75_15/g1/z (u)     sel15->z R     unmapped_mux64      31 170.5     0   780    9051    (-,-) 
  u_core/u_rls/mul_278_51/g596/z                             (u)     in_1->z  F     unmapped_xor2       17  86.7     0   351    9402    (-,-) 
  u_core/u_rls/mul_278_51/g598/z                             (u)     in_0->z  R     unmapped_not         1   5.5     0    45    9448    (-,-) 
  u_core/u_rls/mul_278_51/g599/z                             (u)     in_0->z  R     unmapped_and2       17  93.5     0   242    9690    (-,-) 
  u_core/u_rls/mul_278_51/g614/z                             (u)     in_1->z  F     unmapped_nand2       1   5.1     0    88    9778    (-,-) 
  u_core/u_rls/mul_278_51/g615/z                             (u)     in_1->z  R     unmapped_nand2       3  16.5     0   125    9903    (-,-) 
  u_core/u_rls/mul_278_51/g1064/z                            (u)     in_1->z  F     unmapped_nand2       1   5.1     0    88    9991    (-,-) 
  u_core/u_rls/mul_278_51/g1066/z                            (u)     in_1->z  R     unmapped_nand3       3  16.5     0   163   10154    (-,-) 
  u_core/u_rls/mul_278_51/g1115/z                            (u)     in_1->z  R     unmapped_xor2        1   5.5     0   197   10351    (-,-) 
  u_core/u_rls/mul_278_51/g1116/z                            (u)     in_0->z  R     unmapped_xor2        3  16.5     0   235   10586    (-,-) 
  u_core/u_rls/mul_278_51/g1127/z                            (u)     in_1->z  R     unmapped_xor2        1   5.5     0   197   10783    (-,-) 
  u_core/u_rls/mul_278_51/g1128/z                            (u)     in_0->z  R     unmapped_xor2        3  16.5     0   235   11017    (-,-) 
  u_core/u_rls/mul_278_51/g1134/z                            (u)     in_1->z  R     unmapped_xor2        2  11.0     0   218   11235    (-,-) 
  u_core/u_rls/mul_278_51/g1445/z                            (u)     in_1->z  F     unmapped_nor2        3  15.3     0   125   11360    (-,-) 
  u_core/u_rls/mul_278_51/g1498/z                            (u)     in_1->z  R     unmapped_nor2        1   5.5     0    88   11448    (-,-) 
  u_core/u_rls/mul_278_51/g1500/z                            (u)     in_0->z  F     unmapped_nor2        3  15.3     0   125   11574    (-,-) 
  u_core/u_rls/mul_278_51/g1564/z                            (u)     in_0->z  R     unmapped_nor2        1   5.5     0    88   11661    (-,-) 
  u_core/u_rls/mul_278_51/g1566/z                            (u)     in_0->z  F     unmapped_nor2        5  25.5     0   157   11818    (-,-) 
  u_core/u_rls/mul_278_51/g1629/z                            (u)     in_1->z  R     unmapped_nor2        1   5.5     0    88   11906    (-,-) 
  u_core/u_rls/mul_278_51/g252/z                             (u)     in_0->z  F     unmapped_nor2        8  40.8     0   187   12093    (-,-) 
  u_core/u_rls/mul_278_51/g1667/z                            (u)     in_0->z  R     unmapped_nor2        1   5.5     0    88   12181    (-,-) 
  u_core/u_rls/mul_278_51/g1669/z                            (u)     in_0->z  F     unmapped_nor2        1   5.1     0    88   12269    (-,-) 
  u_core/u_rls/mul_278_51/g1714/z                            (u)     in_0->z  R     unmapped_nand2       1   5.5     0    88   12357    (-,-) 
  u_core/u_rls/mul_278_51/g1788/z                            (u)     in_0->z  F     unmapped_xnor2       1   5.1     0   197   12554    (-,-) 
  u_core/u_rls/sub_280_42/g13/z                              (u)     in_0->z  R     unmapped_not         2  11.0     0    66   12620    (-,-) 
  u_core/u_rls/sub_280_42/g41/z                              (u)     in_1->z  F     unmapped_nand2       2  10.2     0   108   12728    (-,-) 
  u_core/u_rls/sub_280_42/g188/z                             (u)     in_1->z  R     unmapped_nand2       1   5.5     0    88   12816    (-,-) 
  u_core/u_rls/sub_280_42/g189/z                             (u)     in_1->z  R     unmapped_xnor2      22 121.0     0   366   13182    (-,-) 
  u_core/u_rls/mul_281_46/g487/z                             (u)     in_1->z  F     unmapped_xor2       16  81.6     0   348   13530    (-,-) 
  u_core/u_rls/mul_281_46/g489/z                             (u)     in_0->z  R     unmapped_not         1   5.5     0    45   13576    (-,-) 
  u_core/u_rls/mul_281_46/g490/z                             (u)     in_0->z  R     unmapped_and2       16  88.0     0   239   13815    (-,-) 
  u_core/u_rls/mul_281_46/g505/z                             (u)     in_1->z  F     unmapped_nand2       1   5.1     0    88   13903    (-,-) 
  u_core/u_rls/mul_281_46/g506/z                             (u)     in_1->z  R     unmapped_nand2       3  16.5     0   125   14028    (-,-) 
  u_core/u_rls/mul_281_46/g958/z                             (u)     in_1->z  R     unmapped_xor2        1   5.5     0   197   14225    (-,-) 
  u_core/u_rls/mul_281_46/g959/z                             (u)     in_0->z  R     unmapped_xor2        3  16.5     0   235   14460    (-,-) 
  u_core/u_rls/mul_281_46/g970/z                             (u)     in_1->z  R     unmapped_xor2        1   5.5     0   197   14657    (-,-) 
  u_core/u_rls/mul_281_46/g971/z                             (u)     in_0->z  R     unmapped_xor2        3  16.5     0   235   14892    (-,-) 
  u_core/u_rls/mul_281_46/g976/z                             (u)     in_1->z  R     unmapped_xor2        1   5.5     0   197   15089    (-,-) 
  u_core/u_rls/mul_281_46/g977/z                             (u)     in_0->z  R     unmapped_xor2        2  11.0     0   218   15306    (-,-) 
  u_core/u_rls/mul_281_46/g1360/z                            (u)     in_1->z  F     unmapped_nor2        3  15.3     0   125   15432    (-,-) 
  u_core/u_rls/mul_281_46/g1417/z                            (u)     in_0->z  R     unmapped_nor2        2  11.0     0   108   15540    (-,-) 
  u_core/u_rls/mul_281_46/g1473/z                            (u)     in_0->z  F     unmapped_not         1   5.1     0    45   15585    (-,-) 
  u_core/u_rls/mul_281_46/g1474/z                            (u)     in_1->z  R     unmapped_nor2        1   5.5     0    88   15673    (-,-) 
  u_core/u_rls/mul_281_46/g1476/z                            (u)     in_0->z  F     unmapped_nor2        1   5.1     0    88   15761    (-,-) 
  u_core/u_rls/mul_281_46/g1535/z                            (u)     in_0->z  R     unmapped_not         1   5.5     0    45   15806    (-,-) 
  u_core/u_rls/mul_281_46/g235/z                             (u)     in_1->z  F     unmapped_nor2        1   5.1     0    88   15894    (-,-) 
  u_core/u_rls/mul_281_46/g1580/z                            (u)     in_0->z  R     unmapped_nand2      16  88.0     0   239   16133    (-,-) 
  u_core/u_rls/mul_281_46/g1623/z                            (u)     in_1->z  F     unmapped_nand2       1   5.1     0    88   16221    (-,-) 
  u_core/u_rls/mul_281_46/g1624/z                            (u)     in_1->z  R     unmapped_nand2       1   5.5     0    88   16309    (-,-) 
  u_core/u_rls/mul_281_46/g1698/z                            (u)     in_0->z  R     unmapped_xnor2       1   5.5     0   197   16506    (-,-) 
  u_core/u_rls/nr_x1_reg[8]/d                                -       -        R     unmapped_d_flop      1     -     -     0   16506    (-,-) 
#---------------------------------------------------------------------------------------------------------------------------------------------

(u) : Net has unmapped pin(s).



Path 9: VIOLATED (-6808 ps) Setup Check with Pin u_core/u_rls/nr_x1_reg[7]/clk->d
          Group: aquila_clk
     Startpoint: (R) u_core/u_rls/xTx_acc_reg[30]/clk
          Clock: (R) aquila_clk
       Endpoint: (R) u_core/u_rls/nr_x1_reg[7]/d
          Clock: (R) aquila_clk

                     Capture       Launch     
        Clock Edge:+   10000            0     
       Src Latency:+       0            0     
       Net Latency:+       0 (I)        0 (I) 
           Arrival:=   10000            0     
                                              
             Setup:-     302                  
     Required Time:=    9698                  
      Launch Clock:-       0                  
         Data Path:-   16506                  
             Slack:=   -6808                  

#---------------------------------------------------------------------------------------------------------------------------------------------
#                       Timing Point                         Flags     Arc    Edge      Cell        Fanout  Load Trans Delay Arrival Instance 
#                                                                                                           (fF)  (ps)  (ps)   (ps)  Location 
#---------------------------------------------------------------------------------------------------------------------------------------------
  u_core/u_rls/xTx_acc_reg[30]/clk                           -       -        R     (arrival)        22387     -     0     0       0    (-,-) 
  u_core/u_rls/xTx_acc_reg[30]/q                             (u)     clk->q   R     unmapped_d_flop    378 110.0     0   921     921    (-,-) 
  u_core/u_rls/mul_261_56/g1306/z                            (u)     in_1->z  F     unmapped_xor2       32 163.2     0   396    1317    (-,-) 
  u_core/u_rls/mul_261_56/g1308/z                            (u)     in_0->z  R     unmapped_not         1   5.5     0    45    1362    (-,-) 
  u_core/u_rls/mul_261_56/g1309/z                            (u)     in_0->z  R     unmapped_and2       32 176.0     0   287    1649    (-,-) 
  u_core/u_rls/mul_261_56/g1376/z                            (u)     in_1->z  F     unmapped_nand2       1   5.1     0    88    1737    (-,-) 
  u_core/u_rls/mul_261_56/g1377/z                            (u)     in_1->z  R     unmapped_nand2       3  16.5     0   125    1862    (-,-) 
  u_core/u_rls/mul_261_56/g4174/z                            (u)     in_0->z  R     unmapped_xor2        1   5.5     0   197    2059    (-,-) 
  u_core/u_rls/mul_261_56/g4175/z                            (u)     in_0->z  R     unmapped_xor2        3  16.5     0   235    2294    (-,-) 
  u_core/u_rls/mul_261_56/g4210/z                            (u)     in_1->z  R     unmapped_xor2        1   5.5     0   197    2491    (-,-) 
  u_core/u_rls/mul_261_56/g4211/z                            (u)     in_0->z  R     unmapped_xor2        3  16.5     0   235    2726    (-,-) 
  u_core/u_rls/mul_261_56/g4228/z                            (u)     in_1->z  R     unmapped_xor2        1   5.5     0   197    2923    (-,-) 
  u_core/u_rls/mul_261_56/g4229/z                            (u)     in_0->z  R     unmapped_xor2        3  16.5     0   235    3157    (-,-) 
  u_core/u_rls/mul_261_56/g4240/z                            (u)     in_0->z  R     unmapped_xor2        1   5.5     0   197    3354    (-,-) 
  u_core/u_rls/mul_261_56/g4241/z                            (u)     in_0->z  R     unmapped_xor2        3  16.5     0   235    3589    (-,-) 
  u_core/u_rls/mul_261_56/g4246/z                            (u)     in_1->z  R     unmapped_xor2        1   5.5     0   197    3786    (-,-) 
  u_core/u_rls/mul_261_56/g4247/z                            (u)     in_0->z  R     unmapped_xor2        2  11.0     0   218    4004    (-,-) 
  u_core/u_rls/mul_261_56/g5534/z                            (u)     in_1->z  F     unmapped_nor2        3  15.3     0   125    4129    (-,-) 
  u_core/u_rls/mul_261_56/g5650/z                            (u)     in_1->z  R     unmapped_nor2        1   5.5     0    88    4217    (-,-) 
  u_core/u_rls/mul_261_56/g5652/z                            (u)     in_0->z  F     unmapped_nor2        3  15.3     0   125    4342    (-,-) 
  u_core/u_rls/mul_261_56/g5785/z                            (u)     in_0->z  R     unmapped_nor2        1   5.5     0    88    4430    (-,-) 
  u_core/u_rls/mul_261_56/g5787/z                            (u)     in_0->z  F     unmapped_nor2        5  25.5     0   157    4587    (-,-) 
  u_core/u_rls/mul_261_56/g5923/z                            (u)     in_1->z  R     unmapped_nor2        1   5.5     0    88    4675    (-,-) 
  u_core/u_rls/mul_261_56/g5925/z                            (u)     in_0->z  F     unmapped_nor2        9  45.9     0   193    4869    (-,-) 
  u_core/u_rls/mul_261_56/g6033/z                            (u)     in_0->z  R     unmapped_nor2        1   5.5     0    88    4957    (-,-) 
  u_core/u_rls/mul_261_56/g6035/z                            (u)     in_0->z  F     unmapped_nor2        1   5.1     0    88    5044    (-,-) 
  u_core/u_rls/mul_261_56/g6228/z                            (u)     in_0->z  R     unmapped_nand2       1   5.5     0    88    5132    (-,-) 
  u_core/u_rls/mul_261_56/g6377/z                            (u)     in_0->z  R     unmapped_xnor2       2  11.0     0   218    5350    (-,-) 
  u_core/u_rls/add_264_40/g58/z                              (u)     in_1->z  F     unmapped_nor2        3  15.3     0   125    5475    (-,-) 
  u_core/u_rls/add_264_40/g122/z                             (u)     in_1->z  R     unmapped_nor2        2  11.0     0   108    5584    (-,-) 
  u_core/u_rls/add_264_40/g195/z                             (u)     in_1->z  F     unmapped_nand2       5  25.5     0   157    5741    (-,-) 
  u_core/u_rls/add_264_40/g263/z                             (u)     in_0->z  R     unmapped_nor2        2  11.0     0   108    5849    (-,-) 
  u_core/u_rls/add_264_40/g321/z                             (u)     in_1->z  F     unmapped_nand2       1   5.1     0    88    5937    (-,-) 
  u_core/u_rls/add_264_40/g364/z                             (u)     in_0->z  R     unmapped_not         1   5.5     0    45    5982    (-,-) 
  u_core/u_rls/add_264_40/g365/z                             (u)     in_1->z  F     unmapped_nand2       1   5.1     0    88    6070    (-,-) 
  u_core/u_rls/add_264_40/g366/z                             (u)     in_1->z  R     unmapped_nand2       1   5.5     0    88    6158    (-,-) 
  u_core/u_rls/add_264_40/g449/z                             (u)     in_0->z  R     unmapped_xnor2       2  11.0     0   218    6376    (-,-) 
  u_core/u_rls/eq_266_45/g2/z                                (u)     in_0->z  R     unmapped_xnor2       1   5.5     0   197    6573    (-,-) 
  u_core/u_rls/eq_266_45/g33/z                               (u)     in_1->z  F     unmapped_nand4       1   5.1     0   216    6789    (-,-) 
  u_core/u_rls/eq_266_45/g41/z                               (u)     in_0->z  R     unmapped_nor4        1   5.5     0   216    7006    (-,-) 
  u_core/u_rls/eq_266_45/g43/z                               (u)     in_1->z  F     unmapped_nand2       1   5.1     0    88    7094    (-,-) 
  u_core/u_rls/eq_266_45/g44/z                               (u)     in_0->z  R     unmapped_not         1   5.5     0    45    7139    (-,-) 
  u_core/u_rls/g612/z                                        (u)     in_1->z  R     unmapped_or2        16  88.0     0   239    7378    (-,-) 
  u_core/u_rls/mux_STAGE1_NR1.NR_STAGE1.d_norm_266_35/g2/z   (u)     sel0->z  F     unmapped_bmux3      18  91.8     0   354    7732    (-,-) 
  u_core/u_rls/ctl_addr_75_15/g97/z                          (u)     in_0->z  R     unmapped_not         8  44.0     0   144    7877    (-,-) 
  u_core/u_rls/ctl_addr_75_15/g43/z                          (u)     in_0->z  F     unmapped_nand4       2  10.2     0   237    8114    (-,-) 
  u_core/u_rls/ctl_addr_75_15/g48/z                          (u)     in_0->z  R     unmapped_nor2        5  27.5     0   157    8271    (-,-) 
  u_core/u_rls/nr_lut_read_275_26:mux_nr_lut_read_75_15/g1/z (u)     sel15->z R     unmapped_mux64      31 170.5     0   780    9051    (-,-) 
  u_core/u_rls/mul_278_51/g596/z                             (u)     in_1->z  F     unmapped_xor2       17  86.7     0   351    9402    (-,-) 
  u_core/u_rls/mul_278_51/g598/z                             (u)     in_0->z  R     unmapped_not         1   5.5     0    45    9448    (-,-) 
  u_core/u_rls/mul_278_51/g599/z                             (u)     in_0->z  R     unmapped_and2       17  93.5     0   242    9690    (-,-) 
  u_core/u_rls/mul_278_51/g614/z                             (u)     in_1->z  F     unmapped_nand2       1   5.1     0    88    9778    (-,-) 
  u_core/u_rls/mul_278_51/g615/z                             (u)     in_1->z  R     unmapped_nand2       3  16.5     0   125    9903    (-,-) 
  u_core/u_rls/mul_278_51/g1064/z                            (u)     in_1->z  F     unmapped_nand2       1   5.1     0    88    9991    (-,-) 
  u_core/u_rls/mul_278_51/g1066/z                            (u)     in_1->z  R     unmapped_nand3       3  16.5     0   163   10154    (-,-) 
  u_core/u_rls/mul_278_51/g1115/z                            (u)     in_1->z  R     unmapped_xor2        1   5.5     0   197   10351    (-,-) 
  u_core/u_rls/mul_278_51/g1116/z                            (u)     in_0->z  R     unmapped_xor2        3  16.5     0   235   10586    (-,-) 
  u_core/u_rls/mul_278_51/g1127/z                            (u)     in_1->z  R     unmapped_xor2        1   5.5     0   197   10783    (-,-) 
  u_core/u_rls/mul_278_51/g1128/z                            (u)     in_0->z  R     unmapped_xor2        3  16.5     0   235   11017    (-,-) 
  u_core/u_rls/mul_278_51/g1134/z                            (u)     in_1->z  R     unmapped_xor2        2  11.0     0   218   11235    (-,-) 
  u_core/u_rls/mul_278_51/g1445/z                            (u)     in_1->z  F     unmapped_nor2        3  15.3     0   125   11360    (-,-) 
  u_core/u_rls/mul_278_51/g1498/z                            (u)     in_1->z  R     unmapped_nor2        1   5.5     0    88   11448    (-,-) 
  u_core/u_rls/mul_278_51/g1500/z                            (u)     in_0->z  F     unmapped_nor2        3  15.3     0   125   11574    (-,-) 
  u_core/u_rls/mul_278_51/g1564/z                            (u)     in_0->z  R     unmapped_nor2        1   5.5     0    88   11661    (-,-) 
  u_core/u_rls/mul_278_51/g1566/z                            (u)     in_0->z  F     unmapped_nor2        5  25.5     0   157   11818    (-,-) 
  u_core/u_rls/mul_278_51/g1629/z                            (u)     in_1->z  R     unmapped_nor2        1   5.5     0    88   11906    (-,-) 
  u_core/u_rls/mul_278_51/g252/z                             (u)     in_0->z  F     unmapped_nor2        8  40.8     0   187   12093    (-,-) 
  u_core/u_rls/mul_278_51/g1667/z                            (u)     in_0->z  R     unmapped_nor2        1   5.5     0    88   12181    (-,-) 
  u_core/u_rls/mul_278_51/g1669/z                            (u)     in_0->z  F     unmapped_nor2        1   5.1     0    88   12269    (-,-) 
  u_core/u_rls/mul_278_51/g1714/z                            (u)     in_0->z  R     unmapped_nand2       1   5.5     0    88   12357    (-,-) 
  u_core/u_rls/mul_278_51/g1788/z                            (u)     in_0->z  F     unmapped_xnor2       1   5.1     0   197   12554    (-,-) 
  u_core/u_rls/sub_280_42/g13/z                              (u)     in_0->z  R     unmapped_not         2  11.0     0    66   12620    (-,-) 
  u_core/u_rls/sub_280_42/g41/z                              (u)     in_1->z  F     unmapped_nand2       2  10.2     0   108   12728    (-,-) 
  u_core/u_rls/sub_280_42/g188/z                             (u)     in_1->z  R     unmapped_nand2       1   5.5     0    88   12816    (-,-) 
  u_core/u_rls/sub_280_42/g189/z                             (u)     in_1->z  R     unmapped_xnor2      22 121.0     0   366   13182    (-,-) 
  u_core/u_rls/mul_281_46/g487/z                             (u)     in_1->z  F     unmapped_xor2       16  81.6     0   348   13530    (-,-) 
  u_core/u_rls/mul_281_46/g489/z                             (u)     in_0->z  R     unmapped_not         1   5.5     0    45   13576    (-,-) 
  u_core/u_rls/mul_281_46/g490/z                             (u)     in_0->z  R     unmapped_and2       16  88.0     0   239   13815    (-,-) 
  u_core/u_rls/mul_281_46/g505/z                             (u)     in_1->z  F     unmapped_nand2       1   5.1     0    88   13903    (-,-) 
  u_core/u_rls/mul_281_46/g506/z                             (u)     in_1->z  R     unmapped_nand2       3  16.5     0   125   14028    (-,-) 
  u_core/u_rls/mul_281_46/g958/z                             (u)     in_1->z  R     unmapped_xor2        1   5.5     0   197   14225    (-,-) 
  u_core/u_rls/mul_281_46/g959/z                             (u)     in_0->z  R     unmapped_xor2        3  16.5     0   235   14460    (-,-) 
  u_core/u_rls/mul_281_46/g970/z                             (u)     in_1->z  R     unmapped_xor2        1   5.5     0   197   14657    (-,-) 
  u_core/u_rls/mul_281_46/g971/z                             (u)     in_0->z  R     unmapped_xor2        3  16.5     0   235   14892    (-,-) 
  u_core/u_rls/mul_281_46/g976/z                             (u)     in_1->z  R     unmapped_xor2        1   5.5     0   197   15089    (-,-) 
  u_core/u_rls/mul_281_46/g977/z                             (u)     in_0->z  R     unmapped_xor2        2  11.0     0   218   15306    (-,-) 
  u_core/u_rls/mul_281_46/g1360/z                            (u)     in_1->z  F     unmapped_nor2        3  15.3     0   125   15432    (-,-) 
  u_core/u_rls/mul_281_46/g1417/z                            (u)     in_0->z  R     unmapped_nor2        2  11.0     0   108   15540    (-,-) 
  u_core/u_rls/mul_281_46/g1473/z                            (u)     in_0->z  F     unmapped_not         1   5.1     0    45   15585    (-,-) 
  u_core/u_rls/mul_281_46/g1474/z                            (u)     in_1->z  R     unmapped_nor2        1   5.5     0    88   15673    (-,-) 
  u_core/u_rls/mul_281_46/g1476/z                            (u)     in_0->z  F     unmapped_nor2        1   5.1     0    88   15761    (-,-) 
  u_core/u_rls/mul_281_46/g1535/z                            (u)     in_0->z  R     unmapped_not         1   5.5     0    45   15806    (-,-) 
  u_core/u_rls/mul_281_46/g235/z                             (u)     in_1->z  F     unmapped_nor2        1   5.1     0    88   15894    (-,-) 
  u_core/u_rls/mul_281_46/g1580/z                            (u)     in_0->z  R     unmapped_nand2      16  88.0     0   239   16133    (-,-) 
  u_core/u_rls/mul_281_46/g1621/z                            (u)     in_1->z  F     unmapped_nand2       1   5.1     0    88   16221    (-,-) 
  u_core/u_rls/mul_281_46/g1622/z                            (u)     in_1->z  R     unmapped_nand2       1   5.5     0    88   16309    (-,-) 
  u_core/u_rls/mul_281_46/g1696/z                            (u)     in_0->z  R     unmapped_xnor2       1   5.5     0   197   16506    (-,-) 
  u_core/u_rls/nr_x1_reg[7]/d                                -       -        R     unmapped_d_flop      1     -     -     0   16506    (-,-) 
#---------------------------------------------------------------------------------------------------------------------------------------------

(u) : Net has unmapped pin(s).



Path 10: VIOLATED (-6808 ps) Setup Check with Pin u_core/u_rls/nr_x1_reg[6]/clk->d
          Group: aquila_clk
     Startpoint: (R) u_core/u_rls/xTx_acc_reg[30]/clk
          Clock: (R) aquila_clk
       Endpoint: (R) u_core/u_rls/nr_x1_reg[6]/d
          Clock: (R) aquila_clk

                     Capture       Launch     
        Clock Edge:+   10000            0     
       Src Latency:+       0            0     
       Net Latency:+       0 (I)        0 (I) 
           Arrival:=   10000            0     
                                              
             Setup:-     302                  
     Required Time:=    9698                  
      Launch Clock:-       0                  
         Data Path:-   16506                  
             Slack:=   -6808                  

#---------------------------------------------------------------------------------------------------------------------------------------------
#                       Timing Point                         Flags     Arc    Edge      Cell        Fanout  Load Trans Delay Arrival Instance 
#                                                                                                           (fF)  (ps)  (ps)   (ps)  Location 
#---------------------------------------------------------------------------------------------------------------------------------------------
  u_core/u_rls/xTx_acc_reg[30]/clk                           -       -        R     (arrival)        22387     -     0     0       0    (-,-) 
  u_core/u_rls/xTx_acc_reg[30]/q                             (u)     clk->q   R     unmapped_d_flop    378 110.0     0   921     921    (-,-) 
  u_core/u_rls/mul_261_56/g1306/z                            (u)     in_1->z  F     unmapped_xor2       32 163.2     0   396    1317    (-,-) 
  u_core/u_rls/mul_261_56/g1308/z                            (u)     in_0->z  R     unmapped_not         1   5.5     0    45    1362    (-,-) 
  u_core/u_rls/mul_261_56/g1309/z                            (u)     in_0->z  R     unmapped_and2       32 176.0     0   287    1649    (-,-) 
  u_core/u_rls/mul_261_56/g1376/z                            (u)     in_1->z  F     unmapped_nand2       1   5.1     0    88    1737    (-,-) 
  u_core/u_rls/mul_261_56/g1377/z                            (u)     in_1->z  R     unmapped_nand2       3  16.5     0   125    1862    (-,-) 
  u_core/u_rls/mul_261_56/g4174/z                            (u)     in_0->z  R     unmapped_xor2        1   5.5     0   197    2059    (-,-) 
  u_core/u_rls/mul_261_56/g4175/z                            (u)     in_0->z  R     unmapped_xor2        3  16.5     0   235    2294    (-,-) 
  u_core/u_rls/mul_261_56/g4210/z                            (u)     in_1->z  R     unmapped_xor2        1   5.5     0   197    2491    (-,-) 
  u_core/u_rls/mul_261_56/g4211/z                            (u)     in_0->z  R     unmapped_xor2        3  16.5     0   235    2726    (-,-) 
  u_core/u_rls/mul_261_56/g4228/z                            (u)     in_1->z  R     unmapped_xor2        1   5.5     0   197    2923    (-,-) 
  u_core/u_rls/mul_261_56/g4229/z                            (u)     in_0->z  R     unmapped_xor2        3  16.5     0   235    3157    (-,-) 
  u_core/u_rls/mul_261_56/g4240/z                            (u)     in_0->z  R     unmapped_xor2        1   5.5     0   197    3354    (-,-) 
  u_core/u_rls/mul_261_56/g4241/z                            (u)     in_0->z  R     unmapped_xor2        3  16.5     0   235    3589    (-,-) 
  u_core/u_rls/mul_261_56/g4246/z                            (u)     in_1->z  R     unmapped_xor2        1   5.5     0   197    3786    (-,-) 
  u_core/u_rls/mul_261_56/g4247/z                            (u)     in_0->z  R     unmapped_xor2        2  11.0     0   218    4004    (-,-) 
  u_core/u_rls/mul_261_56/g5534/z                            (u)     in_1->z  F     unmapped_nor2        3  15.3     0   125    4129    (-,-) 
  u_core/u_rls/mul_261_56/g5650/z                            (u)     in_1->z  R     unmapped_nor2        1   5.5     0    88    4217    (-,-) 
  u_core/u_rls/mul_261_56/g5652/z                            (u)     in_0->z  F     unmapped_nor2        3  15.3     0   125    4342    (-,-) 
  u_core/u_rls/mul_261_56/g5785/z                            (u)     in_0->z  R     unmapped_nor2        1   5.5     0    88    4430    (-,-) 
  u_core/u_rls/mul_261_56/g5787/z                            (u)     in_0->z  F     unmapped_nor2        5  25.5     0   157    4587    (-,-) 
  u_core/u_rls/mul_261_56/g5923/z                            (u)     in_1->z  R     unmapped_nor2        1   5.5     0    88    4675    (-,-) 
  u_core/u_rls/mul_261_56/g5925/z                            (u)     in_0->z  F     unmapped_nor2        9  45.9     0   193    4869    (-,-) 
  u_core/u_rls/mul_261_56/g6033/z                            (u)     in_0->z  R     unmapped_nor2        1   5.5     0    88    4957    (-,-) 
  u_core/u_rls/mul_261_56/g6035/z                            (u)     in_0->z  F     unmapped_nor2        1   5.1     0    88    5044    (-,-) 
  u_core/u_rls/mul_261_56/g6228/z                            (u)     in_0->z  R     unmapped_nand2       1   5.5     0    88    5132    (-,-) 
  u_core/u_rls/mul_261_56/g6377/z                            (u)     in_0->z  R     unmapped_xnor2       2  11.0     0   218    5350    (-,-) 
  u_core/u_rls/add_264_40/g58/z                              (u)     in_1->z  F     unmapped_nor2        3  15.3     0   125    5475    (-,-) 
  u_core/u_rls/add_264_40/g122/z                             (u)     in_1->z  R     unmapped_nor2        2  11.0     0   108    5584    (-,-) 
  u_core/u_rls/add_264_40/g195/z                             (u)     in_1->z  F     unmapped_nand2       5  25.5     0   157    5741    (-,-) 
  u_core/u_rls/add_264_40/g263/z                             (u)     in_0->z  R     unmapped_nor2        2  11.0     0   108    5849    (-,-) 
  u_core/u_rls/add_264_40/g321/z                             (u)     in_1->z  F     unmapped_nand2       1   5.1     0    88    5937    (-,-) 
  u_core/u_rls/add_264_40/g364/z                             (u)     in_0->z  R     unmapped_not         1   5.5     0    45    5982    (-,-) 
  u_core/u_rls/add_264_40/g365/z                             (u)     in_1->z  F     unmapped_nand2       1   5.1     0    88    6070    (-,-) 
  u_core/u_rls/add_264_40/g366/z                             (u)     in_1->z  R     unmapped_nand2       1   5.5     0    88    6158    (-,-) 
  u_core/u_rls/add_264_40/g449/z                             (u)     in_0->z  R     unmapped_xnor2       2  11.0     0   218    6376    (-,-) 
  u_core/u_rls/eq_266_45/g2/z                                (u)     in_0->z  R     unmapped_xnor2       1   5.5     0   197    6573    (-,-) 
  u_core/u_rls/eq_266_45/g33/z                               (u)     in_1->z  F     unmapped_nand4       1   5.1     0   216    6789    (-,-) 
  u_core/u_rls/eq_266_45/g41/z                               (u)     in_0->z  R     unmapped_nor4        1   5.5     0   216    7006    (-,-) 
  u_core/u_rls/eq_266_45/g43/z                               (u)     in_1->z  F     unmapped_nand2       1   5.1     0    88    7094    (-,-) 
  u_core/u_rls/eq_266_45/g44/z                               (u)     in_0->z  R     unmapped_not         1   5.5     0    45    7139    (-,-) 
  u_core/u_rls/g612/z                                        (u)     in_1->z  R     unmapped_or2        16  88.0     0   239    7378    (-,-) 
  u_core/u_rls/mux_STAGE1_NR1.NR_STAGE1.d_norm_266_35/g2/z   (u)     sel0->z  F     unmapped_bmux3      18  91.8     0   354    7732    (-,-) 
  u_core/u_rls/ctl_addr_75_15/g97/z                          (u)     in_0->z  R     unmapped_not         8  44.0     0   144    7877    (-,-) 
  u_core/u_rls/ctl_addr_75_15/g43/z                          (u)     in_0->z  F     unmapped_nand4       2  10.2     0   237    8114    (-,-) 
  u_core/u_rls/ctl_addr_75_15/g48/z                          (u)     in_0->z  R     unmapped_nor2        5  27.5     0   157    8271    (-,-) 
  u_core/u_rls/nr_lut_read_275_26:mux_nr_lut_read_75_15/g1/z (u)     sel15->z R     unmapped_mux64      31 170.5     0   780    9051    (-,-) 
  u_core/u_rls/mul_278_51/g596/z                             (u)     in_1->z  F     unmapped_xor2       17  86.7     0   351    9402    (-,-) 
  u_core/u_rls/mul_278_51/g598/z                             (u)     in_0->z  R     unmapped_not         1   5.5     0    45    9448    (-,-) 
  u_core/u_rls/mul_278_51/g599/z                             (u)     in_0->z  R     unmapped_and2       17  93.5     0   242    9690    (-,-) 
  u_core/u_rls/mul_278_51/g614/z                             (u)     in_1->z  F     unmapped_nand2       1   5.1     0    88    9778    (-,-) 
  u_core/u_rls/mul_278_51/g615/z                             (u)     in_1->z  R     unmapped_nand2       3  16.5     0   125    9903    (-,-) 
  u_core/u_rls/mul_278_51/g1064/z                            (u)     in_1->z  F     unmapped_nand2       1   5.1     0    88    9991    (-,-) 
  u_core/u_rls/mul_278_51/g1066/z                            (u)     in_1->z  R     unmapped_nand3       3  16.5     0   163   10154    (-,-) 
  u_core/u_rls/mul_278_51/g1115/z                            (u)     in_1->z  R     unmapped_xor2        1   5.5     0   197   10351    (-,-) 
  u_core/u_rls/mul_278_51/g1116/z                            (u)     in_0->z  R     unmapped_xor2        3  16.5     0   235   10586    (-,-) 
  u_core/u_rls/mul_278_51/g1127/z                            (u)     in_1->z  R     unmapped_xor2        1   5.5     0   197   10783    (-,-) 
  u_core/u_rls/mul_278_51/g1128/z                            (u)     in_0->z  R     unmapped_xor2        3  16.5     0   235   11017    (-,-) 
  u_core/u_rls/mul_278_51/g1134/z                            (u)     in_1->z  R     unmapped_xor2        2  11.0     0   218   11235    (-,-) 
  u_core/u_rls/mul_278_51/g1445/z                            (u)     in_1->z  F     unmapped_nor2        3  15.3     0   125   11360    (-,-) 
  u_core/u_rls/mul_278_51/g1498/z                            (u)     in_1->z  R     unmapped_nor2        1   5.5     0    88   11448    (-,-) 
  u_core/u_rls/mul_278_51/g1500/z                            (u)     in_0->z  F     unmapped_nor2        3  15.3     0   125   11574    (-,-) 
  u_core/u_rls/mul_278_51/g1564/z                            (u)     in_0->z  R     unmapped_nor2        1   5.5     0    88   11661    (-,-) 
  u_core/u_rls/mul_278_51/g1566/z                            (u)     in_0->z  F     unmapped_nor2        5  25.5     0   157   11818    (-,-) 
  u_core/u_rls/mul_278_51/g1629/z                            (u)     in_1->z  R     unmapped_nor2        1   5.5     0    88   11906    (-,-) 
  u_core/u_rls/mul_278_51/g252/z                             (u)     in_0->z  F     unmapped_nor2        8  40.8     0   187   12093    (-,-) 
  u_core/u_rls/mul_278_51/g1667/z                            (u)     in_0->z  R     unmapped_nor2        1   5.5     0    88   12181    (-,-) 
  u_core/u_rls/mul_278_51/g1669/z                            (u)     in_0->z  F     unmapped_nor2        1   5.1     0    88   12269    (-,-) 
  u_core/u_rls/mul_278_51/g1714/z                            (u)     in_0->z  R     unmapped_nand2       1   5.5     0    88   12357    (-,-) 
  u_core/u_rls/mul_278_51/g1788/z                            (u)     in_0->z  F     unmapped_xnor2       1   5.1     0   197   12554    (-,-) 
  u_core/u_rls/sub_280_42/g13/z                              (u)     in_0->z  R     unmapped_not         2  11.0     0    66   12620    (-,-) 
  u_core/u_rls/sub_280_42/g41/z                              (u)     in_1->z  F     unmapped_nand2       2  10.2     0   108   12728    (-,-) 
  u_core/u_rls/sub_280_42/g188/z                             (u)     in_1->z  R     unmapped_nand2       1   5.5     0    88   12816    (-,-) 
  u_core/u_rls/sub_280_42/g189/z                             (u)     in_1->z  R     unmapped_xnor2      22 121.0     0   366   13182    (-,-) 
  u_core/u_rls/mul_281_46/g487/z                             (u)     in_1->z  F     unmapped_xor2       16  81.6     0   348   13530    (-,-) 
  u_core/u_rls/mul_281_46/g489/z                             (u)     in_0->z  R     unmapped_not         1   5.5     0    45   13576    (-,-) 
  u_core/u_rls/mul_281_46/g490/z                             (u)     in_0->z  R     unmapped_and2       16  88.0     0   239   13815    (-,-) 
  u_core/u_rls/mul_281_46/g505/z                             (u)     in_1->z  F     unmapped_nand2       1   5.1     0    88   13903    (-,-) 
  u_core/u_rls/mul_281_46/g506/z                             (u)     in_1->z  R     unmapped_nand2       3  16.5     0   125   14028    (-,-) 
  u_core/u_rls/mul_281_46/g958/z                             (u)     in_1->z  R     unmapped_xor2        1   5.5     0   197   14225    (-,-) 
  u_core/u_rls/mul_281_46/g959/z                             (u)     in_0->z  R     unmapped_xor2        3  16.5     0   235   14460    (-,-) 
  u_core/u_rls/mul_281_46/g970/z                             (u)     in_1->z  R     unmapped_xor2        1   5.5     0   197   14657    (-,-) 
  u_core/u_rls/mul_281_46/g971/z                             (u)     in_0->z  R     unmapped_xor2        3  16.5     0   235   14892    (-,-) 
  u_core/u_rls/mul_281_46/g976/z                             (u)     in_1->z  R     unmapped_xor2        1   5.5     0   197   15089    (-,-) 
  u_core/u_rls/mul_281_46/g977/z                             (u)     in_0->z  R     unmapped_xor2        2  11.0     0   218   15306    (-,-) 
  u_core/u_rls/mul_281_46/g1360/z                            (u)     in_1->z  F     unmapped_nor2        3  15.3     0   125   15432    (-,-) 
  u_core/u_rls/mul_281_46/g1417/z                            (u)     in_0->z  R     unmapped_nor2        2  11.0     0   108   15540    (-,-) 
  u_core/u_rls/mul_281_46/g1473/z                            (u)     in_0->z  F     unmapped_not         1   5.1     0    45   15585    (-,-) 
  u_core/u_rls/mul_281_46/g1474/z                            (u)     in_1->z  R     unmapped_nor2        1   5.5     0    88   15673    (-,-) 
  u_core/u_rls/mul_281_46/g1476/z                            (u)     in_0->z  F     unmapped_nor2        1   5.1     0    88   15761    (-,-) 
  u_core/u_rls/mul_281_46/g1535/z                            (u)     in_0->z  R     unmapped_not         1   5.5     0    45   15806    (-,-) 
  u_core/u_rls/mul_281_46/g235/z                             (u)     in_1->z  F     unmapped_nor2        1   5.1     0    88   15894    (-,-) 
  u_core/u_rls/mul_281_46/g1580/z                            (u)     in_0->z  R     unmapped_nand2      16  88.0     0   239   16133    (-,-) 
  u_core/u_rls/mul_281_46/g1619/z                            (u)     in_0->z  F     unmapped_nand2       1   5.1     0    88   16221    (-,-) 
  u_core/u_rls/mul_281_46/g1620/z                            (u)     in_1->z  R     unmapped_nand2       1   5.5     0    88   16309    (-,-) 
  u_core/u_rls/mul_281_46/g1693/z                            (u)     in_0->z  R     unmapped_xnor2       1   5.5     0   197   16506    (-,-) 
  u_core/u_rls/nr_x1_reg[6]/d                                -       -        R     unmapped_d_flop      1     -     -     0   16506    (-,-) 
#---------------------------------------------------------------------------------------------------------------------------------------------

(u) : Net has unmapped pin(s).



Path 11: VIOLATED (-6808 ps) Setup Check with Pin u_core/u_rls/nr_x1_reg[5]/clk->d
          Group: aquila_clk
     Startpoint: (R) u_core/u_rls/xTx_acc_reg[30]/clk
          Clock: (R) aquila_clk
       Endpoint: (R) u_core/u_rls/nr_x1_reg[5]/d
          Clock: (R) aquila_clk

                     Capture       Launch     
        Clock Edge:+   10000            0     
       Src Latency:+       0            0     
       Net Latency:+       0 (I)        0 (I) 
           Arrival:=   10000            0     
                                              
             Setup:-     302                  
     Required Time:=    9698                  
      Launch Clock:-       0                  
         Data Path:-   16506                  
             Slack:=   -6808                  

#---------------------------------------------------------------------------------------------------------------------------------------------
#                       Timing Point                         Flags     Arc    Edge      Cell        Fanout  Load Trans Delay Arrival Instance 
#                                                                                                           (fF)  (ps)  (ps)   (ps)  Location 
#---------------------------------------------------------------------------------------------------------------------------------------------
  u_core/u_rls/xTx_acc_reg[30]/clk                           -       -        R     (arrival)        22387     -     0     0       0    (-,-) 
  u_core/u_rls/xTx_acc_reg[30]/q                             (u)     clk->q   R     unmapped_d_flop    378 110.0     0   921     921    (-,-) 
  u_core/u_rls/mul_261_56/g1306/z                            (u)     in_1->z  F     unmapped_xor2       32 163.2     0   396    1317    (-,-) 
  u_core/u_rls/mul_261_56/g1308/z                            (u)     in_0->z  R     unmapped_not         1   5.5     0    45    1362    (-,-) 
  u_core/u_rls/mul_261_56/g1309/z                            (u)     in_0->z  R     unmapped_and2       32 176.0     0   287    1649    (-,-) 
  u_core/u_rls/mul_261_56/g1376/z                            (u)     in_1->z  F     unmapped_nand2       1   5.1     0    88    1737    (-,-) 
  u_core/u_rls/mul_261_56/g1377/z                            (u)     in_1->z  R     unmapped_nand2       3  16.5     0   125    1862    (-,-) 
  u_core/u_rls/mul_261_56/g4174/z                            (u)     in_0->z  R     unmapped_xor2        1   5.5     0   197    2059    (-,-) 
  u_core/u_rls/mul_261_56/g4175/z                            (u)     in_0->z  R     unmapped_xor2        3  16.5     0   235    2294    (-,-) 
  u_core/u_rls/mul_261_56/g4210/z                            (u)     in_1->z  R     unmapped_xor2        1   5.5     0   197    2491    (-,-) 
  u_core/u_rls/mul_261_56/g4211/z                            (u)     in_0->z  R     unmapped_xor2        3  16.5     0   235    2726    (-,-) 
  u_core/u_rls/mul_261_56/g4228/z                            (u)     in_1->z  R     unmapped_xor2        1   5.5     0   197    2923    (-,-) 
  u_core/u_rls/mul_261_56/g4229/z                            (u)     in_0->z  R     unmapped_xor2        3  16.5     0   235    3157    (-,-) 
  u_core/u_rls/mul_261_56/g4240/z                            (u)     in_0->z  R     unmapped_xor2        1   5.5     0   197    3354    (-,-) 
  u_core/u_rls/mul_261_56/g4241/z                            (u)     in_0->z  R     unmapped_xor2        3  16.5     0   235    3589    (-,-) 
  u_core/u_rls/mul_261_56/g4246/z                            (u)     in_1->z  R     unmapped_xor2        1   5.5     0   197    3786    (-,-) 
  u_core/u_rls/mul_261_56/g4247/z                            (u)     in_0->z  R     unmapped_xor2        2  11.0     0   218    4004    (-,-) 
  u_core/u_rls/mul_261_56/g5534/z                            (u)     in_1->z  F     unmapped_nor2        3  15.3     0   125    4129    (-,-) 
  u_core/u_rls/mul_261_56/g5650/z                            (u)     in_1->z  R     unmapped_nor2        1   5.5     0    88    4217    (-,-) 
  u_core/u_rls/mul_261_56/g5652/z                            (u)     in_0->z  F     unmapped_nor2        3  15.3     0   125    4342    (-,-) 
  u_core/u_rls/mul_261_56/g5785/z                            (u)     in_0->z  R     unmapped_nor2        1   5.5     0    88    4430    (-,-) 
  u_core/u_rls/mul_261_56/g5787/z                            (u)     in_0->z  F     unmapped_nor2        5  25.5     0   157    4587    (-,-) 
  u_core/u_rls/mul_261_56/g5923/z                            (u)     in_1->z  R     unmapped_nor2        1   5.5     0    88    4675    (-,-) 
  u_core/u_rls/mul_261_56/g5925/z                            (u)     in_0->z  F     unmapped_nor2        9  45.9     0   193    4869    (-,-) 
  u_core/u_rls/mul_261_56/g6033/z                            (u)     in_0->z  R     unmapped_nor2        1   5.5     0    88    4957    (-,-) 
  u_core/u_rls/mul_261_56/g6035/z                            (u)     in_0->z  F     unmapped_nor2        1   5.1     0    88    5044    (-,-) 
  u_core/u_rls/mul_261_56/g6228/z                            (u)     in_0->z  R     unmapped_nand2       1   5.5     0    88    5132    (-,-) 
  u_core/u_rls/mul_261_56/g6377/z                            (u)     in_0->z  R     unmapped_xnor2       2  11.0     0   218    5350    (-,-) 
  u_core/u_rls/add_264_40/g58/z                              (u)     in_1->z  F     unmapped_nor2        3  15.3     0   125    5475    (-,-) 
  u_core/u_rls/add_264_40/g122/z                             (u)     in_1->z  R     unmapped_nor2        2  11.0     0   108    5584    (-,-) 
  u_core/u_rls/add_264_40/g195/z                             (u)     in_1->z  F     unmapped_nand2       5  25.5     0   157    5741    (-,-) 
  u_core/u_rls/add_264_40/g263/z                             (u)     in_0->z  R     unmapped_nor2        2  11.0     0   108    5849    (-,-) 
  u_core/u_rls/add_264_40/g321/z                             (u)     in_1->z  F     unmapped_nand2       1   5.1     0    88    5937    (-,-) 
  u_core/u_rls/add_264_40/g364/z                             (u)     in_0->z  R     unmapped_not         1   5.5     0    45    5982    (-,-) 
  u_core/u_rls/add_264_40/g365/z                             (u)     in_1->z  F     unmapped_nand2       1   5.1     0    88    6070    (-,-) 
  u_core/u_rls/add_264_40/g366/z                             (u)     in_1->z  R     unmapped_nand2       1   5.5     0    88    6158    (-,-) 
  u_core/u_rls/add_264_40/g449/z                             (u)     in_0->z  R     unmapped_xnor2       2  11.0     0   218    6376    (-,-) 
  u_core/u_rls/eq_266_45/g2/z                                (u)     in_0->z  R     unmapped_xnor2       1   5.5     0   197    6573    (-,-) 
  u_core/u_rls/eq_266_45/g33/z                               (u)     in_1->z  F     unmapped_nand4       1   5.1     0   216    6789    (-,-) 
  u_core/u_rls/eq_266_45/g41/z                               (u)     in_0->z  R     unmapped_nor4        1   5.5     0   216    7006    (-,-) 
  u_core/u_rls/eq_266_45/g43/z                               (u)     in_1->z  F     unmapped_nand2       1   5.1     0    88    7094    (-,-) 
  u_core/u_rls/eq_266_45/g44/z                               (u)     in_0->z  R     unmapped_not         1   5.5     0    45    7139    (-,-) 
  u_core/u_rls/g612/z                                        (u)     in_1->z  R     unmapped_or2        16  88.0     0   239    7378    (-,-) 
  u_core/u_rls/mux_STAGE1_NR1.NR_STAGE1.d_norm_266_35/g2/z   (u)     sel0->z  F     unmapped_bmux3      18  91.8     0   354    7732    (-,-) 
  u_core/u_rls/ctl_addr_75_15/g97/z                          (u)     in_0->z  R     unmapped_not         8  44.0     0   144    7877    (-,-) 
  u_core/u_rls/ctl_addr_75_15/g43/z                          (u)     in_0->z  F     unmapped_nand4       2  10.2     0   237    8114    (-,-) 
  u_core/u_rls/ctl_addr_75_15/g48/z                          (u)     in_0->z  R     unmapped_nor2        5  27.5     0   157    8271    (-,-) 
  u_core/u_rls/nr_lut_read_275_26:mux_nr_lut_read_75_15/g1/z (u)     sel15->z R     unmapped_mux64      31 170.5     0   780    9051    (-,-) 
  u_core/u_rls/mul_278_51/g596/z                             (u)     in_1->z  F     unmapped_xor2       17  86.7     0   351    9402    (-,-) 
  u_core/u_rls/mul_278_51/g598/z                             (u)     in_0->z  R     unmapped_not         1   5.5     0    45    9448    (-,-) 
  u_core/u_rls/mul_278_51/g599/z                             (u)     in_0->z  R     unmapped_and2       17  93.5     0   242    9690    (-,-) 
  u_core/u_rls/mul_278_51/g614/z                             (u)     in_1->z  F     unmapped_nand2       1   5.1     0    88    9778    (-,-) 
  u_core/u_rls/mul_278_51/g615/z                             (u)     in_1->z  R     unmapped_nand2       3  16.5     0   125    9903    (-,-) 
  u_core/u_rls/mul_278_51/g1064/z                            (u)     in_1->z  F     unmapped_nand2       1   5.1     0    88    9991    (-,-) 
  u_core/u_rls/mul_278_51/g1066/z                            (u)     in_1->z  R     unmapped_nand3       3  16.5     0   163   10154    (-,-) 
  u_core/u_rls/mul_278_51/g1115/z                            (u)     in_1->z  R     unmapped_xor2        1   5.5     0   197   10351    (-,-) 
  u_core/u_rls/mul_278_51/g1116/z                            (u)     in_0->z  R     unmapped_xor2        3  16.5     0   235   10586    (-,-) 
  u_core/u_rls/mul_278_51/g1127/z                            (u)     in_1->z  R     unmapped_xor2        1   5.5     0   197   10783    (-,-) 
  u_core/u_rls/mul_278_51/g1128/z                            (u)     in_0->z  R     unmapped_xor2        3  16.5     0   235   11017    (-,-) 
  u_core/u_rls/mul_278_51/g1134/z                            (u)     in_1->z  R     unmapped_xor2        2  11.0     0   218   11235    (-,-) 
  u_core/u_rls/mul_278_51/g1445/z                            (u)     in_1->z  F     unmapped_nor2        3  15.3     0   125   11360    (-,-) 
  u_core/u_rls/mul_278_51/g1498/z                            (u)     in_1->z  R     unmapped_nor2        1   5.5     0    88   11448    (-,-) 
  u_core/u_rls/mul_278_51/g1500/z                            (u)     in_0->z  F     unmapped_nor2        3  15.3     0   125   11574    (-,-) 
  u_core/u_rls/mul_278_51/g1564/z                            (u)     in_0->z  R     unmapped_nor2        1   5.5     0    88   11661    (-,-) 
  u_core/u_rls/mul_278_51/g1566/z                            (u)     in_0->z  F     unmapped_nor2        5  25.5     0   157   11818    (-,-) 
  u_core/u_rls/mul_278_51/g1629/z                            (u)     in_1->z  R     unmapped_nor2        1   5.5     0    88   11906    (-,-) 
  u_core/u_rls/mul_278_51/g252/z                             (u)     in_0->z  F     unmapped_nor2        8  40.8     0   187   12093    (-,-) 
  u_core/u_rls/mul_278_51/g1667/z                            (u)     in_0->z  R     unmapped_nor2        1   5.5     0    88   12181    (-,-) 
  u_core/u_rls/mul_278_51/g1669/z                            (u)     in_0->z  F     unmapped_nor2        1   5.1     0    88   12269    (-,-) 
  u_core/u_rls/mul_278_51/g1714/z                            (u)     in_0->z  R     unmapped_nand2       1   5.5     0    88   12357    (-,-) 
  u_core/u_rls/mul_278_51/g1788/z                            (u)     in_0->z  F     unmapped_xnor2       1   5.1     0   197   12554    (-,-) 
  u_core/u_rls/sub_280_42/g13/z                              (u)     in_0->z  R     unmapped_not         2  11.0     0    66   12620    (-,-) 
  u_core/u_rls/sub_280_42/g41/z                              (u)     in_1->z  F     unmapped_nand2       2  10.2     0   108   12728    (-,-) 
  u_core/u_rls/sub_280_42/g188/z                             (u)     in_1->z  R     unmapped_nand2       1   5.5     0    88   12816    (-,-) 
  u_core/u_rls/sub_280_42/g189/z                             (u)     in_1->z  R     unmapped_xnor2      22 121.0     0   366   13182    (-,-) 
  u_core/u_rls/mul_281_46/g487/z                             (u)     in_1->z  F     unmapped_xor2       16  81.6     0   348   13530    (-,-) 
  u_core/u_rls/mul_281_46/g489/z                             (u)     in_0->z  R     unmapped_not         1   5.5     0    45   13576    (-,-) 
  u_core/u_rls/mul_281_46/g490/z                             (u)     in_0->z  R     unmapped_and2       16  88.0     0   239   13815    (-,-) 
  u_core/u_rls/mul_281_46/g505/z                             (u)     in_1->z  F     unmapped_nand2       1   5.1     0    88   13903    (-,-) 
  u_core/u_rls/mul_281_46/g506/z                             (u)     in_1->z  R     unmapped_nand2       3  16.5     0   125   14028    (-,-) 
  u_core/u_rls/mul_281_46/g958/z                             (u)     in_1->z  R     unmapped_xor2        1   5.5     0   197   14225    (-,-) 
  u_core/u_rls/mul_281_46/g959/z                             (u)     in_0->z  R     unmapped_xor2        3  16.5     0   235   14460    (-,-) 
  u_core/u_rls/mul_281_46/g970/z                             (u)     in_1->z  R     unmapped_xor2        1   5.5     0   197   14657    (-,-) 
  u_core/u_rls/mul_281_46/g971/z                             (u)     in_0->z  R     unmapped_xor2        3  16.5     0   235   14892    (-,-) 
  u_core/u_rls/mul_281_46/g976/z                             (u)     in_1->z  R     unmapped_xor2        1   5.5     0   197   15089    (-,-) 
  u_core/u_rls/mul_281_46/g977/z                             (u)     in_0->z  R     unmapped_xor2        2  11.0     0   218   15306    (-,-) 
  u_core/u_rls/mul_281_46/g1360/z                            (u)     in_1->z  F     unmapped_nor2        3  15.3     0   125   15432    (-,-) 
  u_core/u_rls/mul_281_46/g1417/z                            (u)     in_0->z  R     unmapped_nor2        2  11.0     0   108   15540    (-,-) 
  u_core/u_rls/mul_281_46/g1473/z                            (u)     in_0->z  F     unmapped_not         1   5.1     0    45   15585    (-,-) 
  u_core/u_rls/mul_281_46/g1474/z                            (u)     in_1->z  R     unmapped_nor2        1   5.5     0    88   15673    (-,-) 
  u_core/u_rls/mul_281_46/g1476/z                            (u)     in_0->z  F     unmapped_nor2        1   5.1     0    88   15761    (-,-) 
  u_core/u_rls/mul_281_46/g1535/z                            (u)     in_0->z  R     unmapped_not         1   5.5     0    45   15806    (-,-) 
  u_core/u_rls/mul_281_46/g235/z                             (u)     in_1->z  F     unmapped_nor2        1   5.1     0    88   15894    (-,-) 
  u_core/u_rls/mul_281_46/g1580/z                            (u)     in_0->z  R     unmapped_nand2      16  88.0     0   239   16133    (-,-) 
  u_core/u_rls/mul_281_46/g1616/z                            (u)     in_0->z  F     unmapped_nand2       1   5.1     0    88   16221    (-,-) 
  u_core/u_rls/mul_281_46/g1617/z                            (u)     in_1->z  R     unmapped_nand2       1   5.5     0    88   16309    (-,-) 
  u_core/u_rls/mul_281_46/g1690/z                            (u)     in_0->z  R     unmapped_xnor2       1   5.5     0   197   16506    (-,-) 
  u_core/u_rls/nr_x1_reg[5]/d                                -       -        R     unmapped_d_flop      1     -     -     0   16506    (-,-) 
#---------------------------------------------------------------------------------------------------------------------------------------------

(u) : Net has unmapped pin(s).



Path 12: VIOLATED (-6808 ps) Setup Check with Pin u_core/u_rls/nr_x1_reg[4]/clk->d
          Group: aquila_clk
     Startpoint: (R) u_core/u_rls/xTx_acc_reg[30]/clk
          Clock: (R) aquila_clk
       Endpoint: (R) u_core/u_rls/nr_x1_reg[4]/d
          Clock: (R) aquila_clk

                     Capture       Launch     
        Clock Edge:+   10000            0     
       Src Latency:+       0            0     
       Net Latency:+       0 (I)        0 (I) 
           Arrival:=   10000            0     
                                              
             Setup:-     302                  
     Required Time:=    9698                  
      Launch Clock:-       0                  
         Data Path:-   16506                  
             Slack:=   -6808                  

#---------------------------------------------------------------------------------------------------------------------------------------------
#                       Timing Point                         Flags     Arc    Edge      Cell        Fanout  Load Trans Delay Arrival Instance 
#                                                                                                           (fF)  (ps)  (ps)   (ps)  Location 
#---------------------------------------------------------------------------------------------------------------------------------------------
  u_core/u_rls/xTx_acc_reg[30]/clk                           -       -        R     (arrival)        22387     -     0     0       0    (-,-) 
  u_core/u_rls/xTx_acc_reg[30]/q                             (u)     clk->q   R     unmapped_d_flop    378 110.0     0   921     921    (-,-) 
  u_core/u_rls/mul_261_56/g1306/z                            (u)     in_1->z  F     unmapped_xor2       32 163.2     0   396    1317    (-,-) 
  u_core/u_rls/mul_261_56/g1308/z                            (u)     in_0->z  R     unmapped_not         1   5.5     0    45    1362    (-,-) 
  u_core/u_rls/mul_261_56/g1309/z                            (u)     in_0->z  R     unmapped_and2       32 176.0     0   287    1649    (-,-) 
  u_core/u_rls/mul_261_56/g1376/z                            (u)     in_1->z  F     unmapped_nand2       1   5.1     0    88    1737    (-,-) 
  u_core/u_rls/mul_261_56/g1377/z                            (u)     in_1->z  R     unmapped_nand2       3  16.5     0   125    1862    (-,-) 
  u_core/u_rls/mul_261_56/g4174/z                            (u)     in_0->z  R     unmapped_xor2        1   5.5     0   197    2059    (-,-) 
  u_core/u_rls/mul_261_56/g4175/z                            (u)     in_0->z  R     unmapped_xor2        3  16.5     0   235    2294    (-,-) 
  u_core/u_rls/mul_261_56/g4210/z                            (u)     in_1->z  R     unmapped_xor2        1   5.5     0   197    2491    (-,-) 
  u_core/u_rls/mul_261_56/g4211/z                            (u)     in_0->z  R     unmapped_xor2        3  16.5     0   235    2726    (-,-) 
  u_core/u_rls/mul_261_56/g4228/z                            (u)     in_1->z  R     unmapped_xor2        1   5.5     0   197    2923    (-,-) 
  u_core/u_rls/mul_261_56/g4229/z                            (u)     in_0->z  R     unmapped_xor2        3  16.5     0   235    3157    (-,-) 
  u_core/u_rls/mul_261_56/g4240/z                            (u)     in_0->z  R     unmapped_xor2        1   5.5     0   197    3354    (-,-) 
  u_core/u_rls/mul_261_56/g4241/z                            (u)     in_0->z  R     unmapped_xor2        3  16.5     0   235    3589    (-,-) 
  u_core/u_rls/mul_261_56/g4246/z                            (u)     in_1->z  R     unmapped_xor2        1   5.5     0   197    3786    (-,-) 
  u_core/u_rls/mul_261_56/g4247/z                            (u)     in_0->z  R     unmapped_xor2        2  11.0     0   218    4004    (-,-) 
  u_core/u_rls/mul_261_56/g5534/z                            (u)     in_1->z  F     unmapped_nor2        3  15.3     0   125    4129    (-,-) 
  u_core/u_rls/mul_261_56/g5650/z                            (u)     in_1->z  R     unmapped_nor2        1   5.5     0    88    4217    (-,-) 
  u_core/u_rls/mul_261_56/g5652/z                            (u)     in_0->z  F     unmapped_nor2        3  15.3     0   125    4342    (-,-) 
  u_core/u_rls/mul_261_56/g5785/z                            (u)     in_0->z  R     unmapped_nor2        1   5.5     0    88    4430    (-,-) 
  u_core/u_rls/mul_261_56/g5787/z                            (u)     in_0->z  F     unmapped_nor2        5  25.5     0   157    4587    (-,-) 
  u_core/u_rls/mul_261_56/g5923/z                            (u)     in_1->z  R     unmapped_nor2        1   5.5     0    88    4675    (-,-) 
  u_core/u_rls/mul_261_56/g5925/z                            (u)     in_0->z  F     unmapped_nor2        9  45.9     0   193    4869    (-,-) 
  u_core/u_rls/mul_261_56/g6033/z                            (u)     in_0->z  R     unmapped_nor2        1   5.5     0    88    4957    (-,-) 
  u_core/u_rls/mul_261_56/g6035/z                            (u)     in_0->z  F     unmapped_nor2        1   5.1     0    88    5044    (-,-) 
  u_core/u_rls/mul_261_56/g6228/z                            (u)     in_0->z  R     unmapped_nand2       1   5.5     0    88    5132    (-,-) 
  u_core/u_rls/mul_261_56/g6377/z                            (u)     in_0->z  R     unmapped_xnor2       2  11.0     0   218    5350    (-,-) 
  u_core/u_rls/add_264_40/g58/z                              (u)     in_1->z  F     unmapped_nor2        3  15.3     0   125    5475    (-,-) 
  u_core/u_rls/add_264_40/g122/z                             (u)     in_1->z  R     unmapped_nor2        2  11.0     0   108    5584    (-,-) 
  u_core/u_rls/add_264_40/g195/z                             (u)     in_1->z  F     unmapped_nand2       5  25.5     0   157    5741    (-,-) 
  u_core/u_rls/add_264_40/g263/z                             (u)     in_0->z  R     unmapped_nor2        2  11.0     0   108    5849    (-,-) 
  u_core/u_rls/add_264_40/g321/z                             (u)     in_1->z  F     unmapped_nand2       1   5.1     0    88    5937    (-,-) 
  u_core/u_rls/add_264_40/g364/z                             (u)     in_0->z  R     unmapped_not         1   5.5     0    45    5982    (-,-) 
  u_core/u_rls/add_264_40/g365/z                             (u)     in_1->z  F     unmapped_nand2       1   5.1     0    88    6070    (-,-) 
  u_core/u_rls/add_264_40/g366/z                             (u)     in_1->z  R     unmapped_nand2       1   5.5     0    88    6158    (-,-) 
  u_core/u_rls/add_264_40/g449/z                             (u)     in_0->z  R     unmapped_xnor2       2  11.0     0   218    6376    (-,-) 
  u_core/u_rls/eq_266_45/g2/z                                (u)     in_0->z  R     unmapped_xnor2       1   5.5     0   197    6573    (-,-) 
  u_core/u_rls/eq_266_45/g33/z                               (u)     in_1->z  F     unmapped_nand4       1   5.1     0   216    6789    (-,-) 
  u_core/u_rls/eq_266_45/g41/z                               (u)     in_0->z  R     unmapped_nor4        1   5.5     0   216    7006    (-,-) 
  u_core/u_rls/eq_266_45/g43/z                               (u)     in_1->z  F     unmapped_nand2       1   5.1     0    88    7094    (-,-) 
  u_core/u_rls/eq_266_45/g44/z                               (u)     in_0->z  R     unmapped_not         1   5.5     0    45    7139    (-,-) 
  u_core/u_rls/g612/z                                        (u)     in_1->z  R     unmapped_or2        16  88.0     0   239    7378    (-,-) 
  u_core/u_rls/mux_STAGE1_NR1.NR_STAGE1.d_norm_266_35/g2/z   (u)     sel0->z  F     unmapped_bmux3      18  91.8     0   354    7732    (-,-) 
  u_core/u_rls/ctl_addr_75_15/g97/z                          (u)     in_0->z  R     unmapped_not         8  44.0     0   144    7877    (-,-) 
  u_core/u_rls/ctl_addr_75_15/g43/z                          (u)     in_0->z  F     unmapped_nand4       2  10.2     0   237    8114    (-,-) 
  u_core/u_rls/ctl_addr_75_15/g48/z                          (u)     in_0->z  R     unmapped_nor2        5  27.5     0   157    8271    (-,-) 
  u_core/u_rls/nr_lut_read_275_26:mux_nr_lut_read_75_15/g1/z (u)     sel15->z R     unmapped_mux64      31 170.5     0   780    9051    (-,-) 
  u_core/u_rls/mul_278_51/g596/z                             (u)     in_1->z  F     unmapped_xor2       17  86.7     0   351    9402    (-,-) 
  u_core/u_rls/mul_278_51/g598/z                             (u)     in_0->z  R     unmapped_not         1   5.5     0    45    9448    (-,-) 
  u_core/u_rls/mul_278_51/g599/z                             (u)     in_0->z  R     unmapped_and2       17  93.5     0   242    9690    (-,-) 
  u_core/u_rls/mul_278_51/g614/z                             (u)     in_1->z  F     unmapped_nand2       1   5.1     0    88    9778    (-,-) 
  u_core/u_rls/mul_278_51/g615/z                             (u)     in_1->z  R     unmapped_nand2       3  16.5     0   125    9903    (-,-) 
  u_core/u_rls/mul_278_51/g1064/z                            (u)     in_1->z  F     unmapped_nand2       1   5.1     0    88    9991    (-,-) 
  u_core/u_rls/mul_278_51/g1066/z                            (u)     in_1->z  R     unmapped_nand3       3  16.5     0   163   10154    (-,-) 
  u_core/u_rls/mul_278_51/g1115/z                            (u)     in_1->z  R     unmapped_xor2        1   5.5     0   197   10351    (-,-) 
  u_core/u_rls/mul_278_51/g1116/z                            (u)     in_0->z  R     unmapped_xor2        3  16.5     0   235   10586    (-,-) 
  u_core/u_rls/mul_278_51/g1127/z                            (u)     in_1->z  R     unmapped_xor2        1   5.5     0   197   10783    (-,-) 
  u_core/u_rls/mul_278_51/g1128/z                            (u)     in_0->z  R     unmapped_xor2        3  16.5     0   235   11017    (-,-) 
  u_core/u_rls/mul_278_51/g1134/z                            (u)     in_1->z  R     unmapped_xor2        2  11.0     0   218   11235    (-,-) 
  u_core/u_rls/mul_278_51/g1445/z                            (u)     in_1->z  F     unmapped_nor2        3  15.3     0   125   11360    (-,-) 
  u_core/u_rls/mul_278_51/g1498/z                            (u)     in_1->z  R     unmapped_nor2        1   5.5     0    88   11448    (-,-) 
  u_core/u_rls/mul_278_51/g1500/z                            (u)     in_0->z  F     unmapped_nor2        3  15.3     0   125   11574    (-,-) 
  u_core/u_rls/mul_278_51/g1564/z                            (u)     in_0->z  R     unmapped_nor2        1   5.5     0    88   11661    (-,-) 
  u_core/u_rls/mul_278_51/g1566/z                            (u)     in_0->z  F     unmapped_nor2        5  25.5     0   157   11818    (-,-) 
  u_core/u_rls/mul_278_51/g1629/z                            (u)     in_1->z  R     unmapped_nor2        1   5.5     0    88   11906    (-,-) 
  u_core/u_rls/mul_278_51/g252/z                             (u)     in_0->z  F     unmapped_nor2        8  40.8     0   187   12093    (-,-) 
  u_core/u_rls/mul_278_51/g1667/z                            (u)     in_0->z  R     unmapped_nor2        1   5.5     0    88   12181    (-,-) 
  u_core/u_rls/mul_278_51/g1669/z                            (u)     in_0->z  F     unmapped_nor2        1   5.1     0    88   12269    (-,-) 
  u_core/u_rls/mul_278_51/g1714/z                            (u)     in_0->z  R     unmapped_nand2       1   5.5     0    88   12357    (-,-) 
  u_core/u_rls/mul_278_51/g1788/z                            (u)     in_0->z  F     unmapped_xnor2       1   5.1     0   197   12554    (-,-) 
  u_core/u_rls/sub_280_42/g13/z                              (u)     in_0->z  R     unmapped_not         2  11.0     0    66   12620    (-,-) 
  u_core/u_rls/sub_280_42/g41/z                              (u)     in_1->z  F     unmapped_nand2       2  10.2     0   108   12728    (-,-) 
  u_core/u_rls/sub_280_42/g188/z                             (u)     in_1->z  R     unmapped_nand2       1   5.5     0    88   12816    (-,-) 
  u_core/u_rls/sub_280_42/g189/z                             (u)     in_1->z  R     unmapped_xnor2      22 121.0     0   366   13182    (-,-) 
  u_core/u_rls/mul_281_46/g487/z                             (u)     in_1->z  F     unmapped_xor2       16  81.6     0   348   13530    (-,-) 
  u_core/u_rls/mul_281_46/g489/z                             (u)     in_0->z  R     unmapped_not         1   5.5     0    45   13576    (-,-) 
  u_core/u_rls/mul_281_46/g490/z                             (u)     in_0->z  R     unmapped_and2       16  88.0     0   239   13815    (-,-) 
  u_core/u_rls/mul_281_46/g505/z                             (u)     in_1->z  F     unmapped_nand2       1   5.1     0    88   13903    (-,-) 
  u_core/u_rls/mul_281_46/g506/z                             (u)     in_1->z  R     unmapped_nand2       3  16.5     0   125   14028    (-,-) 
  u_core/u_rls/mul_281_46/g958/z                             (u)     in_1->z  R     unmapped_xor2        1   5.5     0   197   14225    (-,-) 
  u_core/u_rls/mul_281_46/g959/z                             (u)     in_0->z  R     unmapped_xor2        3  16.5     0   235   14460    (-,-) 
  u_core/u_rls/mul_281_46/g970/z                             (u)     in_1->z  R     unmapped_xor2        1   5.5     0   197   14657    (-,-) 
  u_core/u_rls/mul_281_46/g971/z                             (u)     in_0->z  R     unmapped_xor2        3  16.5     0   235   14892    (-,-) 
  u_core/u_rls/mul_281_46/g976/z                             (u)     in_1->z  R     unmapped_xor2        1   5.5     0   197   15089    (-,-) 
  u_core/u_rls/mul_281_46/g977/z                             (u)     in_0->z  R     unmapped_xor2        2  11.0     0   218   15306    (-,-) 
  u_core/u_rls/mul_281_46/g1360/z                            (u)     in_1->z  F     unmapped_nor2        3  15.3     0   125   15432    (-,-) 
  u_core/u_rls/mul_281_46/g1417/z                            (u)     in_0->z  R     unmapped_nor2        2  11.0     0   108   15540    (-,-) 
  u_core/u_rls/mul_281_46/g1473/z                            (u)     in_0->z  F     unmapped_not         1   5.1     0    45   15585    (-,-) 
  u_core/u_rls/mul_281_46/g1474/z                            (u)     in_1->z  R     unmapped_nor2        1   5.5     0    88   15673    (-,-) 
  u_core/u_rls/mul_281_46/g1476/z                            (u)     in_0->z  F     unmapped_nor2        1   5.1     0    88   15761    (-,-) 
  u_core/u_rls/mul_281_46/g1535/z                            (u)     in_0->z  R     unmapped_not         1   5.5     0    45   15806    (-,-) 
  u_core/u_rls/mul_281_46/g235/z                             (u)     in_1->z  F     unmapped_nor2        1   5.1     0    88   15894    (-,-) 
  u_core/u_rls/mul_281_46/g1580/z                            (u)     in_0->z  R     unmapped_nand2      16  88.0     0   239   16133    (-,-) 
  u_core/u_rls/mul_281_46/g333/z                             (u)     in_1->z  F     unmapped_nand2       1   5.1     0    88   16221    (-,-) 
  u_core/u_rls/mul_281_46/g334/z                             (u)     in_1->z  R     unmapped_nand2       1   5.5     0    88   16309    (-,-) 
  u_core/u_rls/mul_281_46/g1687/z                            (u)     in_0->z  R     unmapped_xnor2       1   5.5     0   197   16506    (-,-) 
  u_core/u_rls/nr_x1_reg[4]/d                                -       -        R     unmapped_d_flop      1     -     -     0   16506    (-,-) 
#---------------------------------------------------------------------------------------------------------------------------------------------

(u) : Net has unmapped pin(s).



Path 13: VIOLATED (-6808 ps) Setup Check with Pin u_core/u_rls/nr_x1_reg[3]/clk->d
          Group: aquila_clk
     Startpoint: (R) u_core/u_rls/xTx_acc_reg[30]/clk
          Clock: (R) aquila_clk
       Endpoint: (R) u_core/u_rls/nr_x1_reg[3]/d
          Clock: (R) aquila_clk

                     Capture       Launch     
        Clock Edge:+   10000            0     
       Src Latency:+       0            0     
       Net Latency:+       0 (I)        0 (I) 
           Arrival:=   10000            0     
                                              
             Setup:-     302                  
     Required Time:=    9698                  
      Launch Clock:-       0                  
         Data Path:-   16506                  
             Slack:=   -6808                  

#---------------------------------------------------------------------------------------------------------------------------------------------
#                       Timing Point                         Flags     Arc    Edge      Cell        Fanout  Load Trans Delay Arrival Instance 
#                                                                                                           (fF)  (ps)  (ps)   (ps)  Location 
#---------------------------------------------------------------------------------------------------------------------------------------------
  u_core/u_rls/xTx_acc_reg[30]/clk                           -       -        R     (arrival)        22387     -     0     0       0    (-,-) 
  u_core/u_rls/xTx_acc_reg[30]/q                             (u)     clk->q   R     unmapped_d_flop    378 110.0     0   921     921    (-,-) 
  u_core/u_rls/mul_261_56/g1306/z                            (u)     in_1->z  F     unmapped_xor2       32 163.2     0   396    1317    (-,-) 
  u_core/u_rls/mul_261_56/g1308/z                            (u)     in_0->z  R     unmapped_not         1   5.5     0    45    1362    (-,-) 
  u_core/u_rls/mul_261_56/g1309/z                            (u)     in_0->z  R     unmapped_and2       32 176.0     0   287    1649    (-,-) 
  u_core/u_rls/mul_261_56/g1376/z                            (u)     in_1->z  F     unmapped_nand2       1   5.1     0    88    1737    (-,-) 
  u_core/u_rls/mul_261_56/g1377/z                            (u)     in_1->z  R     unmapped_nand2       3  16.5     0   125    1862    (-,-) 
  u_core/u_rls/mul_261_56/g4174/z                            (u)     in_0->z  R     unmapped_xor2        1   5.5     0   197    2059    (-,-) 
  u_core/u_rls/mul_261_56/g4175/z                            (u)     in_0->z  R     unmapped_xor2        3  16.5     0   235    2294    (-,-) 
  u_core/u_rls/mul_261_56/g4210/z                            (u)     in_1->z  R     unmapped_xor2        1   5.5     0   197    2491    (-,-) 
  u_core/u_rls/mul_261_56/g4211/z                            (u)     in_0->z  R     unmapped_xor2        3  16.5     0   235    2726    (-,-) 
  u_core/u_rls/mul_261_56/g4228/z                            (u)     in_1->z  R     unmapped_xor2        1   5.5     0   197    2923    (-,-) 
  u_core/u_rls/mul_261_56/g4229/z                            (u)     in_0->z  R     unmapped_xor2        3  16.5     0   235    3157    (-,-) 
  u_core/u_rls/mul_261_56/g4240/z                            (u)     in_0->z  R     unmapped_xor2        1   5.5     0   197    3354    (-,-) 
  u_core/u_rls/mul_261_56/g4241/z                            (u)     in_0->z  R     unmapped_xor2        3  16.5     0   235    3589    (-,-) 
  u_core/u_rls/mul_261_56/g4246/z                            (u)     in_1->z  R     unmapped_xor2        1   5.5     0   197    3786    (-,-) 
  u_core/u_rls/mul_261_56/g4247/z                            (u)     in_0->z  R     unmapped_xor2        2  11.0     0   218    4004    (-,-) 
  u_core/u_rls/mul_261_56/g5534/z                            (u)     in_1->z  F     unmapped_nor2        3  15.3     0   125    4129    (-,-) 
  u_core/u_rls/mul_261_56/g5650/z                            (u)     in_1->z  R     unmapped_nor2        1   5.5     0    88    4217    (-,-) 
  u_core/u_rls/mul_261_56/g5652/z                            (u)     in_0->z  F     unmapped_nor2        3  15.3     0   125    4342    (-,-) 
  u_core/u_rls/mul_261_56/g5785/z                            (u)     in_0->z  R     unmapped_nor2        1   5.5     0    88    4430    (-,-) 
  u_core/u_rls/mul_261_56/g5787/z                            (u)     in_0->z  F     unmapped_nor2        5  25.5     0   157    4587    (-,-) 
  u_core/u_rls/mul_261_56/g5923/z                            (u)     in_1->z  R     unmapped_nor2        1   5.5     0    88    4675    (-,-) 
  u_core/u_rls/mul_261_56/g5925/z                            (u)     in_0->z  F     unmapped_nor2        9  45.9     0   193    4869    (-,-) 
  u_core/u_rls/mul_261_56/g6033/z                            (u)     in_0->z  R     unmapped_nor2        1   5.5     0    88    4957    (-,-) 
  u_core/u_rls/mul_261_56/g6035/z                            (u)     in_0->z  F     unmapped_nor2        1   5.1     0    88    5044    (-,-) 
  u_core/u_rls/mul_261_56/g6228/z                            (u)     in_0->z  R     unmapped_nand2       1   5.5     0    88    5132    (-,-) 
  u_core/u_rls/mul_261_56/g6377/z                            (u)     in_0->z  R     unmapped_xnor2       2  11.0     0   218    5350    (-,-) 
  u_core/u_rls/add_264_40/g58/z                              (u)     in_1->z  F     unmapped_nor2        3  15.3     0   125    5475    (-,-) 
  u_core/u_rls/add_264_40/g122/z                             (u)     in_1->z  R     unmapped_nor2        2  11.0     0   108    5584    (-,-) 
  u_core/u_rls/add_264_40/g195/z                             (u)     in_1->z  F     unmapped_nand2       5  25.5     0   157    5741    (-,-) 
  u_core/u_rls/add_264_40/g263/z                             (u)     in_0->z  R     unmapped_nor2        2  11.0     0   108    5849    (-,-) 
  u_core/u_rls/add_264_40/g321/z                             (u)     in_1->z  F     unmapped_nand2       1   5.1     0    88    5937    (-,-) 
  u_core/u_rls/add_264_40/g364/z                             (u)     in_0->z  R     unmapped_not         1   5.5     0    45    5982    (-,-) 
  u_core/u_rls/add_264_40/g365/z                             (u)     in_1->z  F     unmapped_nand2       1   5.1     0    88    6070    (-,-) 
  u_core/u_rls/add_264_40/g366/z                             (u)     in_1->z  R     unmapped_nand2       1   5.5     0    88    6158    (-,-) 
  u_core/u_rls/add_264_40/g449/z                             (u)     in_0->z  R     unmapped_xnor2       2  11.0     0   218    6376    (-,-) 
  u_core/u_rls/eq_266_45/g2/z                                (u)     in_0->z  R     unmapped_xnor2       1   5.5     0   197    6573    (-,-) 
  u_core/u_rls/eq_266_45/g33/z                               (u)     in_1->z  F     unmapped_nand4       1   5.1     0   216    6789    (-,-) 
  u_core/u_rls/eq_266_45/g41/z                               (u)     in_0->z  R     unmapped_nor4        1   5.5     0   216    7006    (-,-) 
  u_core/u_rls/eq_266_45/g43/z                               (u)     in_1->z  F     unmapped_nand2       1   5.1     0    88    7094    (-,-) 
  u_core/u_rls/eq_266_45/g44/z                               (u)     in_0->z  R     unmapped_not         1   5.5     0    45    7139    (-,-) 
  u_core/u_rls/g612/z                                        (u)     in_1->z  R     unmapped_or2        16  88.0     0   239    7378    (-,-) 
  u_core/u_rls/mux_STAGE1_NR1.NR_STAGE1.d_norm_266_35/g2/z   (u)     sel0->z  F     unmapped_bmux3      18  91.8     0   354    7732    (-,-) 
  u_core/u_rls/ctl_addr_75_15/g97/z                          (u)     in_0->z  R     unmapped_not         8  44.0     0   144    7877    (-,-) 
  u_core/u_rls/ctl_addr_75_15/g43/z                          (u)     in_0->z  F     unmapped_nand4       2  10.2     0   237    8114    (-,-) 
  u_core/u_rls/ctl_addr_75_15/g48/z                          (u)     in_0->z  R     unmapped_nor2        5  27.5     0   157    8271    (-,-) 
  u_core/u_rls/nr_lut_read_275_26:mux_nr_lut_read_75_15/g1/z (u)     sel15->z R     unmapped_mux64      31 170.5     0   780    9051    (-,-) 
  u_core/u_rls/mul_278_51/g596/z                             (u)     in_1->z  F     unmapped_xor2       17  86.7     0   351    9402    (-,-) 
  u_core/u_rls/mul_278_51/g598/z                             (u)     in_0->z  R     unmapped_not         1   5.5     0    45    9448    (-,-) 
  u_core/u_rls/mul_278_51/g599/z                             (u)     in_0->z  R     unmapped_and2       17  93.5     0   242    9690    (-,-) 
  u_core/u_rls/mul_278_51/g614/z                             (u)     in_1->z  F     unmapped_nand2       1   5.1     0    88    9778    (-,-) 
  u_core/u_rls/mul_278_51/g615/z                             (u)     in_1->z  R     unmapped_nand2       3  16.5     0   125    9903    (-,-) 
  u_core/u_rls/mul_278_51/g1064/z                            (u)     in_1->z  F     unmapped_nand2       1   5.1     0    88    9991    (-,-) 
  u_core/u_rls/mul_278_51/g1066/z                            (u)     in_1->z  R     unmapped_nand3       3  16.5     0   163   10154    (-,-) 
  u_core/u_rls/mul_278_51/g1115/z                            (u)     in_1->z  R     unmapped_xor2        1   5.5     0   197   10351    (-,-) 
  u_core/u_rls/mul_278_51/g1116/z                            (u)     in_0->z  R     unmapped_xor2        3  16.5     0   235   10586    (-,-) 
  u_core/u_rls/mul_278_51/g1127/z                            (u)     in_1->z  R     unmapped_xor2        1   5.5     0   197   10783    (-,-) 
  u_core/u_rls/mul_278_51/g1128/z                            (u)     in_0->z  R     unmapped_xor2        3  16.5     0   235   11017    (-,-) 
  u_core/u_rls/mul_278_51/g1134/z                            (u)     in_1->z  R     unmapped_xor2        2  11.0     0   218   11235    (-,-) 
  u_core/u_rls/mul_278_51/g1445/z                            (u)     in_1->z  F     unmapped_nor2        3  15.3     0   125   11360    (-,-) 
  u_core/u_rls/mul_278_51/g1498/z                            (u)     in_1->z  R     unmapped_nor2        1   5.5     0    88   11448    (-,-) 
  u_core/u_rls/mul_278_51/g1500/z                            (u)     in_0->z  F     unmapped_nor2        3  15.3     0   125   11574    (-,-) 
  u_core/u_rls/mul_278_51/g1564/z                            (u)     in_0->z  R     unmapped_nor2        1   5.5     0    88   11661    (-,-) 
  u_core/u_rls/mul_278_51/g1566/z                            (u)     in_0->z  F     unmapped_nor2        5  25.5     0   157   11818    (-,-) 
  u_core/u_rls/mul_278_51/g1629/z                            (u)     in_1->z  R     unmapped_nor2        1   5.5     0    88   11906    (-,-) 
  u_core/u_rls/mul_278_51/g252/z                             (u)     in_0->z  F     unmapped_nor2        8  40.8     0   187   12093    (-,-) 
  u_core/u_rls/mul_278_51/g1667/z                            (u)     in_0->z  R     unmapped_nor2        1   5.5     0    88   12181    (-,-) 
  u_core/u_rls/mul_278_51/g1669/z                            (u)     in_0->z  F     unmapped_nor2        1   5.1     0    88   12269    (-,-) 
  u_core/u_rls/mul_278_51/g1714/z                            (u)     in_0->z  R     unmapped_nand2       1   5.5     0    88   12357    (-,-) 
  u_core/u_rls/mul_278_51/g1788/z                            (u)     in_0->z  F     unmapped_xnor2       1   5.1     0   197   12554    (-,-) 
  u_core/u_rls/sub_280_42/g13/z                              (u)     in_0->z  R     unmapped_not         2  11.0     0    66   12620    (-,-) 
  u_core/u_rls/sub_280_42/g41/z                              (u)     in_1->z  F     unmapped_nand2       2  10.2     0   108   12728    (-,-) 
  u_core/u_rls/sub_280_42/g188/z                             (u)     in_1->z  R     unmapped_nand2       1   5.5     0    88   12816    (-,-) 
  u_core/u_rls/sub_280_42/g189/z                             (u)     in_1->z  R     unmapped_xnor2      22 121.0     0   366   13182    (-,-) 
  u_core/u_rls/mul_281_46/g487/z                             (u)     in_1->z  F     unmapped_xor2       16  81.6     0   348   13530    (-,-) 
  u_core/u_rls/mul_281_46/g489/z                             (u)     in_0->z  R     unmapped_not         1   5.5     0    45   13576    (-,-) 
  u_core/u_rls/mul_281_46/g490/z                             (u)     in_0->z  R     unmapped_and2       16  88.0     0   239   13815    (-,-) 
  u_core/u_rls/mul_281_46/g505/z                             (u)     in_1->z  F     unmapped_nand2       1   5.1     0    88   13903    (-,-) 
  u_core/u_rls/mul_281_46/g506/z                             (u)     in_1->z  R     unmapped_nand2       3  16.5     0   125   14028    (-,-) 
  u_core/u_rls/mul_281_46/g958/z                             (u)     in_1->z  R     unmapped_xor2        1   5.5     0   197   14225    (-,-) 
  u_core/u_rls/mul_281_46/g959/z                             (u)     in_0->z  R     unmapped_xor2        3  16.5     0   235   14460    (-,-) 
  u_core/u_rls/mul_281_46/g970/z                             (u)     in_1->z  R     unmapped_xor2        1   5.5     0   197   14657    (-,-) 
  u_core/u_rls/mul_281_46/g971/z                             (u)     in_0->z  R     unmapped_xor2        3  16.5     0   235   14892    (-,-) 
  u_core/u_rls/mul_281_46/g976/z                             (u)     in_1->z  R     unmapped_xor2        1   5.5     0   197   15089    (-,-) 
  u_core/u_rls/mul_281_46/g977/z                             (u)     in_0->z  R     unmapped_xor2        2  11.0     0   218   15306    (-,-) 
  u_core/u_rls/mul_281_46/g1360/z                            (u)     in_1->z  F     unmapped_nor2        3  15.3     0   125   15432    (-,-) 
  u_core/u_rls/mul_281_46/g1417/z                            (u)     in_0->z  R     unmapped_nor2        2  11.0     0   108   15540    (-,-) 
  u_core/u_rls/mul_281_46/g1473/z                            (u)     in_0->z  F     unmapped_not         1   5.1     0    45   15585    (-,-) 
  u_core/u_rls/mul_281_46/g1474/z                            (u)     in_1->z  R     unmapped_nor2        1   5.5     0    88   15673    (-,-) 
  u_core/u_rls/mul_281_46/g1476/z                            (u)     in_0->z  F     unmapped_nor2        1   5.1     0    88   15761    (-,-) 
  u_core/u_rls/mul_281_46/g1535/z                            (u)     in_0->z  R     unmapped_not         1   5.5     0    45   15806    (-,-) 
  u_core/u_rls/mul_281_46/g235/z                             (u)     in_1->z  F     unmapped_nor2        1   5.1     0    88   15894    (-,-) 
  u_core/u_rls/mul_281_46/g1580/z                            (u)     in_0->z  R     unmapped_nand2      16  88.0     0   239   16133    (-,-) 
  u_core/u_rls/mul_281_46/g1614/z                            (u)     in_0->z  F     unmapped_nand2       1   5.1     0    88   16221    (-,-) 
  u_core/u_rls/mul_281_46/g1615/z                            (u)     in_1->z  R     unmapped_nand2       1   5.5     0    88   16309    (-,-) 
  u_core/u_rls/mul_281_46/g415/z                             (u)     in_0->z  R     unmapped_xnor2       1   5.5     0   197   16506    (-,-) 
  u_core/u_rls/nr_x1_reg[3]/d                                -       -        R     unmapped_d_flop      1     -     -     0   16506    (-,-) 
#---------------------------------------------------------------------------------------------------------------------------------------------

(u) : Net has unmapped pin(s).



Path 14: VIOLATED (-6632 ps) Setup Check with Pin u_core/u_rls/nr_x1_reg[2]/clk->d
          Group: aquila_clk
     Startpoint: (R) u_core/u_rls/xTx_acc_reg[30]/clk
          Clock: (R) aquila_clk
       Endpoint: (R) u_core/u_rls/nr_x1_reg[2]/d
          Clock: (R) aquila_clk

                     Capture       Launch     
        Clock Edge:+   10000            0     
       Src Latency:+       0            0     
       Net Latency:+       0 (I)        0 (I) 
           Arrival:=   10000            0     
                                              
             Setup:-     302                  
     Required Time:=    9698                  
      Launch Clock:-       0                  
         Data Path:-   16330                  
             Slack:=   -6632                  

#---------------------------------------------------------------------------------------------------------------------------------------------
#                       Timing Point                         Flags     Arc    Edge      Cell        Fanout  Load Trans Delay Arrival Instance 
#                                                                                                           (fF)  (ps)  (ps)   (ps)  Location 
#---------------------------------------------------------------------------------------------------------------------------------------------
  u_core/u_rls/xTx_acc_reg[30]/clk                           -       -        R     (arrival)        22387     -     0     0       0    (-,-) 
  u_core/u_rls/xTx_acc_reg[30]/q                             (u)     clk->q   R     unmapped_d_flop    378 110.0     0   921     921    (-,-) 
  u_core/u_rls/mul_261_56/g1306/z                            (u)     in_1->z  F     unmapped_xor2       32 163.2     0   396    1317    (-,-) 
  u_core/u_rls/mul_261_56/g1308/z                            (u)     in_0->z  R     unmapped_not         1   5.5     0    45    1362    (-,-) 
  u_core/u_rls/mul_261_56/g1309/z                            (u)     in_0->z  R     unmapped_and2       32 176.0     0   287    1649    (-,-) 
  u_core/u_rls/mul_261_56/g1376/z                            (u)     in_1->z  F     unmapped_nand2       1   5.1     0    88    1737    (-,-) 
  u_core/u_rls/mul_261_56/g1377/z                            (u)     in_1->z  R     unmapped_nand2       3  16.5     0   125    1862    (-,-) 
  u_core/u_rls/mul_261_56/g4174/z                            (u)     in_0->z  R     unmapped_xor2        1   5.5     0   197    2059    (-,-) 
  u_core/u_rls/mul_261_56/g4175/z                            (u)     in_0->z  R     unmapped_xor2        3  16.5     0   235    2294    (-,-) 
  u_core/u_rls/mul_261_56/g4210/z                            (u)     in_1->z  R     unmapped_xor2        1   5.5     0   197    2491    (-,-) 
  u_core/u_rls/mul_261_56/g4211/z                            (u)     in_0->z  R     unmapped_xor2        3  16.5     0   235    2726    (-,-) 
  u_core/u_rls/mul_261_56/g4228/z                            (u)     in_1->z  R     unmapped_xor2        1   5.5     0   197    2923    (-,-) 
  u_core/u_rls/mul_261_56/g4229/z                            (u)     in_0->z  R     unmapped_xor2        3  16.5     0   235    3157    (-,-) 
  u_core/u_rls/mul_261_56/g4240/z                            (u)     in_0->z  R     unmapped_xor2        1   5.5     0   197    3354    (-,-) 
  u_core/u_rls/mul_261_56/g4241/z                            (u)     in_0->z  R     unmapped_xor2        3  16.5     0   235    3589    (-,-) 
  u_core/u_rls/mul_261_56/g4246/z                            (u)     in_1->z  R     unmapped_xor2        1   5.5     0   197    3786    (-,-) 
  u_core/u_rls/mul_261_56/g4247/z                            (u)     in_0->z  R     unmapped_xor2        2  11.0     0   218    4004    (-,-) 
  u_core/u_rls/mul_261_56/g5534/z                            (u)     in_1->z  F     unmapped_nor2        3  15.3     0   125    4129    (-,-) 
  u_core/u_rls/mul_261_56/g5650/z                            (u)     in_1->z  R     unmapped_nor2        1   5.5     0    88    4217    (-,-) 
  u_core/u_rls/mul_261_56/g5652/z                            (u)     in_0->z  F     unmapped_nor2        3  15.3     0   125    4342    (-,-) 
  u_core/u_rls/mul_261_56/g5785/z                            (u)     in_0->z  R     unmapped_nor2        1   5.5     0    88    4430    (-,-) 
  u_core/u_rls/mul_261_56/g5787/z                            (u)     in_0->z  F     unmapped_nor2        5  25.5     0   157    4587    (-,-) 
  u_core/u_rls/mul_261_56/g5923/z                            (u)     in_1->z  R     unmapped_nor2        1   5.5     0    88    4675    (-,-) 
  u_core/u_rls/mul_261_56/g5925/z                            (u)     in_0->z  F     unmapped_nor2        9  45.9     0   193    4869    (-,-) 
  u_core/u_rls/mul_261_56/g6033/z                            (u)     in_0->z  R     unmapped_nor2        1   5.5     0    88    4957    (-,-) 
  u_core/u_rls/mul_261_56/g6035/z                            (u)     in_0->z  F     unmapped_nor2        1   5.1     0    88    5044    (-,-) 
  u_core/u_rls/mul_261_56/g6228/z                            (u)     in_0->z  R     unmapped_nand2       1   5.5     0    88    5132    (-,-) 
  u_core/u_rls/mul_261_56/g6377/z                            (u)     in_0->z  R     unmapped_xnor2       2  11.0     0   218    5350    (-,-) 
  u_core/u_rls/add_264_40/g58/z                              (u)     in_1->z  F     unmapped_nor2        3  15.3     0   125    5475    (-,-) 
  u_core/u_rls/add_264_40/g122/z                             (u)     in_1->z  R     unmapped_nor2        2  11.0     0   108    5584    (-,-) 
  u_core/u_rls/add_264_40/g195/z                             (u)     in_1->z  F     unmapped_nand2       5  25.5     0   157    5741    (-,-) 
  u_core/u_rls/add_264_40/g263/z                             (u)     in_0->z  R     unmapped_nor2        2  11.0     0   108    5849    (-,-) 
  u_core/u_rls/add_264_40/g321/z                             (u)     in_1->z  F     unmapped_nand2       1   5.1     0    88    5937    (-,-) 
  u_core/u_rls/add_264_40/g364/z                             (u)     in_0->z  R     unmapped_not         1   5.5     0    45    5982    (-,-) 
  u_core/u_rls/add_264_40/g365/z                             (u)     in_1->z  F     unmapped_nand2       1   5.1     0    88    6070    (-,-) 
  u_core/u_rls/add_264_40/g366/z                             (u)     in_1->z  R     unmapped_nand2       1   5.5     0    88    6158    (-,-) 
  u_core/u_rls/add_264_40/g449/z                             (u)     in_0->z  R     unmapped_xnor2       2  11.0     0   218    6376    (-,-) 
  u_core/u_rls/eq_266_45/g2/z                                (u)     in_0->z  R     unmapped_xnor2       1   5.5     0   197    6573    (-,-) 
  u_core/u_rls/eq_266_45/g33/z                               (u)     in_1->z  F     unmapped_nand4       1   5.1     0   216    6789    (-,-) 
  u_core/u_rls/eq_266_45/g41/z                               (u)     in_0->z  R     unmapped_nor4        1   5.5     0   216    7006    (-,-) 
  u_core/u_rls/eq_266_45/g43/z                               (u)     in_1->z  F     unmapped_nand2       1   5.1     0    88    7094    (-,-) 
  u_core/u_rls/eq_266_45/g44/z                               (u)     in_0->z  R     unmapped_not         1   5.5     0    45    7139    (-,-) 
  u_core/u_rls/g612/z                                        (u)     in_1->z  R     unmapped_or2        16  88.0     0   239    7378    (-,-) 
  u_core/u_rls/mux_STAGE1_NR1.NR_STAGE1.d_norm_266_35/g2/z   (u)     sel0->z  F     unmapped_bmux3      18  91.8     0   354    7732    (-,-) 
  u_core/u_rls/ctl_addr_75_15/g97/z                          (u)     in_0->z  R     unmapped_not         8  44.0     0   144    7877    (-,-) 
  u_core/u_rls/ctl_addr_75_15/g43/z                          (u)     in_0->z  F     unmapped_nand4       2  10.2     0   237    8114    (-,-) 
  u_core/u_rls/ctl_addr_75_15/g48/z                          (u)     in_0->z  R     unmapped_nor2        5  27.5     0   157    8271    (-,-) 
  u_core/u_rls/nr_lut_read_275_26:mux_nr_lut_read_75_15/g1/z (u)     sel15->z R     unmapped_mux64      31 170.5     0   780    9051    (-,-) 
  u_core/u_rls/mul_278_51/g596/z                             (u)     in_1->z  F     unmapped_xor2       17  86.7     0   351    9402    (-,-) 
  u_core/u_rls/mul_278_51/g598/z                             (u)     in_0->z  R     unmapped_not         1   5.5     0    45    9448    (-,-) 
  u_core/u_rls/mul_278_51/g599/z                             (u)     in_0->z  R     unmapped_and2       17  93.5     0   242    9690    (-,-) 
  u_core/u_rls/mul_278_51/g614/z                             (u)     in_1->z  F     unmapped_nand2       1   5.1     0    88    9778    (-,-) 
  u_core/u_rls/mul_278_51/g615/z                             (u)     in_1->z  R     unmapped_nand2       3  16.5     0   125    9903    (-,-) 
  u_core/u_rls/mul_278_51/g1064/z                            (u)     in_1->z  F     unmapped_nand2       1   5.1     0    88    9991    (-,-) 
  u_core/u_rls/mul_278_51/g1066/z                            (u)     in_1->z  R     unmapped_nand3       3  16.5     0   163   10154    (-,-) 
  u_core/u_rls/mul_278_51/g1115/z                            (u)     in_1->z  R     unmapped_xor2        1   5.5     0   197   10351    (-,-) 
  u_core/u_rls/mul_278_51/g1116/z                            (u)     in_0->z  R     unmapped_xor2        3  16.5     0   235   10586    (-,-) 
  u_core/u_rls/mul_278_51/g1127/z                            (u)     in_1->z  R     unmapped_xor2        1   5.5     0   197   10783    (-,-) 
  u_core/u_rls/mul_278_51/g1128/z                            (u)     in_0->z  R     unmapped_xor2        3  16.5     0   235   11017    (-,-) 
  u_core/u_rls/mul_278_51/g1134/z                            (u)     in_1->z  R     unmapped_xor2        2  11.0     0   218   11235    (-,-) 
  u_core/u_rls/mul_278_51/g1445/z                            (u)     in_1->z  F     unmapped_nor2        3  15.3     0   125   11360    (-,-) 
  u_core/u_rls/mul_278_51/g1498/z                            (u)     in_1->z  R     unmapped_nor2        1   5.5     0    88   11448    (-,-) 
  u_core/u_rls/mul_278_51/g1500/z                            (u)     in_0->z  F     unmapped_nor2        3  15.3     0   125   11574    (-,-) 
  u_core/u_rls/mul_278_51/g1564/z                            (u)     in_0->z  R     unmapped_nor2        1   5.5     0    88   11661    (-,-) 
  u_core/u_rls/mul_278_51/g1566/z                            (u)     in_0->z  F     unmapped_nor2        5  25.5     0   157   11818    (-,-) 
  u_core/u_rls/mul_278_51/g1629/z                            (u)     in_1->z  R     unmapped_nor2        1   5.5     0    88   11906    (-,-) 
  u_core/u_rls/mul_278_51/g252/z                             (u)     in_0->z  F     unmapped_nor2        8  40.8     0   187   12093    (-,-) 
  u_core/u_rls/mul_278_51/g1667/z                            (u)     in_0->z  R     unmapped_nor2        1   5.5     0    88   12181    (-,-) 
  u_core/u_rls/mul_278_51/g1669/z                            (u)     in_0->z  F     unmapped_nor2        1   5.1     0    88   12269    (-,-) 
  u_core/u_rls/mul_278_51/g1714/z                            (u)     in_0->z  R     unmapped_nand2       1   5.5     0    88   12357    (-,-) 
  u_core/u_rls/mul_278_51/g1788/z                            (u)     in_0->z  F     unmapped_xnor2       1   5.1     0   197   12554    (-,-) 
  u_core/u_rls/sub_280_42/g13/z                              (u)     in_0->z  R     unmapped_not         2  11.0     0    66   12620    (-,-) 
  u_core/u_rls/sub_280_42/g41/z                              (u)     in_1->z  F     unmapped_nand2       2  10.2     0   108   12728    (-,-) 
  u_core/u_rls/sub_280_42/g188/z                             (u)     in_1->z  R     unmapped_nand2       1   5.5     0    88   12816    (-,-) 
  u_core/u_rls/sub_280_42/g189/z                             (u)     in_1->z  R     unmapped_xnor2      22 121.0     0   366   13182    (-,-) 
  u_core/u_rls/mul_281_46/g487/z                             (u)     in_1->z  F     unmapped_xor2       16  81.6     0   348   13530    (-,-) 
  u_core/u_rls/mul_281_46/g489/z                             (u)     in_0->z  R     unmapped_not         1   5.5     0    45   13576    (-,-) 
  u_core/u_rls/mul_281_46/g490/z                             (u)     in_0->z  R     unmapped_and2       16  88.0     0   239   13815    (-,-) 
  u_core/u_rls/mul_281_46/g505/z                             (u)     in_1->z  F     unmapped_nand2       1   5.1     0    88   13903    (-,-) 
  u_core/u_rls/mul_281_46/g506/z                             (u)     in_1->z  R     unmapped_nand2       3  16.5     0   125   14028    (-,-) 
  u_core/u_rls/mul_281_46/g958/z                             (u)     in_1->z  R     unmapped_xor2        1   5.5     0   197   14225    (-,-) 
  u_core/u_rls/mul_281_46/g959/z                             (u)     in_0->z  R     unmapped_xor2        3  16.5     0   235   14460    (-,-) 
  u_core/u_rls/mul_281_46/g970/z                             (u)     in_1->z  R     unmapped_xor2        1   5.5     0   197   14657    (-,-) 
  u_core/u_rls/mul_281_46/g971/z                             (u)     in_0->z  R     unmapped_xor2        3  16.5     0   235   14892    (-,-) 
  u_core/u_rls/mul_281_46/g976/z                             (u)     in_1->z  R     unmapped_xor2        1   5.5     0   197   15089    (-,-) 
  u_core/u_rls/mul_281_46/g977/z                             (u)     in_0->z  R     unmapped_xor2        2  11.0     0   218   15306    (-,-) 
  u_core/u_rls/mul_281_46/g1360/z                            (u)     in_1->z  F     unmapped_nor2        3  15.3     0   125   15432    (-,-) 
  u_core/u_rls/mul_281_46/g1417/z                            (u)     in_0->z  R     unmapped_nor2        2  11.0     0   108   15540    (-,-) 
  u_core/u_rls/mul_281_46/g1473/z                            (u)     in_0->z  F     unmapped_not         1   5.1     0    45   15585    (-,-) 
  u_core/u_rls/mul_281_46/g1474/z                            (u)     in_1->z  R     unmapped_nor2        1   5.5     0    88   15673    (-,-) 
  u_core/u_rls/mul_281_46/g1476/z                            (u)     in_0->z  F     unmapped_nor2        1   5.1     0    88   15761    (-,-) 
  u_core/u_rls/mul_281_46/g1535/z                            (u)     in_0->z  R     unmapped_not         1   5.5     0    45   15806    (-,-) 
  u_core/u_rls/mul_281_46/g235/z                             (u)     in_1->z  F     unmapped_nor2        1   5.1     0    88   15894    (-,-) 
  u_core/u_rls/mul_281_46/g1580/z                            (u)     in_0->z  R     unmapped_nand2      16  88.0     0   239   16133    (-,-) 
  u_core/u_rls/mul_281_46/g1685/z                            (u)     in_0->z  R     unmapped_xnor2       1   5.5     0   197   16330    (-,-) 
  u_core/u_rls/nr_x1_reg[2]/d                                -       -        R     unmapped_d_flop      1     -     -     0   16330    (-,-) 
#---------------------------------------------------------------------------------------------------------------------------------------------

(u) : Net has unmapped pin(s).



Path 15: VIOLATED (-6368 ps) Setup Check with Pin u_core/u_rls/nr_x1_reg[1]/clk->d
          Group: aquila_clk
     Startpoint: (R) u_core/u_rls/xTx_acc_reg[30]/clk
          Clock: (R) aquila_clk
       Endpoint: (R) u_core/u_rls/nr_x1_reg[1]/d
          Clock: (R) aquila_clk

                     Capture       Launch     
        Clock Edge:+   10000            0     
       Src Latency:+       0            0     
       Net Latency:+       0 (I)        0 (I) 
           Arrival:=   10000            0     
                                              
             Setup:-     302                  
     Required Time:=    9698                  
      Launch Clock:-       0                  
         Data Path:-   16066                  
             Slack:=   -6368                  

#---------------------------------------------------------------------------------------------------------------------------------------------
#                       Timing Point                         Flags     Arc    Edge      Cell        Fanout  Load Trans Delay Arrival Instance 
#                                                                                                           (fF)  (ps)  (ps)   (ps)  Location 
#---------------------------------------------------------------------------------------------------------------------------------------------
  u_core/u_rls/xTx_acc_reg[30]/clk                           -       -        R     (arrival)        22387     -     0     0       0    (-,-) 
  u_core/u_rls/xTx_acc_reg[30]/q                             (u)     clk->q   R     unmapped_d_flop    378 110.0     0   921     921    (-,-) 
  u_core/u_rls/mul_261_56/g1306/z                            (u)     in_1->z  F     unmapped_xor2       32 163.2     0   396    1317    (-,-) 
  u_core/u_rls/mul_261_56/g1308/z                            (u)     in_0->z  R     unmapped_not         1   5.5     0    45    1362    (-,-) 
  u_core/u_rls/mul_261_56/g1309/z                            (u)     in_0->z  R     unmapped_and2       32 176.0     0   287    1649    (-,-) 
  u_core/u_rls/mul_261_56/g1376/z                            (u)     in_1->z  F     unmapped_nand2       1   5.1     0    88    1737    (-,-) 
  u_core/u_rls/mul_261_56/g1377/z                            (u)     in_1->z  R     unmapped_nand2       3  16.5     0   125    1862    (-,-) 
  u_core/u_rls/mul_261_56/g4174/z                            (u)     in_0->z  R     unmapped_xor2        1   5.5     0   197    2059    (-,-) 
  u_core/u_rls/mul_261_56/g4175/z                            (u)     in_0->z  R     unmapped_xor2        3  16.5     0   235    2294    (-,-) 
  u_core/u_rls/mul_261_56/g4210/z                            (u)     in_1->z  R     unmapped_xor2        1   5.5     0   197    2491    (-,-) 
  u_core/u_rls/mul_261_56/g4211/z                            (u)     in_0->z  R     unmapped_xor2        3  16.5     0   235    2726    (-,-) 
  u_core/u_rls/mul_261_56/g4228/z                            (u)     in_1->z  R     unmapped_xor2        1   5.5     0   197    2923    (-,-) 
  u_core/u_rls/mul_261_56/g4229/z                            (u)     in_0->z  R     unmapped_xor2        3  16.5     0   235    3157    (-,-) 
  u_core/u_rls/mul_261_56/g4240/z                            (u)     in_0->z  R     unmapped_xor2        1   5.5     0   197    3354    (-,-) 
  u_core/u_rls/mul_261_56/g4241/z                            (u)     in_0->z  R     unmapped_xor2        3  16.5     0   235    3589    (-,-) 
  u_core/u_rls/mul_261_56/g4246/z                            (u)     in_1->z  R     unmapped_xor2        1   5.5     0   197    3786    (-,-) 
  u_core/u_rls/mul_261_56/g4247/z                            (u)     in_0->z  R     unmapped_xor2        2  11.0     0   218    4004    (-,-) 
  u_core/u_rls/mul_261_56/g5534/z                            (u)     in_1->z  F     unmapped_nor2        3  15.3     0   125    4129    (-,-) 
  u_core/u_rls/mul_261_56/g5650/z                            (u)     in_1->z  R     unmapped_nor2        1   5.5     0    88    4217    (-,-) 
  u_core/u_rls/mul_261_56/g5652/z                            (u)     in_0->z  F     unmapped_nor2        3  15.3     0   125    4342    (-,-) 
  u_core/u_rls/mul_261_56/g5785/z                            (u)     in_0->z  R     unmapped_nor2        1   5.5     0    88    4430    (-,-) 
  u_core/u_rls/mul_261_56/g5787/z                            (u)     in_0->z  F     unmapped_nor2        5  25.5     0   157    4587    (-,-) 
  u_core/u_rls/mul_261_56/g5923/z                            (u)     in_1->z  R     unmapped_nor2        1   5.5     0    88    4675    (-,-) 
  u_core/u_rls/mul_261_56/g5925/z                            (u)     in_0->z  F     unmapped_nor2        9  45.9     0   193    4869    (-,-) 
  u_core/u_rls/mul_261_56/g6033/z                            (u)     in_0->z  R     unmapped_nor2        1   5.5     0    88    4957    (-,-) 
  u_core/u_rls/mul_261_56/g6035/z                            (u)     in_0->z  F     unmapped_nor2        1   5.1     0    88    5044    (-,-) 
  u_core/u_rls/mul_261_56/g6228/z                            (u)     in_0->z  R     unmapped_nand2       1   5.5     0    88    5132    (-,-) 
  u_core/u_rls/mul_261_56/g6377/z                            (u)     in_0->z  R     unmapped_xnor2       2  11.0     0   218    5350    (-,-) 
  u_core/u_rls/add_264_40/g58/z                              (u)     in_1->z  F     unmapped_nor2        3  15.3     0   125    5475    (-,-) 
  u_core/u_rls/add_264_40/g122/z                             (u)     in_1->z  R     unmapped_nor2        2  11.0     0   108    5584    (-,-) 
  u_core/u_rls/add_264_40/g195/z                             (u)     in_1->z  F     unmapped_nand2       5  25.5     0   157    5741    (-,-) 
  u_core/u_rls/add_264_40/g263/z                             (u)     in_0->z  R     unmapped_nor2        2  11.0     0   108    5849    (-,-) 
  u_core/u_rls/add_264_40/g321/z                             (u)     in_1->z  F     unmapped_nand2       1   5.1     0    88    5937    (-,-) 
  u_core/u_rls/add_264_40/g364/z                             (u)     in_0->z  R     unmapped_not         1   5.5     0    45    5982    (-,-) 
  u_core/u_rls/add_264_40/g365/z                             (u)     in_1->z  F     unmapped_nand2       1   5.1     0    88    6070    (-,-) 
  u_core/u_rls/add_264_40/g366/z                             (u)     in_1->z  R     unmapped_nand2       1   5.5     0    88    6158    (-,-) 
  u_core/u_rls/add_264_40/g449/z                             (u)     in_0->z  R     unmapped_xnor2       2  11.0     0   218    6376    (-,-) 
  u_core/u_rls/eq_266_45/g2/z                                (u)     in_0->z  R     unmapped_xnor2       1   5.5     0   197    6573    (-,-) 
  u_core/u_rls/eq_266_45/g33/z                               (u)     in_1->z  F     unmapped_nand4       1   5.1     0   216    6789    (-,-) 
  u_core/u_rls/eq_266_45/g41/z                               (u)     in_0->z  R     unmapped_nor4        1   5.5     0   216    7006    (-,-) 
  u_core/u_rls/eq_266_45/g43/z                               (u)     in_1->z  F     unmapped_nand2       1   5.1     0    88    7094    (-,-) 
  u_core/u_rls/eq_266_45/g44/z                               (u)     in_0->z  R     unmapped_not         1   5.5     0    45    7139    (-,-) 
  u_core/u_rls/g612/z                                        (u)     in_1->z  R     unmapped_or2        16  88.0     0   239    7378    (-,-) 
  u_core/u_rls/mux_STAGE1_NR1.NR_STAGE1.d_norm_266_35/g2/z   (u)     sel0->z  F     unmapped_bmux3      18  91.8     0   354    7732    (-,-) 
  u_core/u_rls/ctl_addr_75_15/g97/z                          (u)     in_0->z  R     unmapped_not         8  44.0     0   144    7877    (-,-) 
  u_core/u_rls/ctl_addr_75_15/g43/z                          (u)     in_0->z  F     unmapped_nand4       2  10.2     0   237    8114    (-,-) 
  u_core/u_rls/ctl_addr_75_15/g48/z                          (u)     in_0->z  R     unmapped_nor2        5  27.5     0   157    8271    (-,-) 
  u_core/u_rls/nr_lut_read_275_26:mux_nr_lut_read_75_15/g1/z (u)     sel15->z R     unmapped_mux64      31 170.5     0   780    9051    (-,-) 
  u_core/u_rls/mul_278_51/g596/z                             (u)     in_1->z  F     unmapped_xor2       17  86.7     0   351    9402    (-,-) 
  u_core/u_rls/mul_278_51/g598/z                             (u)     in_0->z  R     unmapped_not         1   5.5     0    45    9448    (-,-) 
  u_core/u_rls/mul_278_51/g599/z                             (u)     in_0->z  R     unmapped_and2       17  93.5     0   242    9690    (-,-) 
  u_core/u_rls/mul_278_51/g614/z                             (u)     in_1->z  F     unmapped_nand2       1   5.1     0    88    9778    (-,-) 
  u_core/u_rls/mul_278_51/g615/z                             (u)     in_1->z  R     unmapped_nand2       3  16.5     0   125    9903    (-,-) 
  u_core/u_rls/mul_278_51/g1064/z                            (u)     in_1->z  F     unmapped_nand2       1   5.1     0    88    9991    (-,-) 
  u_core/u_rls/mul_278_51/g1066/z                            (u)     in_1->z  R     unmapped_nand3       3  16.5     0   163   10154    (-,-) 
  u_core/u_rls/mul_278_51/g1115/z                            (u)     in_1->z  R     unmapped_xor2        1   5.5     0   197   10351    (-,-) 
  u_core/u_rls/mul_278_51/g1116/z                            (u)     in_0->z  R     unmapped_xor2        3  16.5     0   235   10586    (-,-) 
  u_core/u_rls/mul_278_51/g1127/z                            (u)     in_1->z  R     unmapped_xor2        1   5.5     0   197   10783    (-,-) 
  u_core/u_rls/mul_278_51/g1128/z                            (u)     in_0->z  R     unmapped_xor2        3  16.5     0   235   11017    (-,-) 
  u_core/u_rls/mul_278_51/g1134/z                            (u)     in_1->z  R     unmapped_xor2        2  11.0     0   218   11235    (-,-) 
  u_core/u_rls/mul_278_51/g1445/z                            (u)     in_1->z  F     unmapped_nor2        3  15.3     0   125   11360    (-,-) 
  u_core/u_rls/mul_278_51/g1498/z                            (u)     in_1->z  R     unmapped_nor2        1   5.5     0    88   11448    (-,-) 
  u_core/u_rls/mul_278_51/g1500/z                            (u)     in_0->z  F     unmapped_nor2        3  15.3     0   125   11574    (-,-) 
  u_core/u_rls/mul_278_51/g1564/z                            (u)     in_0->z  R     unmapped_nor2        1   5.5     0    88   11661    (-,-) 
  u_core/u_rls/mul_278_51/g1566/z                            (u)     in_0->z  F     unmapped_nor2        5  25.5     0   157   11818    (-,-) 
  u_core/u_rls/mul_278_51/g1629/z                            (u)     in_1->z  R     unmapped_nor2        1   5.5     0    88   11906    (-,-) 
  u_core/u_rls/mul_278_51/g252/z                             (u)     in_0->z  F     unmapped_nor2        8  40.8     0   187   12093    (-,-) 
  u_core/u_rls/mul_278_51/g1667/z                            (u)     in_0->z  R     unmapped_nor2        1   5.5     0    88   12181    (-,-) 
  u_core/u_rls/mul_278_51/g1669/z                            (u)     in_0->z  F     unmapped_nor2        1   5.1     0    88   12269    (-,-) 
  u_core/u_rls/mul_278_51/g1714/z                            (u)     in_0->z  R     unmapped_nand2       1   5.5     0    88   12357    (-,-) 
  u_core/u_rls/mul_278_51/g1788/z                            (u)     in_0->z  F     unmapped_xnor2       1   5.1     0   197   12554    (-,-) 
  u_core/u_rls/sub_280_42/g13/z                              (u)     in_0->z  R     unmapped_not         2  11.0     0    66   12620    (-,-) 
  u_core/u_rls/sub_280_42/g41/z                              (u)     in_1->z  F     unmapped_nand2       2  10.2     0   108   12728    (-,-) 
  u_core/u_rls/sub_280_42/g188/z                             (u)     in_1->z  R     unmapped_nand2       1   5.5     0    88   12816    (-,-) 
  u_core/u_rls/sub_280_42/g189/z                             (u)     in_1->z  R     unmapped_xnor2      22 121.0     0   366   13182    (-,-) 
  u_core/u_rls/mul_281_46/g487/z                             (u)     in_1->z  F     unmapped_xor2       16  81.6     0   348   13530    (-,-) 
  u_core/u_rls/mul_281_46/g489/z                             (u)     in_0->z  R     unmapped_not         1   5.5     0    45   13576    (-,-) 
  u_core/u_rls/mul_281_46/g490/z                             (u)     in_0->z  R     unmapped_and2       16  88.0     0   239   13815    (-,-) 
  u_core/u_rls/mul_281_46/g505/z                             (u)     in_1->z  F     unmapped_nand2       1   5.1     0    88   13903    (-,-) 
  u_core/u_rls/mul_281_46/g506/z                             (u)     in_1->z  R     unmapped_nand2       3  16.5     0   125   14028    (-,-) 
  u_core/u_rls/mul_281_46/g958/z                             (u)     in_1->z  R     unmapped_xor2        1   5.5     0   197   14225    (-,-) 
  u_core/u_rls/mul_281_46/g959/z                             (u)     in_0->z  R     unmapped_xor2        3  16.5     0   235   14460    (-,-) 
  u_core/u_rls/mul_281_46/g970/z                             (u)     in_1->z  R     unmapped_xor2        1   5.5     0   197   14657    (-,-) 
  u_core/u_rls/mul_281_46/g971/z                             (u)     in_0->z  R     unmapped_xor2        3  16.5     0   235   14892    (-,-) 
  u_core/u_rls/mul_281_46/g976/z                             (u)     in_1->z  R     unmapped_xor2        1   5.5     0   197   15089    (-,-) 
  u_core/u_rls/mul_281_46/g977/z                             (u)     in_0->z  R     unmapped_xor2        2  11.0     0   218   15306    (-,-) 
  u_core/u_rls/mul_281_46/g1360/z                            (u)     in_1->z  F     unmapped_nor2        3  15.3     0   125   15432    (-,-) 
  u_core/u_rls/mul_281_46/g1471/z                            (u)     in_0->z  R     unmapped_not         2  11.0     0    66   15497    (-,-) 
  u_core/u_rls/mul_281_46/g1472/z                            (u)     in_1->z  F     unmapped_nand2       2  10.2     0   108   15606    (-,-) 
  u_core/u_rls/mul_281_46/g1533/z                            (u)     in_1->z  R     unmapped_nor2        1   5.5     0    88   15694    (-,-) 
  u_core/u_rls/mul_281_46/g1577/z                            (u)     in_0->z  F     unmapped_nand2       1   5.1     0    88   15782    (-,-) 
  u_core/u_rls/mul_281_46/g1578/z                            (u)     in_1->z  R     unmapped_nand2       1   5.5     0    88   15869    (-,-) 
  u_core/u_rls/mul_281_46/g1683/z                            (u)     in_0->z  R     unmapped_xnor2       1   5.5     0   197   16066    (-,-) 
  u_core/u_rls/nr_x1_reg[1]/d                                -       -        R     unmapped_d_flop      1     -     -     0   16066    (-,-) 
#---------------------------------------------------------------------------------------------------------------------------------------------

(u) : Net has unmapped pin(s).



Path 16: VIOLATED (-6239 ps) Setup Check with Pin u_core/u_rls/nr_x1_reg[0]/clk->d
          Group: aquila_clk
     Startpoint: (R) u_core/u_rls/xTx_acc_reg[30]/clk
          Clock: (R) aquila_clk
       Endpoint: (R) u_core/u_rls/nr_x1_reg[0]/d
          Clock: (R) aquila_clk

                     Capture       Launch     
        Clock Edge:+   10000            0     
       Src Latency:+       0            0     
       Net Latency:+       0 (I)        0 (I) 
           Arrival:=   10000            0     
                                              
             Setup:-     302                  
     Required Time:=    9698                  
      Launch Clock:-       0                  
         Data Path:-   15937                  
             Slack:=   -6239                  

#---------------------------------------------------------------------------------------------------------------------------------------------
#                       Timing Point                         Flags     Arc    Edge      Cell        Fanout  Load Trans Delay Arrival Instance 
#                                                                                                           (fF)  (ps)  (ps)   (ps)  Location 
#---------------------------------------------------------------------------------------------------------------------------------------------
  u_core/u_rls/xTx_acc_reg[30]/clk                           -       -        R     (arrival)        22387     -     0     0       0    (-,-) 
  u_core/u_rls/xTx_acc_reg[30]/q                             (u)     clk->q   R     unmapped_d_flop    378 110.0     0   921     921    (-,-) 
  u_core/u_rls/mul_261_56/g1306/z                            (u)     in_1->z  F     unmapped_xor2       32 163.2     0   396    1317    (-,-) 
  u_core/u_rls/mul_261_56/g1308/z                            (u)     in_0->z  R     unmapped_not         1   5.5     0    45    1362    (-,-) 
  u_core/u_rls/mul_261_56/g1309/z                            (u)     in_0->z  R     unmapped_and2       32 176.0     0   287    1649    (-,-) 
  u_core/u_rls/mul_261_56/g1376/z                            (u)     in_1->z  F     unmapped_nand2       1   5.1     0    88    1737    (-,-) 
  u_core/u_rls/mul_261_56/g1377/z                            (u)     in_1->z  R     unmapped_nand2       3  16.5     0   125    1862    (-,-) 
  u_core/u_rls/mul_261_56/g4174/z                            (u)     in_0->z  R     unmapped_xor2        1   5.5     0   197    2059    (-,-) 
  u_core/u_rls/mul_261_56/g4175/z                            (u)     in_0->z  R     unmapped_xor2        3  16.5     0   235    2294    (-,-) 
  u_core/u_rls/mul_261_56/g4210/z                            (u)     in_1->z  R     unmapped_xor2        1   5.5     0   197    2491    (-,-) 
  u_core/u_rls/mul_261_56/g4211/z                            (u)     in_0->z  R     unmapped_xor2        3  16.5     0   235    2726    (-,-) 
  u_core/u_rls/mul_261_56/g4228/z                            (u)     in_1->z  R     unmapped_xor2        1   5.5     0   197    2923    (-,-) 
  u_core/u_rls/mul_261_56/g4229/z                            (u)     in_0->z  R     unmapped_xor2        3  16.5     0   235    3157    (-,-) 
  u_core/u_rls/mul_261_56/g4240/z                            (u)     in_0->z  R     unmapped_xor2        1   5.5     0   197    3354    (-,-) 
  u_core/u_rls/mul_261_56/g4241/z                            (u)     in_0->z  R     unmapped_xor2        3  16.5     0   235    3589    (-,-) 
  u_core/u_rls/mul_261_56/g4246/z                            (u)     in_1->z  R     unmapped_xor2        1   5.5     0   197    3786    (-,-) 
  u_core/u_rls/mul_261_56/g4247/z                            (u)     in_0->z  R     unmapped_xor2        2  11.0     0   218    4004    (-,-) 
  u_core/u_rls/mul_261_56/g5534/z                            (u)     in_1->z  F     unmapped_nor2        3  15.3     0   125    4129    (-,-) 
  u_core/u_rls/mul_261_56/g5650/z                            (u)     in_1->z  R     unmapped_nor2        1   5.5     0    88    4217    (-,-) 
  u_core/u_rls/mul_261_56/g5652/z                            (u)     in_0->z  F     unmapped_nor2        3  15.3     0   125    4342    (-,-) 
  u_core/u_rls/mul_261_56/g5785/z                            (u)     in_0->z  R     unmapped_nor2        1   5.5     0    88    4430    (-,-) 
  u_core/u_rls/mul_261_56/g5787/z                            (u)     in_0->z  F     unmapped_nor2        5  25.5     0   157    4587    (-,-) 
  u_core/u_rls/mul_261_56/g5923/z                            (u)     in_1->z  R     unmapped_nor2        1   5.5     0    88    4675    (-,-) 
  u_core/u_rls/mul_261_56/g5925/z                            (u)     in_0->z  F     unmapped_nor2        9  45.9     0   193    4869    (-,-) 
  u_core/u_rls/mul_261_56/g6033/z                            (u)     in_0->z  R     unmapped_nor2        1   5.5     0    88    4957    (-,-) 
  u_core/u_rls/mul_261_56/g6035/z                            (u)     in_0->z  F     unmapped_nor2        1   5.1     0    88    5044    (-,-) 
  u_core/u_rls/mul_261_56/g6228/z                            (u)     in_0->z  R     unmapped_nand2       1   5.5     0    88    5132    (-,-) 
  u_core/u_rls/mul_261_56/g6377/z                            (u)     in_0->z  R     unmapped_xnor2       2  11.0     0   218    5350    (-,-) 
  u_core/u_rls/add_264_40/g58/z                              (u)     in_1->z  F     unmapped_nor2        3  15.3     0   125    5475    (-,-) 
  u_core/u_rls/add_264_40/g122/z                             (u)     in_1->z  R     unmapped_nor2        2  11.0     0   108    5584    (-,-) 
  u_core/u_rls/add_264_40/g195/z                             (u)     in_1->z  F     unmapped_nand2       5  25.5     0   157    5741    (-,-) 
  u_core/u_rls/add_264_40/g263/z                             (u)     in_0->z  R     unmapped_nor2        2  11.0     0   108    5849    (-,-) 
  u_core/u_rls/add_264_40/g321/z                             (u)     in_1->z  F     unmapped_nand2       1   5.1     0    88    5937    (-,-) 
  u_core/u_rls/add_264_40/g364/z                             (u)     in_0->z  R     unmapped_not         1   5.5     0    45    5982    (-,-) 
  u_core/u_rls/add_264_40/g365/z                             (u)     in_1->z  F     unmapped_nand2       1   5.1     0    88    6070    (-,-) 
  u_core/u_rls/add_264_40/g366/z                             (u)     in_1->z  R     unmapped_nand2       1   5.5     0    88    6158    (-,-) 
  u_core/u_rls/add_264_40/g449/z                             (u)     in_0->z  R     unmapped_xnor2       2  11.0     0   218    6376    (-,-) 
  u_core/u_rls/eq_266_45/g2/z                                (u)     in_0->z  R     unmapped_xnor2       1   5.5     0   197    6573    (-,-) 
  u_core/u_rls/eq_266_45/g33/z                               (u)     in_1->z  F     unmapped_nand4       1   5.1     0   216    6789    (-,-) 
  u_core/u_rls/eq_266_45/g41/z                               (u)     in_0->z  R     unmapped_nor4        1   5.5     0   216    7006    (-,-) 
  u_core/u_rls/eq_266_45/g43/z                               (u)     in_1->z  F     unmapped_nand2       1   5.1     0    88    7094    (-,-) 
  u_core/u_rls/eq_266_45/g44/z                               (u)     in_0->z  R     unmapped_not         1   5.5     0    45    7139    (-,-) 
  u_core/u_rls/g612/z                                        (u)     in_1->z  R     unmapped_or2        16  88.0     0   239    7378    (-,-) 
  u_core/u_rls/mux_STAGE1_NR1.NR_STAGE1.d_norm_266_35/g4/z   (u)     sel0->z  F     unmapped_bmux3      18  91.8     0   354    7732    (-,-) 
  u_core/u_rls/ctl_addr_75_15/g99/z                          (u)     in_0->z  R     unmapped_not         8  44.0     0   144    7877    (-,-) 
  u_core/u_rls/ctl_addr_75_15/g79/z                          (u)     in_2->z  F     unmapped_nand4       2  10.2     0   237    8114    (-,-) 
  u_core/u_rls/ctl_addr_75_15/g84/z                          (u)     in_0->z  R     unmapped_nor2        5  27.5     0   157    8271    (-,-) 
  u_core/u_rls/nr_lut_read_275_26:mux_nr_lut_read_75_15/g3/z (u)     sel27->z R     unmapped_mux64      31 170.5     0   780    9051    (-,-) 
  u_core/u_rls/mul_278_51/g511/z                             (u)     in_1->z  F     unmapped_xor2       17  86.7     0   351    9402    (-,-) 
  u_core/u_rls/mul_278_51/g513/z                             (u)     in_0->z  R     unmapped_not         1   5.5     0    45    9448    (-,-) 
  u_core/u_rls/mul_278_51/g514/z                             (u)     in_0->z  R     unmapped_and2       17  93.5     0   242    9690    (-,-) 
  u_core/u_rls/mul_278_51/g529/z                             (u)     in_1->z  F     unmapped_nand2       1   5.1     0    88    9778    (-,-) 
  u_core/u_rls/mul_278_51/g530/z                             (u)     in_1->z  R     unmapped_nand2       3  16.5     0   125    9903    (-,-) 
  u_core/u_rls/mul_278_51/g997/z                             (u)     in_1->z  R     unmapped_xor2        1   5.5     0   197   10100    (-,-) 
  u_core/u_rls/mul_278_51/g998/z                             (u)     in_0->z  R     unmapped_xor2        3  16.5     0   235   10335    (-,-) 
  u_core/u_rls/mul_278_51/g1009/z                            (u)     in_1->z  R     unmapped_xor2        1   5.5     0   197   10532    (-,-) 
  u_core/u_rls/mul_278_51/g1010/z                            (u)     in_0->z  R     unmapped_xor2        3  16.5     0   235   10766    (-,-) 
  u_core/u_rls/mul_278_51/g1015/z                            (u)     in_1->z  R     unmapped_xor2        1   5.5     0   197   10964    (-,-) 
  u_core/u_rls/mul_278_51/g1016/z                            (u)     in_0->z  R     unmapped_xor2        2  11.0     0   218   11181    (-,-) 
  u_core/u_rls/mul_278_51/g1439/z                            (u)     in_1->z  F     unmapped_nor2        3  15.3     0   125   11307    (-,-) 
  u_core/u_rls/mul_278_51/g1497/z                            (u)     in_0->z  R     unmapped_nor2        2  11.0     0   108   11415    (-,-) 
  u_core/u_rls/mul_278_51/g1554/z                            (u)     in_0->z  F     unmapped_not         1   5.1     0    45   11460    (-,-) 
  u_core/u_rls/mul_278_51/g1555/z                            (u)     in_1->z  R     unmapped_nor2        1   5.5     0    88   11548    (-,-) 
  u_core/u_rls/mul_278_51/g167/z                             (u)     in_0->z  F     unmapped_nor2        1   5.1     0    88   11636    (-,-) 
  u_core/u_rls/mul_278_51/g1615/z                            (u)     in_0->z  R     unmapped_not         1   5.5     0    45   11681    (-,-) 
  u_core/u_rls/mul_278_51/g1616/z                            (u)     in_1->z  F     unmapped_nor2        1   5.1     0    88   11769    (-,-) 
  u_core/u_rls/mul_278_51/g1660/z                            (u)     in_0->z  R     unmapped_nand2      16  88.0     0   239   12008    (-,-) 
  u_core/u_rls/mul_278_51/g333/z                             (u)     in_1->z  F     unmapped_nand2       1   5.1     0    88   12096    (-,-) 
  u_core/u_rls/mul_278_51/g1698/z                            (u)     in_1->z  R     unmapped_nand2       1   5.5     0    88   12184    (-,-) 
  u_core/u_rls/mul_278_51/g417/z                             (u)     in_0->z  F     unmapped_xnor2       1   5.1     0   197   12381    (-,-) 
  u_core/u_rls/sub_280_42/g5/z                               (u)     in_0->z  R     unmapped_not         2  11.0     0    66   12447    (-,-) 
  u_core/u_rls/sub_280_42/g25/z                              (u)     in_1->z  F     unmapped_nand2       2  10.2     0   108   12555    (-,-) 
  u_core/u_rls/sub_280_42/g168/z                             (u)     in_1->z  R     unmapped_nand2       1   5.5     0    88   12643    (-,-) 
  u_core/u_rls/sub_280_42/g169/z                             (u)     in_1->z  R     unmapped_xnor2      22 121.0     0   366   13009    (-,-) 
  u_core/u_rls/mul_281_46/g163/z                             (u)     in_1->z  F     unmapped_xor2       16  81.6     0   348   13358    (-,-) 
  u_core/u_rls/mul_281_46/g165/z                             (u)     in_0->z  R     unmapped_not         1   5.5     0    45   13403    (-,-) 
  u_core/u_rls/mul_281_46/g166/z                             (u)     in_0->z  R     unmapped_and2       16  88.0     0   239   13642    (-,-) 
  u_core/u_rls/mul_281_46/g197/z                             (u)     in_1->z  F     unmapped_nand2       1   5.1     0    88   13730    (-,-) 
  u_core/u_rls/mul_281_46/g198/z                             (u)     in_1->z  R     unmapped_nand2       3  16.5     0   125   13855    (-,-) 
  u_core/u_rls/mul_281_46/g844/z                             (u)     in_1->z  F     unmapped_nand2       1   5.1     0    88   13943    (-,-) 
  u_core/u_rls/mul_281_46/g845/z                             (u)     in_2->z  R     unmapped_nand3       3  16.5     0   163   14106    (-,-) 
  u_core/u_rls/mul_281_46/g872/z                             (u)     in_1->z  R     unmapped_xor2        1   5.5     0   197   14303    (-,-) 
  u_core/u_rls/mul_281_46/g873/z                             (u)     in_0->z  R     unmapped_xor2        3  16.5     0   235   14538    (-,-) 
  u_core/u_rls/mul_281_46/g878/z                             (u)     in_1->z  R     unmapped_xor2        1   5.5     0   197   14735    (-,-) 
  u_core/u_rls/mul_281_46/g879/z                             (u)     in_0->z  R     unmapped_xor2        2  11.0     0   218   14952    (-,-) 
  u_core/u_rls/mul_281_46/g1354/z                            (u)     in_1->z  F     unmapped_nor2        3  15.3     0   125   15078    (-,-) 
  u_core/u_rls/mul_281_46/g1409/z                            (u)     in_1->z  R     unmapped_nor2        2  11.0     0   108   15186    (-,-) 
  u_core/u_rls/mul_281_46/g154/z                             (u)     in_0->z  F     unmapped_not         1   5.1     0    45   15231    (-,-) 
  u_core/u_rls/mul_281_46/g155/z                             (u)     in_1->z  R     unmapped_nor2        1   5.5     0    88   15319    (-,-) 
  u_core/u_rls/mul_281_46/g1467/z                            (u)     in_0->z  F     unmapped_nor2        5  25.5     0   157   15476    (-,-) 
  u_core/u_rls/mul_281_46/g1526/z                            (u)     in_0->z  R     unmapped_nor2        1   5.5     0    88   15564    (-,-) 
  u_core/u_rls/mul_281_46/g1528/z                            (u)     in_0->z  F     unmapped_nor2        1   5.1     0    88   15652    (-,-) 
  u_core/u_rls/mul_281_46/g1576/z                            (u)     in_0->z  R     unmapped_nand2       1   5.5     0    88   15740    (-,-) 
  u_core/u_rls/mul_281_46/g1680/z                            (u)     in_0->z  R     unmapped_xnor2       1   5.5     0   197   15937    (-,-) 
  u_core/u_rls/nr_x1_reg[0]/d                                -       -        R     unmapped_d_flop      1     -     -     0   15937    (-,-) 
#---------------------------------------------------------------------------------------------------------------------------------------------

(u) : Net has unmapped pin(s).



Path 17: VIOLATED (-2413 ps) Setup Check with Pin u_core/u_rls/y_acc_reg[39]/clk->d
          Group: aquila_clk
     Startpoint: (R) u_core/u_rls/x_dly_reg[1][3]/clk
          Clock: (R) aquila_clk
       Endpoint: (R) u_core/u_rls/y_acc_reg[39]/d
          Clock: (R) aquila_clk

                     Capture       Launch     
        Clock Edge:+   10000            0     
       Src Latency:+       0            0     
       Net Latency:+       0 (I)        0 (I) 
           Arrival:=   10000            0     
                                              
             Setup:-     515                  
     Required Time:=    9485                  
      Launch Clock:-       0                  
         Data Path:-   11898                  
             Slack:=   -2413                  

#--------------------------------------------------------------------------------------------------------------------
#           Timing Point             Flags    Arc    Edge      Cell        Fanout  Load Trans Delay Arrival Instance 
#                                                                                  (fF)  (ps)  (ps)   (ps)  Location 
#--------------------------------------------------------------------------------------------------------------------
  u_core/u_rls/x_dly_reg[1][3]/clk   -       -       R     (arrival)        22387     -     0     0       0    (-,-) 
  u_core/u_rls/x_dly_reg[1][3]/q     (u)     clk->q  R     unmapped_d_flop     54 297.0     0   885     885    (-,-) 
  u_core/u_rls/mul_187_61_I2/g163/z  (u)     in_1->z F     unmapped_xor2       16  81.6     0   348    1233    (-,-) 
  u_core/u_rls/mul_187_61_I2/g165/z  (u)     in_0->z R     unmapped_not         1   5.5     0    45    1278    (-,-) 
  u_core/u_rls/mul_187_61_I2/g166/z  (u)     in_0->z R     unmapped_and2       16  88.0     0   239    1518    (-,-) 
  u_core/u_rls/mul_187_61_I2/g217/z  (u)     in_1->z F     unmapped_nand2       1   5.1     0    88    1605    (-,-) 
  u_core/u_rls/mul_187_61_I2/g218/z  (u)     in_1->z R     unmapped_nand2       3  16.5     0   125    1731    (-,-) 
  u_core/u_rls/mul_187_61_I2/g990/z  (u)     in_1->z R     unmapped_xor2        1   5.5     0   197    1928    (-,-) 
  u_core/u_rls/mul_187_61_I2/g991/z  (u)     in_0->z R     unmapped_xor2        3  16.5     0   235    2162    (-,-) 
  u_core/u_rls/mul_187_61_I2/g1002/z (u)     in_1->z R     unmapped_xor2        1   5.5     0   197    2360    (-,-) 
  u_core/u_rls/mul_187_61_I2/g1003/z (u)     in_0->z R     unmapped_xor2        3  16.5     0   235    2594    (-,-) 
  u_core/u_rls/mul_187_61_I2/g1014/z (u)     in_0->z R     unmapped_xor2        1   5.5     0   197    2791    (-,-) 
  u_core/u_rls/mul_187_61_I2/g1015/z (u)     in_0->z R     unmapped_xor2        2  11.0     0   218    3009    (-,-) 
  u_core/u_rls/mul_187_61_I2/g1362/z (u)     in_1->z F     unmapped_nor2        3  15.3     0   125    3134    (-,-) 
  u_core/u_rls/mul_187_61_I2/g1417/z (u)     in_1->z R     unmapped_nor2        2  11.0     0   108    3243    (-,-) 
  u_core/u_rls/mul_187_61_I2/g1473/z (u)     in_0->z F     unmapped_not         1   5.1     0    45    3288    (-,-) 
  u_core/u_rls/mul_187_61_I2/g1474/z (u)     in_1->z R     unmapped_nor2        1   5.5     0    88    3376    (-,-) 
  u_core/u_rls/mul_187_61_I2/g1476/z (u)     in_0->z F     unmapped_nor2        1   5.1     0    88    3464    (-,-) 
  u_core/u_rls/mul_187_61_I2/g1535/z (u)     in_0->z R     unmapped_not         1   5.5     0    45    3509    (-,-) 
  u_core/u_rls/mul_187_61_I2/g235/z  (u)     in_1->z F     unmapped_nor2        1   5.1     0    88    3597    (-,-) 
  u_core/u_rls/mul_187_61_I2/g1580/z (u)     in_0->z R     unmapped_nand2      16  88.0     0   239    3836    (-,-) 
  u_core/u_rls/mul_187_61_I2/g1614/z (u)     in_0->z F     unmapped_nand2       1   5.1     0    88    3924    (-,-) 
  u_core/u_rls/mul_187_61_I2/g1615/z (u)     in_1->z R     unmapped_nand2       1   5.5     0    88    4012    (-,-) 
  u_core/u_rls/mul_187_61_I2/g415/z  (u)     in_0->z R     unmapped_xnor2       2  11.0     0   218    4229    (-,-) 
  u_core/u_rls/add_187_41_I2/g38/z   (u)     in_1->z F     unmapped_nor2        3  15.3     0   125    4355    (-,-) 
  u_core/u_rls/add_187_41_I2/g99/z   (u)     in_1->z R     unmapped_nor2        1   5.5     0    88    4443    (-,-) 
  u_core/u_rls/add_187_41_I2/g101/z  (u)     in_0->z F     unmapped_nor2        3  15.3     0   125    4568    (-,-) 
  u_core/u_rls/add_187_41_I2/g172/z  (u)     in_0->z R     unmapped_nor2        1   5.5     0    88    4656    (-,-) 
  u_core/u_rls/add_187_41_I2/g174/z  (u)     in_0->z F     unmapped_nor2        5  25.5     0   157    4813    (-,-) 
  u_core/u_rls/add_187_41_I2/g234/z  (u)     in_1->z R     unmapped_nor2        1   5.5     0    88    4901    (-,-) 
  u_core/u_rls/add_187_41_I2/g236/z  (u)     in_0->z F     unmapped_nor2        1   5.1     0    88    4989    (-,-) 
  u_core/u_rls/add_187_41_I2/g339/z  (u)     in_0->z R     unmapped_nand2       1   5.5     0    88    5077    (-,-) 
  u_core/u_rls/add_187_41_I2/g423/z  (u)     in_0->z R     unmapped_xnor2       2  11.0     0   218    5294    (-,-) 
  u_core/u_rls/add_187_41_I3/g46/z   (u)     in_0->z F     unmapped_nor2        3  15.3     0   125    5420    (-,-) 
  u_core/u_rls/add_187_41_I3/g109/z  (u)     in_1->z R     unmapped_nor2        1   5.5     0    88    5508    (-,-) 
  u_core/u_rls/add_187_41_I3/g111/z  (u)     in_0->z F     unmapped_nor2        3  15.3     0   125    5633    (-,-) 
  u_core/u_rls/add_187_41_I3/g178/z  (u)     in_1->z R     unmapped_nor2        1   5.5     0    88    5721    (-,-) 
  u_core/u_rls/add_187_41_I3/g180/z  (u)     in_0->z F     unmapped_nor2        1   5.1     0    88    5809    (-,-) 
  u_core/u_rls/add_187_41_I3/g246/z  (u)     in_0->z R     unmapped_not         1   5.5     0    45    5854    (-,-) 
  u_core/u_rls/add_187_41_I3/g247/z  (u)     in_1->z F     unmapped_nor2        1   5.1     0    88    5942    (-,-) 
  u_core/u_rls/add_187_41_I3/g345/z  (u)     in_0->z R     unmapped_nand2       1   5.5     0    88    6030    (-,-) 
  u_core/u_rls/add_187_41_I3/g433/z  (u)     in_0->z R     unmapped_xnor2       2  11.0     0   218    6247    (-,-) 
  u_core/u_rls/add_187_41_I4/g50/z   (u)     in_0->z F     unmapped_nor2        3  15.3     0   125    6373    (-,-) 
  u_core/u_rls/add_187_41_I4/g118/z  (u)     in_1->z R     unmapped_nor2        2  11.0     0   108    6481    (-,-) 
  u_core/u_rls/add_187_41_I4/g189/z  (u)     in_0->z F     unmapped_not         1   5.1     0    45    6526    (-,-) 
  u_core/u_rls/add_187_41_I4/g190/z  (u)     in_1->z R     unmapped_nor2        1   5.5     0    88    6614    (-,-) 
  u_core/u_rls/add_187_41_I4/g192/z  (u)     in_0->z F     unmapped_nor2        1   5.1     0    88    6702    (-,-) 
  u_core/u_rls/add_187_41_I4/g256/z  (u)     in_0->z R     unmapped_not         1   5.5     0    45    6747    (-,-) 
  u_core/u_rls/add_187_41_I4/g257/z  (u)     in_1->z F     unmapped_nor2        9  45.9     0   193    6941    (-,-) 
  u_core/u_rls/add_187_41_I4/g295/z  (u)     in_1->z R     unmapped_nor2        1   5.5     0    88    7029    (-,-) 
  u_core/u_rls/add_187_41_I4/g297/z  (u)     in_0->z F     unmapped_nor2        1   5.1     0    88    7117    (-,-) 
  u_core/u_rls/add_187_41_I4/g356/z  (u)     in_0->z R     unmapped_nand2       1   5.5     0    88    7204    (-,-) 
  u_core/u_rls/add_187_41_I4/g446/z  (u)     in_0->z R     unmapped_xnor2       2  11.0     0   218    7422    (-,-) 
  u_core/u_rls/add_187_41_I5/g54/z   (u)     in_0->z F     unmapped_nor2        3  15.3     0   125    7548    (-,-) 
  u_core/u_rls/add_187_41_I5/g121/z  (u)     in_1->z R     unmapped_nor2        1   5.5     0    88    7635    (-,-) 
  u_core/u_rls/add_187_41_I5/g123/z  (u)     in_0->z F     unmapped_nor2        3  15.3     0   125    7761    (-,-) 
  u_core/u_rls/add_187_41_I5/g196/z  (u)     in_1->z R     unmapped_nor2        1   5.5     0    88    7849    (-,-) 
  u_core/u_rls/add_187_41_I5/g198/z  (u)     in_0->z F     unmapped_nor2        1   5.1     0    88    7937    (-,-) 
  u_core/u_rls/add_187_41_I5/g313/z  (u)     in_0->z R     unmapped_not         1   5.5     0    45    7982    (-,-) 
  u_core/u_rls/add_187_41_I5/g314/z  (u)     in_1->z F     unmapped_nor2        1   5.1     0    88    8070    (-,-) 
  u_core/u_rls/add_187_41_I5/g369/z  (u)     in_0->z R     unmapped_nand2       1   5.5     0    88    8158    (-,-) 
  u_core/u_rls/add_187_41_I5/g461/z  (u)     in_0->z R     unmapped_xnor2       2  11.0     0   218    8375    (-,-) 
  u_core/u_rls/add_187_41_I6/g58/z   (u)     in_0->z F     unmapped_nor2        3  15.3     0   125    8501    (-,-) 
  u_core/u_rls/add_187_41_I6/g130/z  (u)     in_1->z R     unmapped_nor2        2  11.0     0   108    8609    (-,-) 
  u_core/u_rls/add_187_41_I6/g207/z  (u)     in_0->z F     unmapped_not         1   5.1     0    45    8654    (-,-) 
  u_core/u_rls/add_187_41_I6/g208/z  (u)     in_1->z R     unmapped_nor2        1   5.5     0    88    8742    (-,-) 
  u_core/u_rls/add_187_41_I6/g210/z  (u)     in_0->z F     unmapped_nor2        5  25.5     0   157    8899    (-,-) 
  u_core/u_rls/add_187_41_I6/g277/z  (u)     in_1->z R     unmapped_nor2        1   5.5     0    88    8987    (-,-) 
  u_core/u_rls/add_187_41_I6/g279/z  (u)     in_0->z F     unmapped_nor2        1   5.1     0    88    9075    (-,-) 
  u_core/u_rls/add_187_41_I6/g335/z  (u)     in_0->z R     unmapped_not         1   5.5     0    45    9120    (-,-) 
  u_core/u_rls/add_187_41_I6/g336/z  (u)     in_1->z F     unmapped_nor2        1   5.1     0    88    9208    (-,-) 
  u_core/u_rls/add_187_41_I6/g386/z  (u)     in_0->z R     unmapped_nand2       1   5.5     0    88    9296    (-,-) 
  u_core/u_rls/add_187_41_I6/g481/z  (u)     in_0->z R     unmapped_xnor2       2  11.0     0   218    9514    (-,-) 
  u_core/u_rls/add_187_41_I7/g62/z   (u)     in_0->z F     unmapped_nor2        3  15.3     0   125    9639    (-,-) 
  u_core/u_rls/add_187_41_I7/g133/z  (u)     in_1->z R     unmapped_nor2        1   5.5     0    88    9727    (-,-) 
  u_core/u_rls/add_187_41_I7/g135/z  (u)     in_0->z F     unmapped_nor2        3  15.3     0   125    9852    (-,-) 
  u_core/u_rls/add_187_41_I7/g214/z  (u)     in_1->z R     unmapped_nor2        1   5.5     0    88    9940    (-,-) 
  u_core/u_rls/add_187_41_I7/g216/z  (u)     in_0->z F     unmapped_nor2        1   5.1     0    88   10028    (-,-) 
  u_core/u_rls/add_187_41_I7/g289/z  (u)     in_0->z R     unmapped_not         1   5.5     0    45   10073    (-,-) 
  u_core/u_rls/add_187_41_I7/g290/z  (u)     in_1->z F     unmapped_nor2        1   5.1     0    88   10161    (-,-) 
  u_core/u_rls/add_187_41_I7/g351/z  (u)     in_0->z R     unmapped_not         1   5.5     0    45   10206    (-,-) 
  u_core/u_rls/add_187_41_I7/g352/z  (u)     in_1->z F     unmapped_nor2        1   5.1     0    88   10294    (-,-) 
  u_core/u_rls/add_187_41_I7/g398/z  (u)     in_0->z R     unmapped_nand2       1   5.5     0    88   10382    (-,-) 
  u_core/u_rls/add_187_41_I7/g494/z  (u)     in_0->z R     unmapped_xnor2       2  11.0     0   218   10600    (-,-) 
  u_core/u_rls/add_187_41_I8/g66/z   (u)     in_0->z F     unmapped_nor2        3  15.3     0   125   10725    (-,-) 
  u_core/u_rls/add_187_41_I8/g136/z  (u)     in_1->z R     unmapped_nor2        2  11.0     0   108   10834    (-,-) 
  u_core/u_rls/add_187_41_I8/g211/z  (u)     in_0->z F     unmapped_not         1   5.1     0    45   10879    (-,-) 
  u_core/u_rls/add_187_41_I8/g212/z  (u)     in_1->z R     unmapped_nor2        1   5.5     0    88   10967    (-,-) 
  u_core/u_rls/add_187_41_I8/g214/z  (u)     in_0->z F     unmapped_nor2        1   5.1     0    88   11055    (-,-) 
  u_core/u_rls/add_187_41_I8/g280/z  (u)     in_0->z R     unmapped_not         1   5.5     0    45   11100    (-,-) 
  u_core/u_rls/add_187_41_I8/g281/z  (u)     in_1->z F     unmapped_nor2        1   5.1     0    88   11188    (-,-) 
  u_core/u_rls/add_187_41_I8/g339/z  (u)     in_0->z R     unmapped_not         1   5.5     0    45   11233    (-,-) 
  u_core/u_rls/add_187_41_I8/g340/z  (u)     in_1->z F     unmapped_nor2        1   5.1     0    88   11321    (-,-) 
  u_core/u_rls/add_187_41_I8/g384/z  (u)     in_0->z R     unmapped_nand2       3  16.5     0   125   11446    (-,-) 
  u_core/u_rls/add_187_41_I8/g388/z  (u)     in_1->z F     unmapped_nand2       1   5.1     0    88   11534    (-,-) 
  u_core/u_rls/add_187_41_I8/g389/z  (u)     in_1->z R     unmapped_nand2       1   5.5     0    88   11622    (-,-) 
  u_core/u_rls/add_187_41_I8/g479/z  (u)     in_0->z R     unmapped_xnor2       6  33.0     0   276   11898    (-,-) 
  u_core/u_rls/y_acc_reg[39]/d       -       -       R     unmapped_d_flop      6     -     -     0   11898    (-,-) 
#--------------------------------------------------------------------------------------------------------------------

(u) : Net has unmapped pin(s).



Path 18: VIOLATED (-2413 ps) Setup Check with Pin u_core/u_rls/y_acc_reg[38]/clk->d
          Group: aquila_clk
     Startpoint: (R) u_core/u_rls/x_dly_reg[1][3]/clk
          Clock: (R) aquila_clk
       Endpoint: (R) u_core/u_rls/y_acc_reg[38]/d
          Clock: (R) aquila_clk

                     Capture       Launch     
        Clock Edge:+   10000            0     
       Src Latency:+       0            0     
       Net Latency:+       0 (I)        0 (I) 
           Arrival:=   10000            0     
                                              
             Setup:-     515                  
     Required Time:=    9485                  
      Launch Clock:-       0                  
         Data Path:-   11898                  
             Slack:=   -2413                  

#--------------------------------------------------------------------------------------------------------------------
#           Timing Point             Flags    Arc    Edge      Cell        Fanout  Load Trans Delay Arrival Instance 
#                                                                                  (fF)  (ps)  (ps)   (ps)  Location 
#--------------------------------------------------------------------------------------------------------------------
  u_core/u_rls/x_dly_reg[1][3]/clk   -       -       R     (arrival)        22387     -     0     0       0    (-,-) 
  u_core/u_rls/x_dly_reg[1][3]/q     (u)     clk->q  R     unmapped_d_flop     54 297.0     0   885     885    (-,-) 
  u_core/u_rls/mul_187_61_I2/g163/z  (u)     in_1->z F     unmapped_xor2       16  81.6     0   348    1233    (-,-) 
  u_core/u_rls/mul_187_61_I2/g165/z  (u)     in_0->z R     unmapped_not         1   5.5     0    45    1278    (-,-) 
  u_core/u_rls/mul_187_61_I2/g166/z  (u)     in_0->z R     unmapped_and2       16  88.0     0   239    1518    (-,-) 
  u_core/u_rls/mul_187_61_I2/g217/z  (u)     in_1->z F     unmapped_nand2       1   5.1     0    88    1605    (-,-) 
  u_core/u_rls/mul_187_61_I2/g218/z  (u)     in_1->z R     unmapped_nand2       3  16.5     0   125    1731    (-,-) 
  u_core/u_rls/mul_187_61_I2/g990/z  (u)     in_1->z R     unmapped_xor2        1   5.5     0   197    1928    (-,-) 
  u_core/u_rls/mul_187_61_I2/g991/z  (u)     in_0->z R     unmapped_xor2        3  16.5     0   235    2162    (-,-) 
  u_core/u_rls/mul_187_61_I2/g1002/z (u)     in_1->z R     unmapped_xor2        1   5.5     0   197    2360    (-,-) 
  u_core/u_rls/mul_187_61_I2/g1003/z (u)     in_0->z R     unmapped_xor2        3  16.5     0   235    2594    (-,-) 
  u_core/u_rls/mul_187_61_I2/g1014/z (u)     in_0->z R     unmapped_xor2        1   5.5     0   197    2791    (-,-) 
  u_core/u_rls/mul_187_61_I2/g1015/z (u)     in_0->z R     unmapped_xor2        2  11.0     0   218    3009    (-,-) 
  u_core/u_rls/mul_187_61_I2/g1362/z (u)     in_1->z F     unmapped_nor2        3  15.3     0   125    3134    (-,-) 
  u_core/u_rls/mul_187_61_I2/g1417/z (u)     in_1->z R     unmapped_nor2        2  11.0     0   108    3243    (-,-) 
  u_core/u_rls/mul_187_61_I2/g1473/z (u)     in_0->z F     unmapped_not         1   5.1     0    45    3288    (-,-) 
  u_core/u_rls/mul_187_61_I2/g1474/z (u)     in_1->z R     unmapped_nor2        1   5.5     0    88    3376    (-,-) 
  u_core/u_rls/mul_187_61_I2/g1476/z (u)     in_0->z F     unmapped_nor2        1   5.1     0    88    3464    (-,-) 
  u_core/u_rls/mul_187_61_I2/g1535/z (u)     in_0->z R     unmapped_not         1   5.5     0    45    3509    (-,-) 
  u_core/u_rls/mul_187_61_I2/g235/z  (u)     in_1->z F     unmapped_nor2        1   5.1     0    88    3597    (-,-) 
  u_core/u_rls/mul_187_61_I2/g1580/z (u)     in_0->z R     unmapped_nand2      16  88.0     0   239    3836    (-,-) 
  u_core/u_rls/mul_187_61_I2/g1614/z (u)     in_0->z F     unmapped_nand2       1   5.1     0    88    3924    (-,-) 
  u_core/u_rls/mul_187_61_I2/g1615/z (u)     in_1->z R     unmapped_nand2       1   5.5     0    88    4012    (-,-) 
  u_core/u_rls/mul_187_61_I2/g415/z  (u)     in_0->z R     unmapped_xnor2       2  11.0     0   218    4229    (-,-) 
  u_core/u_rls/add_187_41_I2/g38/z   (u)     in_1->z F     unmapped_nor2        3  15.3     0   125    4355    (-,-) 
  u_core/u_rls/add_187_41_I2/g99/z   (u)     in_1->z R     unmapped_nor2        1   5.5     0    88    4443    (-,-) 
  u_core/u_rls/add_187_41_I2/g101/z  (u)     in_0->z F     unmapped_nor2        3  15.3     0   125    4568    (-,-) 
  u_core/u_rls/add_187_41_I2/g172/z  (u)     in_0->z R     unmapped_nor2        1   5.5     0    88    4656    (-,-) 
  u_core/u_rls/add_187_41_I2/g174/z  (u)     in_0->z F     unmapped_nor2        5  25.5     0   157    4813    (-,-) 
  u_core/u_rls/add_187_41_I2/g234/z  (u)     in_1->z R     unmapped_nor2        1   5.5     0    88    4901    (-,-) 
  u_core/u_rls/add_187_41_I2/g236/z  (u)     in_0->z F     unmapped_nor2        1   5.1     0    88    4989    (-,-) 
  u_core/u_rls/add_187_41_I2/g339/z  (u)     in_0->z R     unmapped_nand2       1   5.5     0    88    5077    (-,-) 
  u_core/u_rls/add_187_41_I2/g423/z  (u)     in_0->z R     unmapped_xnor2       2  11.0     0   218    5294    (-,-) 
  u_core/u_rls/add_187_41_I3/g46/z   (u)     in_0->z F     unmapped_nor2        3  15.3     0   125    5420    (-,-) 
  u_core/u_rls/add_187_41_I3/g109/z  (u)     in_1->z R     unmapped_nor2        1   5.5     0    88    5508    (-,-) 
  u_core/u_rls/add_187_41_I3/g111/z  (u)     in_0->z F     unmapped_nor2        3  15.3     0   125    5633    (-,-) 
  u_core/u_rls/add_187_41_I3/g178/z  (u)     in_1->z R     unmapped_nor2        1   5.5     0    88    5721    (-,-) 
  u_core/u_rls/add_187_41_I3/g180/z  (u)     in_0->z F     unmapped_nor2        1   5.1     0    88    5809    (-,-) 
  u_core/u_rls/add_187_41_I3/g246/z  (u)     in_0->z R     unmapped_not         1   5.5     0    45    5854    (-,-) 
  u_core/u_rls/add_187_41_I3/g247/z  (u)     in_1->z F     unmapped_nor2        1   5.1     0    88    5942    (-,-) 
  u_core/u_rls/add_187_41_I3/g345/z  (u)     in_0->z R     unmapped_nand2       1   5.5     0    88    6030    (-,-) 
  u_core/u_rls/add_187_41_I3/g433/z  (u)     in_0->z R     unmapped_xnor2       2  11.0     0   218    6247    (-,-) 
  u_core/u_rls/add_187_41_I4/g50/z   (u)     in_0->z F     unmapped_nor2        3  15.3     0   125    6373    (-,-) 
  u_core/u_rls/add_187_41_I4/g118/z  (u)     in_1->z R     unmapped_nor2        2  11.0     0   108    6481    (-,-) 
  u_core/u_rls/add_187_41_I4/g189/z  (u)     in_0->z F     unmapped_not         1   5.1     0    45    6526    (-,-) 
  u_core/u_rls/add_187_41_I4/g190/z  (u)     in_1->z R     unmapped_nor2        1   5.5     0    88    6614    (-,-) 
  u_core/u_rls/add_187_41_I4/g192/z  (u)     in_0->z F     unmapped_nor2        1   5.1     0    88    6702    (-,-) 
  u_core/u_rls/add_187_41_I4/g256/z  (u)     in_0->z R     unmapped_not         1   5.5     0    45    6747    (-,-) 
  u_core/u_rls/add_187_41_I4/g257/z  (u)     in_1->z F     unmapped_nor2        9  45.9     0   193    6941    (-,-) 
  u_core/u_rls/add_187_41_I4/g295/z  (u)     in_1->z R     unmapped_nor2        1   5.5     0    88    7029    (-,-) 
  u_core/u_rls/add_187_41_I4/g297/z  (u)     in_0->z F     unmapped_nor2        1   5.1     0    88    7117    (-,-) 
  u_core/u_rls/add_187_41_I4/g356/z  (u)     in_0->z R     unmapped_nand2       1   5.5     0    88    7204    (-,-) 
  u_core/u_rls/add_187_41_I4/g446/z  (u)     in_0->z R     unmapped_xnor2       2  11.0     0   218    7422    (-,-) 
  u_core/u_rls/add_187_41_I5/g54/z   (u)     in_0->z F     unmapped_nor2        3  15.3     0   125    7548    (-,-) 
  u_core/u_rls/add_187_41_I5/g121/z  (u)     in_1->z R     unmapped_nor2        1   5.5     0    88    7635    (-,-) 
  u_core/u_rls/add_187_41_I5/g123/z  (u)     in_0->z F     unmapped_nor2        3  15.3     0   125    7761    (-,-) 
  u_core/u_rls/add_187_41_I5/g196/z  (u)     in_1->z R     unmapped_nor2        1   5.5     0    88    7849    (-,-) 
  u_core/u_rls/add_187_41_I5/g198/z  (u)     in_0->z F     unmapped_nor2        1   5.1     0    88    7937    (-,-) 
  u_core/u_rls/add_187_41_I5/g313/z  (u)     in_0->z R     unmapped_not         1   5.5     0    45    7982    (-,-) 
  u_core/u_rls/add_187_41_I5/g314/z  (u)     in_1->z F     unmapped_nor2        1   5.1     0    88    8070    (-,-) 
  u_core/u_rls/add_187_41_I5/g369/z  (u)     in_0->z R     unmapped_nand2       1   5.5     0    88    8158    (-,-) 
  u_core/u_rls/add_187_41_I5/g461/z  (u)     in_0->z R     unmapped_xnor2       2  11.0     0   218    8375    (-,-) 
  u_core/u_rls/add_187_41_I6/g58/z   (u)     in_0->z F     unmapped_nor2        3  15.3     0   125    8501    (-,-) 
  u_core/u_rls/add_187_41_I6/g130/z  (u)     in_1->z R     unmapped_nor2        2  11.0     0   108    8609    (-,-) 
  u_core/u_rls/add_187_41_I6/g207/z  (u)     in_0->z F     unmapped_not         1   5.1     0    45    8654    (-,-) 
  u_core/u_rls/add_187_41_I6/g208/z  (u)     in_1->z R     unmapped_nor2        1   5.5     0    88    8742    (-,-) 
  u_core/u_rls/add_187_41_I6/g210/z  (u)     in_0->z F     unmapped_nor2        5  25.5     0   157    8899    (-,-) 
  u_core/u_rls/add_187_41_I6/g277/z  (u)     in_1->z R     unmapped_nor2        1   5.5     0    88    8987    (-,-) 
  u_core/u_rls/add_187_41_I6/g279/z  (u)     in_0->z F     unmapped_nor2        1   5.1     0    88    9075    (-,-) 
  u_core/u_rls/add_187_41_I6/g335/z  (u)     in_0->z R     unmapped_not         1   5.5     0    45    9120    (-,-) 
  u_core/u_rls/add_187_41_I6/g336/z  (u)     in_1->z F     unmapped_nor2        1   5.1     0    88    9208    (-,-) 
  u_core/u_rls/add_187_41_I6/g386/z  (u)     in_0->z R     unmapped_nand2       1   5.5     0    88    9296    (-,-) 
  u_core/u_rls/add_187_41_I6/g481/z  (u)     in_0->z R     unmapped_xnor2       2  11.0     0   218    9514    (-,-) 
  u_core/u_rls/add_187_41_I7/g62/z   (u)     in_0->z F     unmapped_nor2        3  15.3     0   125    9639    (-,-) 
  u_core/u_rls/add_187_41_I7/g133/z  (u)     in_1->z R     unmapped_nor2        1   5.5     0    88    9727    (-,-) 
  u_core/u_rls/add_187_41_I7/g135/z  (u)     in_0->z F     unmapped_nor2        3  15.3     0   125    9852    (-,-) 
  u_core/u_rls/add_187_41_I7/g214/z  (u)     in_1->z R     unmapped_nor2        1   5.5     0    88    9940    (-,-) 
  u_core/u_rls/add_187_41_I7/g216/z  (u)     in_0->z F     unmapped_nor2        1   5.1     0    88   10028    (-,-) 
  u_core/u_rls/add_187_41_I7/g289/z  (u)     in_0->z R     unmapped_not         1   5.5     0    45   10073    (-,-) 
  u_core/u_rls/add_187_41_I7/g290/z  (u)     in_1->z F     unmapped_nor2        1   5.1     0    88   10161    (-,-) 
  u_core/u_rls/add_187_41_I7/g351/z  (u)     in_0->z R     unmapped_not         1   5.5     0    45   10206    (-,-) 
  u_core/u_rls/add_187_41_I7/g352/z  (u)     in_1->z F     unmapped_nor2        1   5.1     0    88   10294    (-,-) 
  u_core/u_rls/add_187_41_I7/g398/z  (u)     in_0->z R     unmapped_nand2       1   5.5     0    88   10382    (-,-) 
  u_core/u_rls/add_187_41_I7/g494/z  (u)     in_0->z R     unmapped_xnor2       2  11.0     0   218   10600    (-,-) 
  u_core/u_rls/add_187_41_I8/g66/z   (u)     in_0->z F     unmapped_nor2        3  15.3     0   125   10725    (-,-) 
  u_core/u_rls/add_187_41_I8/g136/z  (u)     in_1->z R     unmapped_nor2        2  11.0     0   108   10834    (-,-) 
  u_core/u_rls/add_187_41_I8/g211/z  (u)     in_0->z F     unmapped_not         1   5.1     0    45   10879    (-,-) 
  u_core/u_rls/add_187_41_I8/g212/z  (u)     in_1->z R     unmapped_nor2        1   5.5     0    88   10967    (-,-) 
  u_core/u_rls/add_187_41_I8/g214/z  (u)     in_0->z F     unmapped_nor2        1   5.1     0    88   11055    (-,-) 
  u_core/u_rls/add_187_41_I8/g280/z  (u)     in_0->z R     unmapped_not         1   5.5     0    45   11100    (-,-) 
  u_core/u_rls/add_187_41_I8/g281/z  (u)     in_1->z F     unmapped_nor2        1   5.1     0    88   11188    (-,-) 
  u_core/u_rls/add_187_41_I8/g339/z  (u)     in_0->z R     unmapped_not         1   5.5     0    45   11233    (-,-) 
  u_core/u_rls/add_187_41_I8/g340/z  (u)     in_1->z F     unmapped_nor2        1   5.1     0    88   11321    (-,-) 
  u_core/u_rls/add_187_41_I8/g384/z  (u)     in_0->z R     unmapped_nand2       3  16.5     0   125   11446    (-,-) 
  u_core/u_rls/add_187_41_I8/g388/z  (u)     in_1->z F     unmapped_nand2       1   5.1     0    88   11534    (-,-) 
  u_core/u_rls/add_187_41_I8/g389/z  (u)     in_1->z R     unmapped_nand2       1   5.5     0    88   11622    (-,-) 
  u_core/u_rls/add_187_41_I8/g479/z  (u)     in_0->z R     unmapped_xnor2       6  33.0     0   276   11898    (-,-) 
  u_core/u_rls/y_acc_reg[38]/d       -       -       R     unmapped_d_flop      6     -     -     0   11898    (-,-) 
#--------------------------------------------------------------------------------------------------------------------

(u) : Net has unmapped pin(s).



Path 19: VIOLATED (-2413 ps) Setup Check with Pin u_core/u_rls/y_acc_reg[37]/clk->d
          Group: aquila_clk
     Startpoint: (R) u_core/u_rls/x_dly_reg[1][3]/clk
          Clock: (R) aquila_clk
       Endpoint: (R) u_core/u_rls/y_acc_reg[37]/d
          Clock: (R) aquila_clk

                     Capture       Launch     
        Clock Edge:+   10000            0     
       Src Latency:+       0            0     
       Net Latency:+       0 (I)        0 (I) 
           Arrival:=   10000            0     
                                              
             Setup:-     515                  
     Required Time:=    9485                  
      Launch Clock:-       0                  
         Data Path:-   11898                  
             Slack:=   -2413                  

#--------------------------------------------------------------------------------------------------------------------
#           Timing Point             Flags    Arc    Edge      Cell        Fanout  Load Trans Delay Arrival Instance 
#                                                                                  (fF)  (ps)  (ps)   (ps)  Location 
#--------------------------------------------------------------------------------------------------------------------
  u_core/u_rls/x_dly_reg[1][3]/clk   -       -       R     (arrival)        22387     -     0     0       0    (-,-) 
  u_core/u_rls/x_dly_reg[1][3]/q     (u)     clk->q  R     unmapped_d_flop     54 297.0     0   885     885    (-,-) 
  u_core/u_rls/mul_187_61_I2/g163/z  (u)     in_1->z F     unmapped_xor2       16  81.6     0   348    1233    (-,-) 
  u_core/u_rls/mul_187_61_I2/g165/z  (u)     in_0->z R     unmapped_not         1   5.5     0    45    1278    (-,-) 
  u_core/u_rls/mul_187_61_I2/g166/z  (u)     in_0->z R     unmapped_and2       16  88.0     0   239    1518    (-,-) 
  u_core/u_rls/mul_187_61_I2/g217/z  (u)     in_1->z F     unmapped_nand2       1   5.1     0    88    1605    (-,-) 
  u_core/u_rls/mul_187_61_I2/g218/z  (u)     in_1->z R     unmapped_nand2       3  16.5     0   125    1731    (-,-) 
  u_core/u_rls/mul_187_61_I2/g990/z  (u)     in_1->z R     unmapped_xor2        1   5.5     0   197    1928    (-,-) 
  u_core/u_rls/mul_187_61_I2/g991/z  (u)     in_0->z R     unmapped_xor2        3  16.5     0   235    2162    (-,-) 
  u_core/u_rls/mul_187_61_I2/g1002/z (u)     in_1->z R     unmapped_xor2        1   5.5     0   197    2360    (-,-) 
  u_core/u_rls/mul_187_61_I2/g1003/z (u)     in_0->z R     unmapped_xor2        3  16.5     0   235    2594    (-,-) 
  u_core/u_rls/mul_187_61_I2/g1014/z (u)     in_0->z R     unmapped_xor2        1   5.5     0   197    2791    (-,-) 
  u_core/u_rls/mul_187_61_I2/g1015/z (u)     in_0->z R     unmapped_xor2        2  11.0     0   218    3009    (-,-) 
  u_core/u_rls/mul_187_61_I2/g1362/z (u)     in_1->z F     unmapped_nor2        3  15.3     0   125    3134    (-,-) 
  u_core/u_rls/mul_187_61_I2/g1417/z (u)     in_1->z R     unmapped_nor2        2  11.0     0   108    3243    (-,-) 
  u_core/u_rls/mul_187_61_I2/g1473/z (u)     in_0->z F     unmapped_not         1   5.1     0    45    3288    (-,-) 
  u_core/u_rls/mul_187_61_I2/g1474/z (u)     in_1->z R     unmapped_nor2        1   5.5     0    88    3376    (-,-) 
  u_core/u_rls/mul_187_61_I2/g1476/z (u)     in_0->z F     unmapped_nor2        1   5.1     0    88    3464    (-,-) 
  u_core/u_rls/mul_187_61_I2/g1535/z (u)     in_0->z R     unmapped_not         1   5.5     0    45    3509    (-,-) 
  u_core/u_rls/mul_187_61_I2/g235/z  (u)     in_1->z F     unmapped_nor2        1   5.1     0    88    3597    (-,-) 
  u_core/u_rls/mul_187_61_I2/g1580/z (u)     in_0->z R     unmapped_nand2      16  88.0     0   239    3836    (-,-) 
  u_core/u_rls/mul_187_61_I2/g1614/z (u)     in_0->z F     unmapped_nand2       1   5.1     0    88    3924    (-,-) 
  u_core/u_rls/mul_187_61_I2/g1615/z (u)     in_1->z R     unmapped_nand2       1   5.5     0    88    4012    (-,-) 
  u_core/u_rls/mul_187_61_I2/g415/z  (u)     in_0->z R     unmapped_xnor2       2  11.0     0   218    4229    (-,-) 
  u_core/u_rls/add_187_41_I2/g38/z   (u)     in_1->z F     unmapped_nor2        3  15.3     0   125    4355    (-,-) 
  u_core/u_rls/add_187_41_I2/g99/z   (u)     in_1->z R     unmapped_nor2        1   5.5     0    88    4443    (-,-) 
  u_core/u_rls/add_187_41_I2/g101/z  (u)     in_0->z F     unmapped_nor2        3  15.3     0   125    4568    (-,-) 
  u_core/u_rls/add_187_41_I2/g172/z  (u)     in_0->z R     unmapped_nor2        1   5.5     0    88    4656    (-,-) 
  u_core/u_rls/add_187_41_I2/g174/z  (u)     in_0->z F     unmapped_nor2        5  25.5     0   157    4813    (-,-) 
  u_core/u_rls/add_187_41_I2/g234/z  (u)     in_1->z R     unmapped_nor2        1   5.5     0    88    4901    (-,-) 
  u_core/u_rls/add_187_41_I2/g236/z  (u)     in_0->z F     unmapped_nor2        1   5.1     0    88    4989    (-,-) 
  u_core/u_rls/add_187_41_I2/g339/z  (u)     in_0->z R     unmapped_nand2       1   5.5     0    88    5077    (-,-) 
  u_core/u_rls/add_187_41_I2/g423/z  (u)     in_0->z R     unmapped_xnor2       2  11.0     0   218    5294    (-,-) 
  u_core/u_rls/add_187_41_I3/g46/z   (u)     in_0->z F     unmapped_nor2        3  15.3     0   125    5420    (-,-) 
  u_core/u_rls/add_187_41_I3/g109/z  (u)     in_1->z R     unmapped_nor2        1   5.5     0    88    5508    (-,-) 
  u_core/u_rls/add_187_41_I3/g111/z  (u)     in_0->z F     unmapped_nor2        3  15.3     0   125    5633    (-,-) 
  u_core/u_rls/add_187_41_I3/g178/z  (u)     in_1->z R     unmapped_nor2        1   5.5     0    88    5721    (-,-) 
  u_core/u_rls/add_187_41_I3/g180/z  (u)     in_0->z F     unmapped_nor2        1   5.1     0    88    5809    (-,-) 
  u_core/u_rls/add_187_41_I3/g246/z  (u)     in_0->z R     unmapped_not         1   5.5     0    45    5854    (-,-) 
  u_core/u_rls/add_187_41_I3/g247/z  (u)     in_1->z F     unmapped_nor2        1   5.1     0    88    5942    (-,-) 
  u_core/u_rls/add_187_41_I3/g345/z  (u)     in_0->z R     unmapped_nand2       1   5.5     0    88    6030    (-,-) 
  u_core/u_rls/add_187_41_I3/g433/z  (u)     in_0->z R     unmapped_xnor2       2  11.0     0   218    6247    (-,-) 
  u_core/u_rls/add_187_41_I4/g50/z   (u)     in_0->z F     unmapped_nor2        3  15.3     0   125    6373    (-,-) 
  u_core/u_rls/add_187_41_I4/g118/z  (u)     in_1->z R     unmapped_nor2        2  11.0     0   108    6481    (-,-) 
  u_core/u_rls/add_187_41_I4/g189/z  (u)     in_0->z F     unmapped_not         1   5.1     0    45    6526    (-,-) 
  u_core/u_rls/add_187_41_I4/g190/z  (u)     in_1->z R     unmapped_nor2        1   5.5     0    88    6614    (-,-) 
  u_core/u_rls/add_187_41_I4/g192/z  (u)     in_0->z F     unmapped_nor2        1   5.1     0    88    6702    (-,-) 
  u_core/u_rls/add_187_41_I4/g256/z  (u)     in_0->z R     unmapped_not         1   5.5     0    45    6747    (-,-) 
  u_core/u_rls/add_187_41_I4/g257/z  (u)     in_1->z F     unmapped_nor2        9  45.9     0   193    6941    (-,-) 
  u_core/u_rls/add_187_41_I4/g295/z  (u)     in_1->z R     unmapped_nor2        1   5.5     0    88    7029    (-,-) 
  u_core/u_rls/add_187_41_I4/g297/z  (u)     in_0->z F     unmapped_nor2        1   5.1     0    88    7117    (-,-) 
  u_core/u_rls/add_187_41_I4/g356/z  (u)     in_0->z R     unmapped_nand2       1   5.5     0    88    7204    (-,-) 
  u_core/u_rls/add_187_41_I4/g446/z  (u)     in_0->z R     unmapped_xnor2       2  11.0     0   218    7422    (-,-) 
  u_core/u_rls/add_187_41_I5/g54/z   (u)     in_0->z F     unmapped_nor2        3  15.3     0   125    7548    (-,-) 
  u_core/u_rls/add_187_41_I5/g121/z  (u)     in_1->z R     unmapped_nor2        1   5.5     0    88    7635    (-,-) 
  u_core/u_rls/add_187_41_I5/g123/z  (u)     in_0->z F     unmapped_nor2        3  15.3     0   125    7761    (-,-) 
  u_core/u_rls/add_187_41_I5/g196/z  (u)     in_1->z R     unmapped_nor2        1   5.5     0    88    7849    (-,-) 
  u_core/u_rls/add_187_41_I5/g198/z  (u)     in_0->z F     unmapped_nor2        1   5.1     0    88    7937    (-,-) 
  u_core/u_rls/add_187_41_I5/g313/z  (u)     in_0->z R     unmapped_not         1   5.5     0    45    7982    (-,-) 
  u_core/u_rls/add_187_41_I5/g314/z  (u)     in_1->z F     unmapped_nor2        1   5.1     0    88    8070    (-,-) 
  u_core/u_rls/add_187_41_I5/g369/z  (u)     in_0->z R     unmapped_nand2       1   5.5     0    88    8158    (-,-) 
  u_core/u_rls/add_187_41_I5/g461/z  (u)     in_0->z R     unmapped_xnor2       2  11.0     0   218    8375    (-,-) 
  u_core/u_rls/add_187_41_I6/g58/z   (u)     in_0->z F     unmapped_nor2        3  15.3     0   125    8501    (-,-) 
  u_core/u_rls/add_187_41_I6/g130/z  (u)     in_1->z R     unmapped_nor2        2  11.0     0   108    8609    (-,-) 
  u_core/u_rls/add_187_41_I6/g207/z  (u)     in_0->z F     unmapped_not         1   5.1     0    45    8654    (-,-) 
  u_core/u_rls/add_187_41_I6/g208/z  (u)     in_1->z R     unmapped_nor2        1   5.5     0    88    8742    (-,-) 
  u_core/u_rls/add_187_41_I6/g210/z  (u)     in_0->z F     unmapped_nor2        5  25.5     0   157    8899    (-,-) 
  u_core/u_rls/add_187_41_I6/g277/z  (u)     in_1->z R     unmapped_nor2        1   5.5     0    88    8987    (-,-) 
  u_core/u_rls/add_187_41_I6/g279/z  (u)     in_0->z F     unmapped_nor2        1   5.1     0    88    9075    (-,-) 
  u_core/u_rls/add_187_41_I6/g335/z  (u)     in_0->z R     unmapped_not         1   5.5     0    45    9120    (-,-) 
  u_core/u_rls/add_187_41_I6/g336/z  (u)     in_1->z F     unmapped_nor2        1   5.1     0    88    9208    (-,-) 
  u_core/u_rls/add_187_41_I6/g386/z  (u)     in_0->z R     unmapped_nand2       1   5.5     0    88    9296    (-,-) 
  u_core/u_rls/add_187_41_I6/g481/z  (u)     in_0->z R     unmapped_xnor2       2  11.0     0   218    9514    (-,-) 
  u_core/u_rls/add_187_41_I7/g62/z   (u)     in_0->z F     unmapped_nor2        3  15.3     0   125    9639    (-,-) 
  u_core/u_rls/add_187_41_I7/g133/z  (u)     in_1->z R     unmapped_nor2        1   5.5     0    88    9727    (-,-) 
  u_core/u_rls/add_187_41_I7/g135/z  (u)     in_0->z F     unmapped_nor2        3  15.3     0   125    9852    (-,-) 
  u_core/u_rls/add_187_41_I7/g214/z  (u)     in_1->z R     unmapped_nor2        1   5.5     0    88    9940    (-,-) 
  u_core/u_rls/add_187_41_I7/g216/z  (u)     in_0->z F     unmapped_nor2        1   5.1     0    88   10028    (-,-) 
  u_core/u_rls/add_187_41_I7/g289/z  (u)     in_0->z R     unmapped_not         1   5.5     0    45   10073    (-,-) 
  u_core/u_rls/add_187_41_I7/g290/z  (u)     in_1->z F     unmapped_nor2        1   5.1     0    88   10161    (-,-) 
  u_core/u_rls/add_187_41_I7/g351/z  (u)     in_0->z R     unmapped_not         1   5.5     0    45   10206    (-,-) 
  u_core/u_rls/add_187_41_I7/g352/z  (u)     in_1->z F     unmapped_nor2        1   5.1     0    88   10294    (-,-) 
  u_core/u_rls/add_187_41_I7/g398/z  (u)     in_0->z R     unmapped_nand2       1   5.5     0    88   10382    (-,-) 
  u_core/u_rls/add_187_41_I7/g494/z  (u)     in_0->z R     unmapped_xnor2       2  11.0     0   218   10600    (-,-) 
  u_core/u_rls/add_187_41_I8/g66/z   (u)     in_0->z F     unmapped_nor2        3  15.3     0   125   10725    (-,-) 
  u_core/u_rls/add_187_41_I8/g136/z  (u)     in_1->z R     unmapped_nor2        2  11.0     0   108   10834    (-,-) 
  u_core/u_rls/add_187_41_I8/g211/z  (u)     in_0->z F     unmapped_not         1   5.1     0    45   10879    (-,-) 
  u_core/u_rls/add_187_41_I8/g212/z  (u)     in_1->z R     unmapped_nor2        1   5.5     0    88   10967    (-,-) 
  u_core/u_rls/add_187_41_I8/g214/z  (u)     in_0->z F     unmapped_nor2        1   5.1     0    88   11055    (-,-) 
  u_core/u_rls/add_187_41_I8/g280/z  (u)     in_0->z R     unmapped_not         1   5.5     0    45   11100    (-,-) 
  u_core/u_rls/add_187_41_I8/g281/z  (u)     in_1->z F     unmapped_nor2        1   5.1     0    88   11188    (-,-) 
  u_core/u_rls/add_187_41_I8/g339/z  (u)     in_0->z R     unmapped_not         1   5.5     0    45   11233    (-,-) 
  u_core/u_rls/add_187_41_I8/g340/z  (u)     in_1->z F     unmapped_nor2        1   5.1     0    88   11321    (-,-) 
  u_core/u_rls/add_187_41_I8/g384/z  (u)     in_0->z R     unmapped_nand2       3  16.5     0   125   11446    (-,-) 
  u_core/u_rls/add_187_41_I8/g388/z  (u)     in_1->z F     unmapped_nand2       1   5.1     0    88   11534    (-,-) 
  u_core/u_rls/add_187_41_I8/g389/z  (u)     in_1->z R     unmapped_nand2       1   5.5     0    88   11622    (-,-) 
  u_core/u_rls/add_187_41_I8/g479/z  (u)     in_0->z R     unmapped_xnor2       6  33.0     0   276   11898    (-,-) 
  u_core/u_rls/y_acc_reg[37]/d       -       -       R     unmapped_d_flop      6     -     -     0   11898    (-,-) 
#--------------------------------------------------------------------------------------------------------------------

(u) : Net has unmapped pin(s).



Path 20: VIOLATED (-2413 ps) Setup Check with Pin u_core/u_rls/y_acc_reg[36]/clk->d
          Group: aquila_clk
     Startpoint: (R) u_core/u_rls/x_dly_reg[1][3]/clk
          Clock: (R) aquila_clk
       Endpoint: (R) u_core/u_rls/y_acc_reg[36]/d
          Clock: (R) aquila_clk

                     Capture       Launch     
        Clock Edge:+   10000            0     
       Src Latency:+       0            0     
       Net Latency:+       0 (I)        0 (I) 
           Arrival:=   10000            0     
                                              
             Setup:-     515                  
     Required Time:=    9485                  
      Launch Clock:-       0                  
         Data Path:-   11898                  
             Slack:=   -2413                  

#--------------------------------------------------------------------------------------------------------------------
#           Timing Point             Flags    Arc    Edge      Cell        Fanout  Load Trans Delay Arrival Instance 
#                                                                                  (fF)  (ps)  (ps)   (ps)  Location 
#--------------------------------------------------------------------------------------------------------------------
  u_core/u_rls/x_dly_reg[1][3]/clk   -       -       R     (arrival)        22387     -     0     0       0    (-,-) 
  u_core/u_rls/x_dly_reg[1][3]/q     (u)     clk->q  R     unmapped_d_flop     54 297.0     0   885     885    (-,-) 
  u_core/u_rls/mul_187_61_I2/g163/z  (u)     in_1->z F     unmapped_xor2       16  81.6     0   348    1233    (-,-) 
  u_core/u_rls/mul_187_61_I2/g165/z  (u)     in_0->z R     unmapped_not         1   5.5     0    45    1278    (-,-) 
  u_core/u_rls/mul_187_61_I2/g166/z  (u)     in_0->z R     unmapped_and2       16  88.0     0   239    1518    (-,-) 
  u_core/u_rls/mul_187_61_I2/g217/z  (u)     in_1->z F     unmapped_nand2       1   5.1     0    88    1605    (-,-) 
  u_core/u_rls/mul_187_61_I2/g218/z  (u)     in_1->z R     unmapped_nand2       3  16.5     0   125    1731    (-,-) 
  u_core/u_rls/mul_187_61_I2/g990/z  (u)     in_1->z R     unmapped_xor2        1   5.5     0   197    1928    (-,-) 
  u_core/u_rls/mul_187_61_I2/g991/z  (u)     in_0->z R     unmapped_xor2        3  16.5     0   235    2162    (-,-) 
  u_core/u_rls/mul_187_61_I2/g1002/z (u)     in_1->z R     unmapped_xor2        1   5.5     0   197    2360    (-,-) 
  u_core/u_rls/mul_187_61_I2/g1003/z (u)     in_0->z R     unmapped_xor2        3  16.5     0   235    2594    (-,-) 
  u_core/u_rls/mul_187_61_I2/g1014/z (u)     in_0->z R     unmapped_xor2        1   5.5     0   197    2791    (-,-) 
  u_core/u_rls/mul_187_61_I2/g1015/z (u)     in_0->z R     unmapped_xor2        2  11.0     0   218    3009    (-,-) 
  u_core/u_rls/mul_187_61_I2/g1362/z (u)     in_1->z F     unmapped_nor2        3  15.3     0   125    3134    (-,-) 
  u_core/u_rls/mul_187_61_I2/g1417/z (u)     in_1->z R     unmapped_nor2        2  11.0     0   108    3243    (-,-) 
  u_core/u_rls/mul_187_61_I2/g1473/z (u)     in_0->z F     unmapped_not         1   5.1     0    45    3288    (-,-) 
  u_core/u_rls/mul_187_61_I2/g1474/z (u)     in_1->z R     unmapped_nor2        1   5.5     0    88    3376    (-,-) 
  u_core/u_rls/mul_187_61_I2/g1476/z (u)     in_0->z F     unmapped_nor2        1   5.1     0    88    3464    (-,-) 
  u_core/u_rls/mul_187_61_I2/g1535/z (u)     in_0->z R     unmapped_not         1   5.5     0    45    3509    (-,-) 
  u_core/u_rls/mul_187_61_I2/g235/z  (u)     in_1->z F     unmapped_nor2        1   5.1     0    88    3597    (-,-) 
  u_core/u_rls/mul_187_61_I2/g1580/z (u)     in_0->z R     unmapped_nand2      16  88.0     0   239    3836    (-,-) 
  u_core/u_rls/mul_187_61_I2/g1614/z (u)     in_0->z F     unmapped_nand2       1   5.1     0    88    3924    (-,-) 
  u_core/u_rls/mul_187_61_I2/g1615/z (u)     in_1->z R     unmapped_nand2       1   5.5     0    88    4012    (-,-) 
  u_core/u_rls/mul_187_61_I2/g415/z  (u)     in_0->z R     unmapped_xnor2       2  11.0     0   218    4229    (-,-) 
  u_core/u_rls/add_187_41_I2/g38/z   (u)     in_1->z F     unmapped_nor2        3  15.3     0   125    4355    (-,-) 
  u_core/u_rls/add_187_41_I2/g99/z   (u)     in_1->z R     unmapped_nor2        1   5.5     0    88    4443    (-,-) 
  u_core/u_rls/add_187_41_I2/g101/z  (u)     in_0->z F     unmapped_nor2        3  15.3     0   125    4568    (-,-) 
  u_core/u_rls/add_187_41_I2/g172/z  (u)     in_0->z R     unmapped_nor2        1   5.5     0    88    4656    (-,-) 
  u_core/u_rls/add_187_41_I2/g174/z  (u)     in_0->z F     unmapped_nor2        5  25.5     0   157    4813    (-,-) 
  u_core/u_rls/add_187_41_I2/g234/z  (u)     in_1->z R     unmapped_nor2        1   5.5     0    88    4901    (-,-) 
  u_core/u_rls/add_187_41_I2/g236/z  (u)     in_0->z F     unmapped_nor2        1   5.1     0    88    4989    (-,-) 
  u_core/u_rls/add_187_41_I2/g339/z  (u)     in_0->z R     unmapped_nand2       1   5.5     0    88    5077    (-,-) 
  u_core/u_rls/add_187_41_I2/g423/z  (u)     in_0->z R     unmapped_xnor2       2  11.0     0   218    5294    (-,-) 
  u_core/u_rls/add_187_41_I3/g46/z   (u)     in_0->z F     unmapped_nor2        3  15.3     0   125    5420    (-,-) 
  u_core/u_rls/add_187_41_I3/g109/z  (u)     in_1->z R     unmapped_nor2        1   5.5     0    88    5508    (-,-) 
  u_core/u_rls/add_187_41_I3/g111/z  (u)     in_0->z F     unmapped_nor2        3  15.3     0   125    5633    (-,-) 
  u_core/u_rls/add_187_41_I3/g178/z  (u)     in_1->z R     unmapped_nor2        1   5.5     0    88    5721    (-,-) 
  u_core/u_rls/add_187_41_I3/g180/z  (u)     in_0->z F     unmapped_nor2        1   5.1     0    88    5809    (-,-) 
  u_core/u_rls/add_187_41_I3/g246/z  (u)     in_0->z R     unmapped_not         1   5.5     0    45    5854    (-,-) 
  u_core/u_rls/add_187_41_I3/g247/z  (u)     in_1->z F     unmapped_nor2        1   5.1     0    88    5942    (-,-) 
  u_core/u_rls/add_187_41_I3/g345/z  (u)     in_0->z R     unmapped_nand2       1   5.5     0    88    6030    (-,-) 
  u_core/u_rls/add_187_41_I3/g433/z  (u)     in_0->z R     unmapped_xnor2       2  11.0     0   218    6247    (-,-) 
  u_core/u_rls/add_187_41_I4/g50/z   (u)     in_0->z F     unmapped_nor2        3  15.3     0   125    6373    (-,-) 
  u_core/u_rls/add_187_41_I4/g118/z  (u)     in_1->z R     unmapped_nor2        2  11.0     0   108    6481    (-,-) 
  u_core/u_rls/add_187_41_I4/g189/z  (u)     in_0->z F     unmapped_not         1   5.1     0    45    6526    (-,-) 
  u_core/u_rls/add_187_41_I4/g190/z  (u)     in_1->z R     unmapped_nor2        1   5.5     0    88    6614    (-,-) 
  u_core/u_rls/add_187_41_I4/g192/z  (u)     in_0->z F     unmapped_nor2        1   5.1     0    88    6702    (-,-) 
  u_core/u_rls/add_187_41_I4/g256/z  (u)     in_0->z R     unmapped_not         1   5.5     0    45    6747    (-,-) 
  u_core/u_rls/add_187_41_I4/g257/z  (u)     in_1->z F     unmapped_nor2        9  45.9     0   193    6941    (-,-) 
  u_core/u_rls/add_187_41_I4/g295/z  (u)     in_1->z R     unmapped_nor2        1   5.5     0    88    7029    (-,-) 
  u_core/u_rls/add_187_41_I4/g297/z  (u)     in_0->z F     unmapped_nor2        1   5.1     0    88    7117    (-,-) 
  u_core/u_rls/add_187_41_I4/g356/z  (u)     in_0->z R     unmapped_nand2       1   5.5     0    88    7204    (-,-) 
  u_core/u_rls/add_187_41_I4/g446/z  (u)     in_0->z R     unmapped_xnor2       2  11.0     0   218    7422    (-,-) 
  u_core/u_rls/add_187_41_I5/g54/z   (u)     in_0->z F     unmapped_nor2        3  15.3     0   125    7548    (-,-) 
  u_core/u_rls/add_187_41_I5/g121/z  (u)     in_1->z R     unmapped_nor2        1   5.5     0    88    7635    (-,-) 
  u_core/u_rls/add_187_41_I5/g123/z  (u)     in_0->z F     unmapped_nor2        3  15.3     0   125    7761    (-,-) 
  u_core/u_rls/add_187_41_I5/g196/z  (u)     in_1->z R     unmapped_nor2        1   5.5     0    88    7849    (-,-) 
  u_core/u_rls/add_187_41_I5/g198/z  (u)     in_0->z F     unmapped_nor2        1   5.1     0    88    7937    (-,-) 
  u_core/u_rls/add_187_41_I5/g313/z  (u)     in_0->z R     unmapped_not         1   5.5     0    45    7982    (-,-) 
  u_core/u_rls/add_187_41_I5/g314/z  (u)     in_1->z F     unmapped_nor2        1   5.1     0    88    8070    (-,-) 
  u_core/u_rls/add_187_41_I5/g369/z  (u)     in_0->z R     unmapped_nand2       1   5.5     0    88    8158    (-,-) 
  u_core/u_rls/add_187_41_I5/g461/z  (u)     in_0->z R     unmapped_xnor2       2  11.0     0   218    8375    (-,-) 
  u_core/u_rls/add_187_41_I6/g58/z   (u)     in_0->z F     unmapped_nor2        3  15.3     0   125    8501    (-,-) 
  u_core/u_rls/add_187_41_I6/g130/z  (u)     in_1->z R     unmapped_nor2        2  11.0     0   108    8609    (-,-) 
  u_core/u_rls/add_187_41_I6/g207/z  (u)     in_0->z F     unmapped_not         1   5.1     0    45    8654    (-,-) 
  u_core/u_rls/add_187_41_I6/g208/z  (u)     in_1->z R     unmapped_nor2        1   5.5     0    88    8742    (-,-) 
  u_core/u_rls/add_187_41_I6/g210/z  (u)     in_0->z F     unmapped_nor2        5  25.5     0   157    8899    (-,-) 
  u_core/u_rls/add_187_41_I6/g277/z  (u)     in_1->z R     unmapped_nor2        1   5.5     0    88    8987    (-,-) 
  u_core/u_rls/add_187_41_I6/g279/z  (u)     in_0->z F     unmapped_nor2        1   5.1     0    88    9075    (-,-) 
  u_core/u_rls/add_187_41_I6/g335/z  (u)     in_0->z R     unmapped_not         1   5.5     0    45    9120    (-,-) 
  u_core/u_rls/add_187_41_I6/g336/z  (u)     in_1->z F     unmapped_nor2        1   5.1     0    88    9208    (-,-) 
  u_core/u_rls/add_187_41_I6/g386/z  (u)     in_0->z R     unmapped_nand2       1   5.5     0    88    9296    (-,-) 
  u_core/u_rls/add_187_41_I6/g481/z  (u)     in_0->z R     unmapped_xnor2       2  11.0     0   218    9514    (-,-) 
  u_core/u_rls/add_187_41_I7/g62/z   (u)     in_0->z F     unmapped_nor2        3  15.3     0   125    9639    (-,-) 
  u_core/u_rls/add_187_41_I7/g133/z  (u)     in_1->z R     unmapped_nor2        1   5.5     0    88    9727    (-,-) 
  u_core/u_rls/add_187_41_I7/g135/z  (u)     in_0->z F     unmapped_nor2        3  15.3     0   125    9852    (-,-) 
  u_core/u_rls/add_187_41_I7/g214/z  (u)     in_1->z R     unmapped_nor2        1   5.5     0    88    9940    (-,-) 
  u_core/u_rls/add_187_41_I7/g216/z  (u)     in_0->z F     unmapped_nor2        1   5.1     0    88   10028    (-,-) 
  u_core/u_rls/add_187_41_I7/g289/z  (u)     in_0->z R     unmapped_not         1   5.5     0    45   10073    (-,-) 
  u_core/u_rls/add_187_41_I7/g290/z  (u)     in_1->z F     unmapped_nor2        1   5.1     0    88   10161    (-,-) 
  u_core/u_rls/add_187_41_I7/g351/z  (u)     in_0->z R     unmapped_not         1   5.5     0    45   10206    (-,-) 
  u_core/u_rls/add_187_41_I7/g352/z  (u)     in_1->z F     unmapped_nor2        1   5.1     0    88   10294    (-,-) 
  u_core/u_rls/add_187_41_I7/g398/z  (u)     in_0->z R     unmapped_nand2       1   5.5     0    88   10382    (-,-) 
  u_core/u_rls/add_187_41_I7/g494/z  (u)     in_0->z R     unmapped_xnor2       2  11.0     0   218   10600    (-,-) 
  u_core/u_rls/add_187_41_I8/g66/z   (u)     in_0->z F     unmapped_nor2        3  15.3     0   125   10725    (-,-) 
  u_core/u_rls/add_187_41_I8/g136/z  (u)     in_1->z R     unmapped_nor2        2  11.0     0   108   10834    (-,-) 
  u_core/u_rls/add_187_41_I8/g211/z  (u)     in_0->z F     unmapped_not         1   5.1     0    45   10879    (-,-) 
  u_core/u_rls/add_187_41_I8/g212/z  (u)     in_1->z R     unmapped_nor2        1   5.5     0    88   10967    (-,-) 
  u_core/u_rls/add_187_41_I8/g214/z  (u)     in_0->z F     unmapped_nor2        1   5.1     0    88   11055    (-,-) 
  u_core/u_rls/add_187_41_I8/g280/z  (u)     in_0->z R     unmapped_not         1   5.5     0    45   11100    (-,-) 
  u_core/u_rls/add_187_41_I8/g281/z  (u)     in_1->z F     unmapped_nor2        1   5.1     0    88   11188    (-,-) 
  u_core/u_rls/add_187_41_I8/g339/z  (u)     in_0->z R     unmapped_not         1   5.5     0    45   11233    (-,-) 
  u_core/u_rls/add_187_41_I8/g340/z  (u)     in_1->z F     unmapped_nor2        1   5.1     0    88   11321    (-,-) 
  u_core/u_rls/add_187_41_I8/g384/z  (u)     in_0->z R     unmapped_nand2       3  16.5     0   125   11446    (-,-) 
  u_core/u_rls/add_187_41_I8/g388/z  (u)     in_1->z F     unmapped_nand2       1   5.1     0    88   11534    (-,-) 
  u_core/u_rls/add_187_41_I8/g389/z  (u)     in_1->z R     unmapped_nand2       1   5.5     0    88   11622    (-,-) 
  u_core/u_rls/add_187_41_I8/g479/z  (u)     in_0->z R     unmapped_xnor2       6  33.0     0   276   11898    (-,-) 
  u_core/u_rls/y_acc_reg[36]/d       -       -       R     unmapped_d_flop      6     -     -     0   11898    (-,-) 
#--------------------------------------------------------------------------------------------------------------------

(u) : Net has unmapped pin(s).

