============================================================
  Generated by:           Genus(TM) Synthesis Solution 21.14-s082_1
  Generated on:           Sep 04 2026  04:34:36 pm
  Module:                 rls_probe_top
  Operating conditions:   _nominal_ (balanced_tree)
  Wireload mode:          enclosed
  Area mode:              timing library
============================================================


Path 1: MET (0 ps) Setup Check with Pin u_rls/nr_x1_reg[15]/CP->D
          Group: aquila_clk
     Startpoint: (R) u_rls/xTx_acc_reg[18]/CP
          Clock: (R) aquila_clk
       Endpoint: (F) u_rls/nr_x1_reg[15]/D
          Clock: (R) aquila_clk

                     Capture       Launch     
        Clock Edge:+   10000            0     
       Src Latency:+       0            0     
       Net Latency:+       0 (I)        0 (I) 
           Arrival:=   10000            0     
                                              
             Setup:-     264                  
     Required Time:=    9736                  
      Launch Clock:-       0                  
         Data Path:-    9736                  
             Slack:=       0                  

#----------------------------------------------------------------------------------------------------------------------------
#                   Timing Point                     Flags    Arc   Edge   Cell     Fanout Load Trans Delay Arrival Instance 
#                                                                                          (fF)  (ps)  (ps)   (ps)  Location 
#----------------------------------------------------------------------------------------------------------------------------
  u_rls/xTx_acc_reg[18]/CP                           -       -      R     (arrival)    635    -     0     0       0    (-,-) 
  u_rls/xTx_acc_reg[18]/QN                           -       CP->QN F     dfcrn4         2 20.7   224   508     508    (-,-) 
  u_rls/g96495/ZN                                    -       I->ZN  R     invbd4         7 40.5   116   100     607    (-,-) 
  u_rls/g96494/ZN                                    -       I->ZN  F     inv0d2         5 19.8    69    59     666    (-,-) 
  u_rls/csa_tree_add_264_40_pad_groupi_g93626/ZN     -       A1->ZN R     nd02d2         1  6.9   117    69     735    (-,-) 
  u_rls/g25_105330/ZN                                -       A1->ZN F     nd02d2         2  9.0    92    71     807    (-,-) 
  u_rls/g102185/ZN                                   -       A3->ZN R     nd03d2         1 20.5   205   108     915    (-,-) 
  u_rls/g102184/ZN                                   -       I->ZN  F     invbd4        15 56.7   124   106    1020    (-,-) 
  u_rls/g102193/ZN                                   -       A1->ZN R     nd02d1         1  7.7   186   116    1137    (-,-) 
  u_rls/g100376/ZN                                   -       A2->ZN F     nd02d2         3 10.5   107    91    1227    (-,-) 
  u_rls/g100379/ZN                                   -       A2->ZN R     nr02d1         1  2.9   154    98    1326    (-,-) 
  u_rls/g103443/ZN                                   -       A1->ZN R     nd12d1         4 13.5   226   205    1531    (-,-) 
  u_rls/g97974/ZN                                    -       A1->ZN R     nd12d1         2  7.1   154   186    1716    (-,-) 
  u_rls/csa_tree_add_264_40_pad_groupi_g10774/ZN     -       A1->ZN F     nd02d1         1  3.7   108    80    1797    (-,-) 
  u_rls/csa_tree_add_264_40_pad_groupi_g91117/ZN     -       A2->ZN R     nd12d1         1  6.9   151    93    1890    (-,-) 
  u_rls/csa_tree_add_264_40_pad_groupi_g91116/ZN     -       A1->ZN F     nd02d2         3 14.0   130    91    1981    (-,-) 
  u_rls/fopt91121/ZN                                 -       I->ZN  R     inv0d1         2  7.6   134   101    2081    (-,-) 
  u_rls/csa_tree_add_264_40_pad_groupi_g10506/ZN     -       A1->ZN F     nd02d1         1  7.3   137    98    2179    (-,-) 
  u_rls/g97417/ZN                                    -       A2->ZN R     nd02d2         3 11.0   142   109    2288    (-,-) 
  u_rls/csa_tree_add_264_40_pad_groupi_g89921_dup/ZN -       A1->ZN R     nd12d2         1  8.1   112   148    2437    (-,-) 
  u_rls/g96716/ZN                                    -       A3->ZN F     nd03d2         2 13.4   175   106    2542    (-,-) 
  u_rls/g98866/ZN                                    -       A2->ZN R     nd12d2         1  8.0   111    92    2635    (-,-) 
  u_rls/g98865/ZN                                    -       I->ZN  F     inv0d2         2 11.0    50    47    2682    (-,-) 
  u_rls/g101640/ZN                                   -       A2->ZN R     nd03d2         2  7.5   140    81    2763    (-,-) 
  u_rls/g101643/ZN                                   -       A1->ZN F     nd02d1         1  6.4   128    94    2857    (-,-) 
  u_rls/g99819/ZN                                    -       A1->ZN R     nd02d2         2 17.0   182   113    2970    (-,-) 
  u_rls/g101642/ZN                                   -       A3->ZN F     nd03d2         9 33.4   301   177    3147    (-,-) 
  u_rls/csa_tree_add_264_40_pad_groupi_g93554/ZN     -       A2->ZN R     nr02d0         1  2.9   279   240    3388    (-,-) 
  u_rls/csa_tree_add_264_40_pad_groupi_g10039/ZN     -       A1->ZN R     nd12d1         2  7.6   160   196    3584    (-,-) 
  u_rls/g7872__91994/Z                               -       B1->Z  R     aor22d1        1  4.1   117   201    3785    (-,-) 
  u_rls/g94895/ZN                                    -       A->ZN  F     aon211d1       1  8.4   243   141    3926    (-,-) 
  u_rls/g94893/ZN                                    -       A2->ZN R     nr02d2         3  9.3   188   162    4088    (-,-) 
  u_rls/g149/ZN                                      -       A1->ZN F     nd04d1         1  3.7   182   148    4236    (-,-) 
  u_rls/g146/ZN                                      -       A2->ZN R     nd12d1         1  8.0   167   116    4352    (-,-) 
  u_rls/g145/ZN                                      -       I->ZN  F     inv0d2         4 22.0    83    70    4422    (-,-) 
  u_rls/g100285/ZN                                   -       A2->ZN R     nd12d2         3 32.3   243   136    4558    (-,-) 
  u_rls/csa_tree_sub_280_42_pad_groupi_g5700/ZN      -       A2->ZN F     nd02d1         2 10.5   183   133    4691    (-,-) 
  u_rls/g101898/ZN                                   -       A2->ZN R     nd02d2         3 14.4   166   130    4822    (-,-) 
  u_rls/g101897/ZN                                   -       A1->ZN F     nd03d2         1 15.3   184   140    4962    (-,-) 
  u_rls/g101896/ZN                                   -       I->ZN  R     inv0d4        10 42.6   156   121    5083    (-,-) 
  u_rls/g92122/ZN                                    -       I->ZN  F     inv0d2         4 17.3    72    62    5145    (-,-) 
  u_rls/fopt88443/ZN                                 -       I->ZN  R     inv0d2         3 15.1   116    79    5224    (-,-) 
  u_rls/g98347/ZN                                    -       A2->ZN F     nd12d2         2  6.4    81    61    5285    (-,-) 
  u_rls/g98982/ZN                                    -       A1->ZN R     nd02d1         2  6.8   174   101    5386    (-,-) 
  u_rls/g103480/ZN                                   -       A1->ZN R     nd12d1         1  6.9   151   175    5561    (-,-) 
  u_rls/g99284/ZN                                    -       A1->ZN F     nd02d2         3  8.6   104    76    5637    (-,-) 
  u_rls/g103448/ZN                                   -       A1->ZN F     nd12d1         1  6.4   112   174    5811    (-,-) 
  u_rls/g99139/ZN                                    -       A1->ZN R     nd02d2         4 15.9   176   106    5917    (-,-) 
  u_rls/g97560/ZN                                    -       I->ZN  F     inv0d1         1  7.3    78    67    5984    (-,-) 
  u_rls/g97559/ZN                                    -       A2->ZN R     nd12d2         3 20.1   177   103    6086    (-,-) 
  u_rls/g101584/ZN                                   -       A2->ZN F     nd03d2         3 12.3   176   126    6212    (-,-) 
  u_rls/g151_0/ZN                                    -       A1->ZN R     nd03d0         1  3.8   345   225    6437    (-,-) 
  u_rls/g100578/ZN                                   -       A1->ZN F     nd03d1         2  6.2   189   137    6574    (-,-) 
  u_rls/g102462/ZN                                   -       A2->ZN R     nd03d1         1  3.9   190   130    6704    (-,-) 
  u_rls/g102460/ZN                                   -       A2->ZN F     nd12d1         1  6.4   116    93    6797    (-,-) 
  u_rls/g102459/ZN                                   -       A1->ZN R     nd02d2         8 32.1   284   155    6952    (-,-) 
  u_rls/fopt92354/ZN                                 -       I->ZN  F     inv0d2         4 11.2    86    64    7016    (-,-) 
  u_rls/mul_281_46_g5365/ZN                          -       A2->ZN R     nd02d1         1  6.9   175   113    7129    (-,-) 
  u_rls/mul_281_46_g90820/ZN                         -       A1->ZN F     nd02d2         5 27.3   190   129    7258    (-,-) 
  u_rls/g100716/ZN                                   -       A2->ZN R     nd02d1         1  3.8   134   117    7375    (-,-) 
  u_rls/g520/ZN                                      -       I->ZN  F     inv0d1         2 10.3    82    68    7444    (-,-) 
  u_rls/g96558/ZN                                    -       A1->ZN R     nd02d2         1  7.7   122    75    7518    (-,-) 
  u_rls/g98130/ZN                                    -       A2->ZN F     nd02d2         2 11.1   110    84    7602    (-,-) 
  u_rls/g98129/ZN                                    -       I->ZN  R     inv0d2         3 10.7    92    76    7678    (-,-) 
  u_rls/g100813/ZN                                   -       A2->ZN F     nd12d1         1  6.4   112    74    7752    (-,-) 
  u_rls/g100812/ZN                                   -       A1->ZN R     nd02d2         1  7.7   125    81    7833    (-,-) 
  u_rls/g101576/ZN                                   -       A2->ZN F     nd02d2         2  6.8    83    72    7905    (-,-) 
  u_rls/g101582/ZN                                   -       I->ZN  R     inv0d1         3 10.3   166   105    8010    (-,-) 
  u_rls/g101577/ZN                                   -       A1->ZN F     nd02d1         2  7.2   156   103    8114    (-,-) 
  u_rls/g101579/ZN                                   -       A2->ZN R     nd02d1         1  3.9   134   110    8224    (-,-) 
  u_rls/g99694/ZN                                    -       A2->ZN F     nd12d1         1  6.4   112    82    8306    (-,-) 
  u_rls/g99693/ZN                                    -       A1->ZN R     nd02d2         3 14.9   169   103    8409    (-,-) 
  u_rls/g103568/ZN                                   -       A1->ZN R     nd12d2         2  6.9   105   150    8559    (-,-) 
  u_rls/g102055/ZN                                   -       A1->ZN F     nd04d1         3 11.9   317   202    8761    (-,-) 
  u_rls/g102057/ZN                                   -       A2->ZN R     nd02d2         2 10.9   164   152    8913    (-,-) 
  u_rls/g102010/ZN                                   -       I->ZN  F     inv0d2         2  9.2    58    50    8963    (-,-) 
  u_rls/g102016/ZN                                   -       A2->ZN R     nd02d2         2 12.2   150    95    9058    (-,-) 
  u_rls/g100454/ZN                                   -       I->ZN  F     inv0d2         2 10.1    57    50    9108    (-,-) 
  u_rls/g102047/ZN                                   -       A2->ZN R     nd02d2         3 14.2   163   101    9208    (-,-) 
  u_rls/g102404/ZN                                   -       A1->ZN F     nd02d2         2 12.7   141    90    9298    (-,-) 
  u_rls/g101352/ZN                                   -       A2->ZN R     nd12d1         1  6.9   151   101    9399    (-,-) 
  u_rls/g101351/ZN                                   -       A1->ZN F     nd02d2         2 11.8   110    85    9484    (-,-) 
  u_rls/g101402/ZN                                   -       I->ZN  R     inv0d2         1  7.7    77    68    9552    (-,-) 
  u_rls/g102335/ZN                                   -       A2->ZN F     nd12d2         1  6.4    81    55    9607    (-,-) 
  u_rls/g101400/ZN                                   -       A1->ZN R     nd02d2         1  6.9   118    72    9679    (-,-) 
  u_rls/g101399/ZN                                   -       A1->ZN F     nd02d2         1  3.6    67    57    9736    (-,-) 
  u_rls/nr_x1_reg[15]/D                              -       -      F     sdcrn4         1    -     -     0    9736    (-,-) 
#----------------------------------------------------------------------------------------------------------------------------



Path 2: MET (0 ps) Setup Check with Pin u_rls/w_reg[7][9]/CP->D
          Group: aquila_clk
     Startpoint: (R) u_rls/update_idx_reg[1]/CP
          Clock: (R) aquila_clk
       Endpoint: (F) u_rls/w_reg[7][9]/D
          Clock: (R) aquila_clk

                     Capture       Launch     
        Clock Edge:+   10000            0     
       Src Latency:+       0            0     
       Net Latency:+       0 (I)        0 (I) 
           Arrival:=   10000            0     
                                              
             Setup:-     186                  
     Required Time:=    9814                  
      Launch Clock:-       0                  
         Data Path:-    9814                  
             Slack:=       0                  

#-------------------------------------------------------------------------------------------------------------------------
#                  Timing Point                   Flags    Arc   Edge   Cell     Fanout Load Trans Delay Arrival Instance 
#                                                                                       (fF)  (ps)  (ps)   (ps)  Location 
#-------------------------------------------------------------------------------------------------------------------------
  u_rls/update_idx_reg[1]/CP                      -       -      R     (arrival)    635    -     0     0       0    (-,-) 
  u_rls/update_idx_reg[1]/Q                       -       CP->Q  R     dfcrq4         7 31.1   148   520     520    (-,-) 
  u_rls/g7970/ZN                                  -       I->ZN  F     invbd2         5 26.1   117    95     615    (-,-) 
  u_rls/g7897__102483/ZN                          -       A1->ZN R     nd02d2         1  8.0   124    83     698    (-,-) 
  u_rls/g7888/ZN                                  -       I->ZN  F     inv0d2         2 14.6    60    53     751    (-,-) 
  u_rls/g7862__3680/ZN                            -       A2->ZN R     nd12d2         1 25.9   208   114     865    (-,-) 
  u_rls/g7843/ZN                                  -       I->ZN  F     inv0d7        24 86.4   103    87     952    (-,-) 
  u_rls/g105534/ZN                                -       B2->ZN F     oaim21d1       1  3.8    90   186    1138    (-,-) 
  u_rls/g103661/ZN                                -       A->ZN  R     aoi221d1       1  6.9   455   158    1296    (-,-) 
  u_rls/g7338__5115/ZN                            -       A1->ZN F     nd02d2         1  9.0   155   110    1407    (-,-) 
  u_rls/MULT_TC_OP_5_g11494/ZN                    -       I->ZN  R     invbd2         4 23.1   113    91    1498    (-,-) 
  u_rls/MULT_TC_OP_5_g11492/ZN                    -       I->ZN  F     inv0d2         3 13.2    54    50    1548    (-,-) 
  u_rls/g97939/ZN                                 -       A1->ZN R     nd02d2         1  6.9   117    66    1614    (-,-) 
  u_rls/g97938/ZN                                 -       A1->ZN F     nd02d2         1 23.8   170   109    1723    (-,-) 
  u_rls/MULT_TC_OP_5_g10968/ZN                    -       I->ZN  R     inv0d7        14 68.2   138   105    1828    (-,-) 
  u_rls/MULT_TC_OP_5_g10967/ZN                    -       I->ZN  F     inv0d4         5 19.0    53    47    1875    (-,-) 
  u_rls/MULT_TC_OP_5_g11652/Z                     -       A2->Z  F     an02d0         1  2.7    85   188    2063    (-,-) 
  u_rls/MULT_TC_OP_5_g10593/ZN                    -       A1->ZN F     nd12d1         2  6.8   115   172    2235    (-,-) 
  u_rls/MULT_TC_OP_5_g10515/ZN                    -       I->ZN  R     inv0d1         2 10.6   170   114    2349    (-,-) 
  u_rls/MULT_TC_OP_5_g10157/ZN                    -       A1->ZN R     nd12d1         1  7.7   160   179    2528    (-,-) 
  u_rls/MULT_TC_OP_5_g10146/ZN                    -       A2->ZN F     nd12d2         2 12.7   109    84    2612    (-,-) 
  u_rls/MULT_TC_OP_5_g9942/ZN                     -       I->ZN  R     invbd2         3 15.3    81    68    2680    (-,-) 
  u_rls/MULT_TC_OP_5_g9912/ZN                     -       A2->ZN F     nd12d2         2  7.2    84    57    2737    (-,-) 
  u_rls/MULT_TC_OP_5_g9860/ZN                     -       A2->ZN R     nd02d1         1  3.9   132    93    2830    (-,-) 
  u_rls/MULT_TC_OP_5_g9729/ZN                     -       A2->ZN F     nd12d1         1  6.4   112    82    2912    (-,-) 
  u_rls/MULT_TC_OP_5_g9704/ZN                     -       A1->ZN R     nd02d2         2 11.9   149    94    3006    (-,-) 
  u_rls/MULT_TC_OP_5_g9615/ZN                     -       I->ZN  F     inv0d2         3 11.1    59    52    3058    (-,-) 
  u_rls/MULT_TC_OP_5_g9584/ZN                     -       A2->ZN R     nd12d1         1  7.7   160    87    3145    (-,-) 
  u_rls/MULT_TC_OP_5_g9552/ZN                     -       A2->ZN F     nd02d2         2  7.4    90    78    3223    (-,-) 
  u_rls/MULT_TC_OP_5_g9489/ZN                     -       I->ZN  R     inv0d1         1  3.9    88    71    3294    (-,-) 
  u_rls/MULT_TC_OP_5_g9467/ZN                     -       A2->ZN F     nd12d1         1  7.3   120    78    3371    (-,-) 
  u_rls/MULT_TC_OP_5_g9452/ZN                     -       A2->ZN R     nd02d2         3 10.3   138   103    3474    (-,-) 
  u_rls/MULT_TC_OP_5_g11693/ZN                    -       A1->ZN R     nd12d1         1  6.9   151   168    3642    (-,-) 
  u_rls/MULT_TC_OP_5_g9353/ZN                     -       A1->ZN F     nd02d2         2  5.7    82    68    3710    (-,-) 
  u_rls/MULT_TC_OP_5_g11685/Z                     -       A2->Z  F     or02d1         3 11.8   161   341    4051    (-,-) 
  u_rls/MULT_TC_OP_5_g9253/ZN                     -       A1->ZN R     nd02d2         2  7.1   117    90    4141    (-,-) 
  u_rls/g103580/ZN                                -       A1->ZN R     nd12d2         1  8.0   111   143    4284    (-,-) 
  u_rls/g99800/ZN                                 -       I->ZN  F     inv0d2         2 11.2    50    47    4332    (-,-) 
  u_rls/g102521/ZN                                -       A2->ZN R     nd02d1         2  5.7   158    97    4429    (-,-) 
  u_rls/fopt96092/Z                               -       I->Z   R     buffd1         1  6.9   121   152    4581    (-,-) 
  u_rls/g97255/ZN                                 -       A1->ZN F     nd02d2         4  9.8    98    74    4655    (-,-) 
  u_rls/g97833/ZN                                 -       A1->ZN R     nd02d1         2  7.1   178   106    4762    (-,-) 
  u_rls/g210/ZN                                   -       A1->ZN F     nd02d1         1  2.4   126    76    4837    (-,-) 
  u_rls/g101027/ZN                                -       B1->ZN F     oaim21d1       3 15.0   196   242    5079    (-,-) 
  u_rls/g97830/Z                                  -       I->Z   F     buffd2        19 56.6   247   261    5340    (-,-) 
  u_rls/g97829/ZN                                 -       I->ZN  R     inv0d0         1  3.8   271   199    5539    (-,-) 
  u_rls/g14/ZN                                    -       I->ZN  F     inv0d1         6 21.4   158   124    5663    (-,-) 
  u_rls/csa_tree_SUB_TC_OP56_pad_groupi_g14184/ZN -       A1->ZN R     oaim22d1       2  7.4   347   192    5855    (-,-) 
  u_rls/csa_tree_SUB_TC_OP56_pad_groupi_g13794/ZN -       A1->ZN F     aoi22d1        3  7.7   288   127    5982    (-,-) 
  u_rls/csa_tree_SUB_TC_OP56_pad_groupi_g13747/ZN -       I->ZN  R     inv0d0         1  6.0   388   262    6244    (-,-) 
  u_rls/g104245/CO                                -       A->CO  R     cg01d0         2 12.1   402   372    6616    (-,-) 
  u_rls/g104224/CO                                -       A->CO  R     cg01d0         2  8.8   309   331    6946    (-,-) 
  u_rls/g104215/Z                                 -       A1->Z  F     xr02d1         3 13.5   186   443    7390    (-,-) 
  u_rls/g102287/Z                                 -       B1->Z  F     aoim22d1       2  6.4   132   266    7655    (-,-) 
  u_rls/g102286/ZN                                -       B1->ZN F     oaim22d1       2  7.9   171   205    7860    (-,-) 
  u_rls/g102283/ZN                                -       B1->ZN R     oai21d1        2  4.4   364   236    8097    (-,-) 
  u_rls/g102282/ZN                                -       I->ZN  F     inv0d0         1  3.7   157   107    8204    (-,-) 
  u_rls/g102280/ZN                                -       A2->ZN R     aoi322d1       1  3.9   384   153    8356    (-,-) 
  u_rls/g102279/ZN                                -       B->ZN  F     oai211d1       1  3.5   196   167    8523    (-,-) 
  u_rls/g101420/ZN                                -       A2->ZN R     nd03d1         2  7.1   236   150    8673    (-,-) 
  u_rls/g101419/ZN                                -       A1->ZN F     nd02d1         1  2.7   104    85    8758    (-,-) 
  u_rls/g99326/ZN                                 -       A1->ZN F     nd12d1         1  7.3   120   178    8936    (-,-) 
  u_rls/g99320/ZN                                 -       A2->ZN R     nd02d2         4 18.8   194   129    9065    (-,-) 
  u_rls/g98842/ZN                                 -       I->ZN  F     inv0d2         3 18.6    82    70    9135    (-,-) 
  u_rls/g98844/ZN                                 -       A2->ZN R     nd02d2         1 20.5   205   125    9260    (-,-) 
  u_rls/g98843/ZN                                 -       I->ZN  F     invbd4        15 46.7   112    97    9357    (-,-) 
  u_rls/g13004/ZN                                 -       A1->ZN R     nd02d1         1  7.7   186   113    9470    (-,-) 
  u_rls/g12758__4319/ZN                           -       A2->ZN F     nd12d2         8 29.6   184   125    9595    (-,-) 
  u_rls/g11962__2398/Z                            -       A2->Z  F     aor22d1        1  2.0    81   219    9814    (-,-) 
  u_rls/w_reg[7][9]/D                             -       -      F     dfcrb1         1    -     -     0    9814    (-,-) 
#-------------------------------------------------------------------------------------------------------------------------



Path 3: MET (0 ps) Setup Check with Pin u_rls/w_reg[7][1]/CP->D
          Group: aquila_clk
     Startpoint: (R) u_rls/update_idx_reg[1]/CP
          Clock: (R) aquila_clk
       Endpoint: (F) u_rls/w_reg[7][1]/D
          Clock: (R) aquila_clk

                     Capture       Launch     
        Clock Edge:+   10000            0     
       Src Latency:+       0            0     
       Net Latency:+       0 (I)        0 (I) 
           Arrival:=   10000            0     
                                              
             Setup:-     186                  
     Required Time:=    9814                  
      Launch Clock:-       0                  
         Data Path:-    9814                  
             Slack:=       0                  

#-------------------------------------------------------------------------------------------------------------------------
#                  Timing Point                   Flags    Arc   Edge   Cell     Fanout Load Trans Delay Arrival Instance 
#                                                                                       (fF)  (ps)  (ps)   (ps)  Location 
#-------------------------------------------------------------------------------------------------------------------------
  u_rls/update_idx_reg[1]/CP                      -       -      R     (arrival)    635    -     0     0       0    (-,-) 
  u_rls/update_idx_reg[1]/Q                       -       CP->Q  R     dfcrq4         7 31.1   148   520     520    (-,-) 
  u_rls/g7970/ZN                                  -       I->ZN  F     invbd2         5 26.1   117    95     615    (-,-) 
  u_rls/g7897__102483/ZN                          -       A1->ZN R     nd02d2         1  8.0   124    83     698    (-,-) 
  u_rls/g7888/ZN                                  -       I->ZN  F     inv0d2         2 14.6    60    53     751    (-,-) 
  u_rls/g7862__3680/ZN                            -       A2->ZN R     nd12d2         1 25.9   208   114     865    (-,-) 
  u_rls/g7843/ZN                                  -       I->ZN  F     inv0d7        24 86.4   103    87     952    (-,-) 
  u_rls/g105534/ZN                                -       B2->ZN F     oaim21d1       1  3.8    90   186    1138    (-,-) 
  u_rls/g103661/ZN                                -       A->ZN  R     aoi221d1       1  6.9   455   158    1296    (-,-) 
  u_rls/g7338__5115/ZN                            -       A1->ZN F     nd02d2         1  9.0   155   110    1407    (-,-) 
  u_rls/MULT_TC_OP_5_g11494/ZN                    -       I->ZN  R     invbd2         4 23.1   113    91    1498    (-,-) 
  u_rls/MULT_TC_OP_5_g11492/ZN                    -       I->ZN  F     inv0d2         3 13.2    54    50    1548    (-,-) 
  u_rls/g97939/ZN                                 -       A1->ZN R     nd02d2         1  6.9   117    66    1614    (-,-) 
  u_rls/g97938/ZN                                 -       A1->ZN F     nd02d2         1 23.8   170   109    1723    (-,-) 
  u_rls/MULT_TC_OP_5_g10968/ZN                    -       I->ZN  R     inv0d7        14 68.2   138   105    1828    (-,-) 
  u_rls/MULT_TC_OP_5_g10967/ZN                    -       I->ZN  F     inv0d4         5 19.0    53    47    1875    (-,-) 
  u_rls/MULT_TC_OP_5_g11652/Z                     -       A2->Z  F     an02d0         1  2.7    85   188    2063    (-,-) 
  u_rls/MULT_TC_OP_5_g10593/ZN                    -       A1->ZN F     nd12d1         2  6.8   115   172    2235    (-,-) 
  u_rls/MULT_TC_OP_5_g10515/ZN                    -       I->ZN  R     inv0d1         2 10.6   170   114    2349    (-,-) 
  u_rls/MULT_TC_OP_5_g10157/ZN                    -       A1->ZN R     nd12d1         1  7.7   160   179    2528    (-,-) 
  u_rls/MULT_TC_OP_5_g10146/ZN                    -       A2->ZN F     nd12d2         2 12.7   109    84    2612    (-,-) 
  u_rls/MULT_TC_OP_5_g9942/ZN                     -       I->ZN  R     invbd2         3 15.3    81    68    2680    (-,-) 
  u_rls/MULT_TC_OP_5_g9912/ZN                     -       A2->ZN F     nd12d2         2  7.2    84    57    2737    (-,-) 
  u_rls/MULT_TC_OP_5_g9860/ZN                     -       A2->ZN R     nd02d1         1  3.9   132    93    2830    (-,-) 
  u_rls/MULT_TC_OP_5_g9729/ZN                     -       A2->ZN F     nd12d1         1  6.4   112    82    2912    (-,-) 
  u_rls/MULT_TC_OP_5_g9704/ZN                     -       A1->ZN R     nd02d2         2 11.9   149    94    3006    (-,-) 
  u_rls/MULT_TC_OP_5_g9615/ZN                     -       I->ZN  F     inv0d2         3 11.1    59    52    3058    (-,-) 
  u_rls/MULT_TC_OP_5_g9584/ZN                     -       A2->ZN R     nd12d1         1  7.7   160    87    3145    (-,-) 
  u_rls/MULT_TC_OP_5_g9552/ZN                     -       A2->ZN F     nd02d2         2  7.4    90    78    3223    (-,-) 
  u_rls/MULT_TC_OP_5_g9489/ZN                     -       I->ZN  R     inv0d1         1  3.9    88    71    3294    (-,-) 
  u_rls/MULT_TC_OP_5_g9467/ZN                     -       A2->ZN F     nd12d1         1  7.3   120    78    3371    (-,-) 
  u_rls/MULT_TC_OP_5_g9452/ZN                     -       A2->ZN R     nd02d2         3 10.3   138   103    3474    (-,-) 
  u_rls/MULT_TC_OP_5_g11693/ZN                    -       A1->ZN R     nd12d1         1  6.9   151   168    3642    (-,-) 
  u_rls/MULT_TC_OP_5_g9353/ZN                     -       A1->ZN F     nd02d2         2  5.7    82    68    3710    (-,-) 
  u_rls/MULT_TC_OP_5_g11685/Z                     -       A2->Z  F     or02d1         3 11.8   161   341    4051    (-,-) 
  u_rls/MULT_TC_OP_5_g9253/ZN                     -       A1->ZN R     nd02d2         2  7.1   117    90    4141    (-,-) 
  u_rls/g103580/ZN                                -       A1->ZN R     nd12d2         1  8.0   111   143    4284    (-,-) 
  u_rls/g99800/ZN                                 -       I->ZN  F     inv0d2         2 11.2    50    47    4332    (-,-) 
  u_rls/g102521/ZN                                -       A2->ZN R     nd02d1         2  5.7   158    97    4429    (-,-) 
  u_rls/fopt96092/Z                               -       I->Z   R     buffd1         1  6.9   121   152    4581    (-,-) 
  u_rls/g97255/ZN                                 -       A1->ZN F     nd02d2         4  9.8    98    74    4655    (-,-) 
  u_rls/g97833/ZN                                 -       A1->ZN R     nd02d1         2  7.1   178   106    4762    (-,-) 
  u_rls/g210/ZN                                   -       A1->ZN F     nd02d1         1  2.4   126    76    4837    (-,-) 
  u_rls/g101027/ZN                                -       B1->ZN F     oaim21d1       3 15.0   196   242    5079    (-,-) 
  u_rls/g97830/Z                                  -       I->Z   F     buffd2        19 56.6   247   261    5340    (-,-) 
  u_rls/g97829/ZN                                 -       I->ZN  R     inv0d0         1  3.8   271   199    5539    (-,-) 
  u_rls/g14/ZN                                    -       I->ZN  F     inv0d1         6 21.4   158   124    5663    (-,-) 
  u_rls/csa_tree_SUB_TC_OP56_pad_groupi_g14184/ZN -       A1->ZN R     oaim22d1       2  7.4   347   192    5855    (-,-) 
  u_rls/csa_tree_SUB_TC_OP56_pad_groupi_g13794/ZN -       A1->ZN F     aoi22d1        3  7.7   288   127    5982    (-,-) 
  u_rls/csa_tree_SUB_TC_OP56_pad_groupi_g13747/ZN -       I->ZN  R     inv0d0         1  6.0   388   262    6244    (-,-) 
  u_rls/g104245/CO                                -       A->CO  R     cg01d0         2 12.1   402   372    6616    (-,-) 
  u_rls/g104224/CO                                -       A->CO  R     cg01d0         2  8.8   309   331    6946    (-,-) 
  u_rls/g104215/Z                                 -       A1->Z  F     xr02d1         3 13.5   186   443    7390    (-,-) 
  u_rls/g102287/Z                                 -       B1->Z  F     aoim22d1       2  6.4   132   266    7655    (-,-) 
  u_rls/g102286/ZN                                -       B1->ZN F     oaim22d1       2  7.9   171   205    7860    (-,-) 
  u_rls/g102283/ZN                                -       B1->ZN R     oai21d1        2  4.4   364   236    8097    (-,-) 
  u_rls/g102282/ZN                                -       I->ZN  F     inv0d0         1  3.7   157   107    8204    (-,-) 
  u_rls/g102280/ZN                                -       A2->ZN R     aoi322d1       1  3.9   384   153    8356    (-,-) 
  u_rls/g102279/ZN                                -       B->ZN  F     oai211d1       1  3.5   196   167    8523    (-,-) 
  u_rls/g101420/ZN                                -       A2->ZN R     nd03d1         2  7.1   236   150    8673    (-,-) 
  u_rls/g101419/ZN                                -       A1->ZN F     nd02d1         1  2.7   104    85    8758    (-,-) 
  u_rls/g99326/ZN                                 -       A1->ZN F     nd12d1         1  7.3   120   178    8936    (-,-) 
  u_rls/g99320/ZN                                 -       A2->ZN R     nd02d2         4 18.8   194   129    9065    (-,-) 
  u_rls/g98842/ZN                                 -       I->ZN  F     inv0d2         3 18.6    82    70    9135    (-,-) 
  u_rls/g98844/ZN                                 -       A2->ZN R     nd02d2         1 20.5   205   125    9260    (-,-) 
  u_rls/g98843/ZN                                 -       I->ZN  F     invbd4        15 46.7   112    97    9357    (-,-) 
  u_rls/g13006/ZN                                 -       A1->ZN R     nd02d1         1  7.7   186   113    9470    (-,-) 
  u_rls/g12757__6260/ZN                           -       A2->ZN F     nd12d2         8 29.6   184   125    9595    (-,-) 
  u_rls/g11982__9315/Z                            -       A2->Z  F     aor22d1        1  2.0    81   219    9814    (-,-) 
  u_rls/w_reg[7][1]/D                             -       -      F     dfcrb1         1    -     -     0    9814    (-,-) 
#-------------------------------------------------------------------------------------------------------------------------



Path 4: MET (0 ps) Setup Check with Pin u_rls/w_reg[7][11]/CP->D
          Group: aquila_clk
     Startpoint: (R) u_rls/update_idx_reg[1]/CP
          Clock: (R) aquila_clk
       Endpoint: (F) u_rls/w_reg[7][11]/D
          Clock: (R) aquila_clk

                     Capture       Launch     
        Clock Edge:+   10000            0     
       Src Latency:+       0            0     
       Net Latency:+       0 (I)        0 (I) 
           Arrival:=   10000            0     
                                              
             Setup:-     186                  
     Required Time:=    9814                  
      Launch Clock:-       0                  
         Data Path:-    9814                  
             Slack:=       0                  

#-------------------------------------------------------------------------------------------------------------------------
#                  Timing Point                   Flags    Arc   Edge   Cell     Fanout Load Trans Delay Arrival Instance 
#                                                                                       (fF)  (ps)  (ps)   (ps)  Location 
#-------------------------------------------------------------------------------------------------------------------------
  u_rls/update_idx_reg[1]/CP                      -       -      R     (arrival)    635    -     0     0       0    (-,-) 
  u_rls/update_idx_reg[1]/Q                       -       CP->Q  R     dfcrq4         7 31.1   148   520     520    (-,-) 
  u_rls/g7970/ZN                                  -       I->ZN  F     invbd2         5 26.1   117    95     615    (-,-) 
  u_rls/g7897__102483/ZN                          -       A1->ZN R     nd02d2         1  8.0   124    83     698    (-,-) 
  u_rls/g7888/ZN                                  -       I->ZN  F     inv0d2         2 14.6    60    53     751    (-,-) 
  u_rls/g7862__3680/ZN                            -       A2->ZN R     nd12d2         1 25.9   208   114     865    (-,-) 
  u_rls/g7843/ZN                                  -       I->ZN  F     inv0d7        24 86.4   103    87     952    (-,-) 
  u_rls/g105534/ZN                                -       B2->ZN F     oaim21d1       1  3.8    90   186    1138    (-,-) 
  u_rls/g103661/ZN                                -       A->ZN  R     aoi221d1       1  6.9   455   158    1296    (-,-) 
  u_rls/g7338__5115/ZN                            -       A1->ZN F     nd02d2         1  9.0   155   110    1407    (-,-) 
  u_rls/MULT_TC_OP_5_g11494/ZN                    -       I->ZN  R     invbd2         4 23.1   113    91    1498    (-,-) 
  u_rls/MULT_TC_OP_5_g11492/ZN                    -       I->ZN  F     inv0d2         3 13.2    54    50    1548    (-,-) 
  u_rls/g97939/ZN                                 -       A1->ZN R     nd02d2         1  6.9   117    66    1614    (-,-) 
  u_rls/g97938/ZN                                 -       A1->ZN F     nd02d2         1 23.8   170   109    1723    (-,-) 
  u_rls/MULT_TC_OP_5_g10968/ZN                    -       I->ZN  R     inv0d7        14 68.2   138   105    1828    (-,-) 
  u_rls/MULT_TC_OP_5_g10967/ZN                    -       I->ZN  F     inv0d4         5 19.0    53    47    1875    (-,-) 
  u_rls/MULT_TC_OP_5_g11652/Z                     -       A2->Z  F     an02d0         1  2.7    85   188    2063    (-,-) 
  u_rls/MULT_TC_OP_5_g10593/ZN                    -       A1->ZN F     nd12d1         2  6.8   115   172    2235    (-,-) 
  u_rls/MULT_TC_OP_5_g10515/ZN                    -       I->ZN  R     inv0d1         2 10.6   170   114    2349    (-,-) 
  u_rls/MULT_TC_OP_5_g10157/ZN                    -       A1->ZN R     nd12d1         1  7.7   160   179    2528    (-,-) 
  u_rls/MULT_TC_OP_5_g10146/ZN                    -       A2->ZN F     nd12d2         2 12.7   109    84    2612    (-,-) 
  u_rls/MULT_TC_OP_5_g9942/ZN                     -       I->ZN  R     invbd2         3 15.3    81    68    2680    (-,-) 
  u_rls/MULT_TC_OP_5_g9912/ZN                     -       A2->ZN F     nd12d2         2  7.2    84    57    2737    (-,-) 
  u_rls/MULT_TC_OP_5_g9860/ZN                     -       A2->ZN R     nd02d1         1  3.9   132    93    2830    (-,-) 
  u_rls/MULT_TC_OP_5_g9729/ZN                     -       A2->ZN F     nd12d1         1  6.4   112    82    2912    (-,-) 
  u_rls/MULT_TC_OP_5_g9704/ZN                     -       A1->ZN R     nd02d2         2 11.9   149    94    3006    (-,-) 
  u_rls/MULT_TC_OP_5_g9615/ZN                     -       I->ZN  F     inv0d2         3 11.1    59    52    3058    (-,-) 
  u_rls/MULT_TC_OP_5_g9584/ZN                     -       A2->ZN R     nd12d1         1  7.7   160    87    3145    (-,-) 
  u_rls/MULT_TC_OP_5_g9552/ZN                     -       A2->ZN F     nd02d2         2  7.4    90    78    3223    (-,-) 
  u_rls/MULT_TC_OP_5_g9489/ZN                     -       I->ZN  R     inv0d1         1  3.9    88    71    3294    (-,-) 
  u_rls/MULT_TC_OP_5_g9467/ZN                     -       A2->ZN F     nd12d1         1  7.3   120    78    3371    (-,-) 
  u_rls/MULT_TC_OP_5_g9452/ZN                     -       A2->ZN R     nd02d2         3 10.3   138   103    3474    (-,-) 
  u_rls/MULT_TC_OP_5_g11693/ZN                    -       A1->ZN R     nd12d1         1  6.9   151   168    3642    (-,-) 
  u_rls/MULT_TC_OP_5_g9353/ZN                     -       A1->ZN F     nd02d2         2  5.7    82    68    3710    (-,-) 
  u_rls/MULT_TC_OP_5_g11685/Z                     -       A2->Z  F     or02d1         3 11.8   161   341    4051    (-,-) 
  u_rls/MULT_TC_OP_5_g9253/ZN                     -       A1->ZN R     nd02d2         2  7.1   117    90    4141    (-,-) 
  u_rls/g103580/ZN                                -       A1->ZN R     nd12d2         1  8.0   111   143    4284    (-,-) 
  u_rls/g99800/ZN                                 -       I->ZN  F     inv0d2         2 11.2    50    47    4332    (-,-) 
  u_rls/g102521/ZN                                -       A2->ZN R     nd02d1         2  5.7   158    97    4429    (-,-) 
  u_rls/fopt96092/Z                               -       I->Z   R     buffd1         1  6.9   121   152    4581    (-,-) 
  u_rls/g97255/ZN                                 -       A1->ZN F     nd02d2         4  9.8    98    74    4655    (-,-) 
  u_rls/g97833/ZN                                 -       A1->ZN R     nd02d1         2  7.1   178   106    4762    (-,-) 
  u_rls/g210/ZN                                   -       A1->ZN F     nd02d1         1  2.4   126    76    4837    (-,-) 
  u_rls/g101027/ZN                                -       B1->ZN F     oaim21d1       3 15.0   196   242    5079    (-,-) 
  u_rls/g97830/Z                                  -       I->Z   F     buffd2        19 56.6   247   261    5340    (-,-) 
  u_rls/g97829/ZN                                 -       I->ZN  R     inv0d0         1  3.8   271   199    5539    (-,-) 
  u_rls/g14/ZN                                    -       I->ZN  F     inv0d1         6 21.4   158   124    5663    (-,-) 
  u_rls/csa_tree_SUB_TC_OP56_pad_groupi_g14184/ZN -       A1->ZN R     oaim22d1       2  7.4   347   192    5855    (-,-) 
  u_rls/csa_tree_SUB_TC_OP56_pad_groupi_g13794/ZN -       A1->ZN F     aoi22d1        3  7.7   288   127    5982    (-,-) 
  u_rls/csa_tree_SUB_TC_OP56_pad_groupi_g13747/ZN -       I->ZN  R     inv0d0         1  6.0   388   262    6244    (-,-) 
  u_rls/g104245/CO                                -       A->CO  R     cg01d0         2 12.1   402   372    6616    (-,-) 
  u_rls/g104224/CO                                -       A->CO  R     cg01d0         2  8.8   309   331    6946    (-,-) 
  u_rls/g104215/Z                                 -       A1->Z  F     xr02d1         3 13.5   186   443    7390    (-,-) 
  u_rls/g102287/Z                                 -       B1->Z  F     aoim22d1       2  6.4   132   266    7655    (-,-) 
  u_rls/g102286/ZN                                -       B1->ZN F     oaim22d1       2  7.9   171   205    7860    (-,-) 
  u_rls/g102283/ZN                                -       B1->ZN R     oai21d1        2  4.4   364   236    8097    (-,-) 
  u_rls/g102282/ZN                                -       I->ZN  F     inv0d0         1  3.7   157   107    8204    (-,-) 
  u_rls/g102280/ZN                                -       A2->ZN R     aoi322d1       1  3.9   384   153    8356    (-,-) 
  u_rls/g102279/ZN                                -       B->ZN  F     oai211d1       1  3.5   196   167    8523    (-,-) 
  u_rls/g101420/ZN                                -       A2->ZN R     nd03d1         2  7.1   236   150    8673    (-,-) 
  u_rls/g101419/ZN                                -       A1->ZN F     nd02d1         1  2.7   104    85    8758    (-,-) 
  u_rls/g99326/ZN                                 -       A1->ZN F     nd12d1         1  7.3   120   178    8936    (-,-) 
  u_rls/g99320/ZN                                 -       A2->ZN R     nd02d2         4 18.8   194   129    9065    (-,-) 
  u_rls/g98842/ZN                                 -       I->ZN  F     inv0d2         3 18.6    82    70    9135    (-,-) 
  u_rls/g98844/ZN                                 -       A2->ZN R     nd02d2         1 20.5   205   125    9260    (-,-) 
  u_rls/g98843/ZN                                 -       I->ZN  F     invbd4        15 46.7   112    97    9357    (-,-) 
  u_rls/g13003/ZN                                 -       A1->ZN R     nd02d1         1  7.7   186   113    9470    (-,-) 
  u_rls/g12760__5526/ZN                           -       A2->ZN F     nd12d2         8 29.6   184   125    9595    (-,-) 
  u_rls/g11960__6417/Z                            -       A2->Z  F     aor22d1        1  2.0    81   219    9814    (-,-) 
  u_rls/w_reg[7][11]/D                            -       -      F     dfcrb1         1    -     -     0    9814    (-,-) 
#-------------------------------------------------------------------------------------------------------------------------



Path 5: MET (0 ps) Setup Check with Pin u_rls/w_reg[7][14]/CP->D
          Group: aquila_clk
     Startpoint: (R) u_rls/update_idx_reg[2]/CP
          Clock: (R) aquila_clk
       Endpoint: (F) u_rls/w_reg[7][14]/D
          Clock: (R) aquila_clk

                     Capture       Launch     
        Clock Edge:+   10000            0     
       Src Latency:+       0            0     
       Net Latency:+       0 (I)        0 (I) 
           Arrival:=   10000            0     
                                              
             Setup:-     186                  
     Required Time:=    9814                  
      Launch Clock:-       0                  
         Data Path:-    9814                  
             Slack:=       0                  

#--------------------------------------------------------------------------------------------------------------------------
#                  Timing Point                   Flags    Arc   Edge   Cell     Fanout  Load Trans Delay Arrival Instance 
#                                                                                        (fF)  (ps)  (ps)   (ps)  Location 
#--------------------------------------------------------------------------------------------------------------------------
  u_rls/update_idx_reg[2]/CP                      -       -      R     (arrival)    635     -     0     0       0    (-,-) 
  u_rls/update_idx_reg[2]/Q                       -       CP->Q  R     dfcrq4         9  44.0   171   537     537    (-,-) 
  u_rls/g8049/ZN                                  -       I->ZN  F     inv0d2         2  10.6    63    54     591    (-,-) 
  u_rls/g7895__6783/ZN                            -       A2->ZN R     nd02d1         1   3.8   130    88     679    (-,-) 
  u_rls/g7885/ZN                                  -       I->ZN  F     inv0d1         1   7.3    68    60     738    (-,-) 
  u_rls/g7855__2398/ZN                            -       A2->ZN R     nd12d2         1  25.9   208   116     854    (-,-) 
  u_rls/g7794/ZN                                  -       I->ZN  F     inv0d7        32 107.2   115    97     951    (-,-) 
  u_rls/g103725/ZN                                -       B2->ZN F     oaim21d1       1   3.9    91   189    1140    (-,-) 
  u_rls/g7400__9945/ZN                            -       A1->ZN R     nr02d1         1   7.7   249   170    1310    (-,-) 
  u_rls/g7344__2883/ZN                            -       A2->ZN F     nd02d2         4  18.3   154   118    1428    (-,-) 
  u_rls/MULT_TC_OP_5_g11343/ZN                    -       I->ZN  R     inv0d2         3  12.5   106    92    1520    (-,-) 
  u_rls/MULT_TC_OP_5_g11208/ZN                    -       A2->ZN F     nd12d1         1   6.4   112    77    1597    (-,-) 
  u_rls/MULT_TC_OP_5_g11083/ZN                    -       A1->ZN R     nd02d2         1   8.0   124    82    1679    (-,-) 
  u_rls/MULT_TC_OP_5_g11003/ZN                    -       I->ZN  F     inv0d2         4  17.8    66    57    1736    (-,-) 
  u_rls/MULT_TC_OP_5_g11002/ZN                    -       I->ZN  R     inv0d2         4  23.2   163    99    1835    (-,-) 
  u_rls/MULT_TC_OP_5_g11000/ZN                    -       I->ZN  F     invbd2        13  48.6   193   134    1968    (-,-) 
  u_rls/MULT_TC_OP_5_g10900/ZN                    -       A2->ZN R     nr02d1         1   2.9   158   116    2084    (-,-) 
  u_rls/MULT_TC_OP_5_g10619/ZN                    -       A1->ZN R     nd12d1         3  10.4   191   190    2274    (-,-) 
  u_rls/MULT_TC_OP_5_g10543/ZN                    -       I->ZN  F     inv0d1         2   7.3    82    69    2344    (-,-) 
  u_rls/g103834/ZN                                -       C2->ZN R     aon211d1       2   7.6   400   271    2614    (-,-) 
  u_rls/MULT_TC_OP_5_g9928/ZN                     -       I->ZN  F     inv0d1         2   6.8   124    86    2701    (-,-) 
  u_rls/g103792/Z                                 -       B2->Z  F     aor22d1        2   7.4   109   275    2976    (-,-) 
  u_rls/MULT_TC_OP_5_g9753/ZN                     -       I->ZN  R     inv0d1         1   3.9    90    75    3051    (-,-) 
  u_rls/MULT_TC_OP_5_g9736/ZN                     -       A2->ZN F     nd12d1         1   3.3    84    60    3110    (-,-) 
  u_rls/MULT_TC_OP_5_g9707/ZN                     -       A2->ZN R     nd02d1         3   9.6   214   130    3241    (-,-) 
  u_rls/MULT_TC_OP_5_g9608/ZN                     -       I->ZN  F     inv0d1         2  11.1   100    85    3325    (-,-) 
  u_rls/MULT_TC_OP_5_g9468/ZN                     -       A1->ZN F     nd12d1         2   6.2   110   172    3498    (-,-) 
  u_rls/MULT_TC_OP_5_g9445/ZN                     -       A2->ZN R     nd02d1         1   3.9   132    99    3596    (-,-) 
  u_rls/MULT_TC_OP_5_g9406/ZN                     -       A2->ZN F     nd12d1         2  11.0   154   102    3698    (-,-) 
  u_rls/MULT_TC_OP_5_g9344/ZN                     -       A2->ZN R     nd03d2         2  10.7   155   113    3811    (-,-) 
  u_rls/MULT_TC_OP_5_g9293/ZN                     -       A1->ZN F     nd02d2         2  11.5   109    85    3897    (-,-) 
  u_rls/MULT_TC_OP_5_g9287/ZN                     -       I->ZN  R     inv0d2         2  12.0    99    79    3976    (-,-) 
  u_rls/MULT_TC_OP_5_g9249/ZN                     -       A3->ZN F     nd03d2         1   7.3   133    85    4061    (-,-) 
  u_rls/MULT_TC_OP_5_g11687/ZN                    -       A2->ZN R     nd02d2         1   8.0   123    99    4160    (-,-) 
  u_rls/MULT_TC_OP_5_g9240/ZN                     -       I->ZN  F     inv0d2         1   6.1    42    39    4199    (-,-) 
  u_rls/MULT_TC_OP_5_g9230/ZN                     -       A3->ZN R     nd03d2         5  19.7   202    95    4294    (-,-) 
  u_rls/g97660/ZN                                 -       A3->ZN F     nd03d2         1   7.8   140   103    4397    (-,-) 
  u_rls/g97659/ZN                                 -       I->ZN  R     inv0d2         2  15.7   123    96    4494    (-,-) 
  u_rls/g97606/ZN                                 -       A2->ZN F     nd12d2         1   6.1    80    61    4555    (-,-) 
  u_rls/g98358/ZN                                 -       A3->ZN R     nd03d2         1  25.9   233   118    4673    (-,-) 
  u_rls/g98357/ZN                                 -       I->ZN  F     inv0d7        18  89.0   110    91    4764    (-,-) 
  u_rls/csa_tree_ADD_TC_OP53_pad_groupi_g13611/ZN -       I->ZN  R     inv0da        24  93.4   132    92    4856    (-,-) 
  u_rls/csa_tree_ADD_TC_OP53_pad_groupi_g13529/ZN -       A2->ZN F     nd12d1         1   3.1    99    66    4922    (-,-) 
  u_rls/g96652/ZN                                 -       A1->ZN R     nd02d1         2   7.8   188   111    5033    (-,-) 
  u_rls/g96650/ZN                                 -       A2->ZN F     nd12d1         2   9.6   149   107    5140    (-,-) 
  u_rls/g96374/ZN                                 -       A1->ZN R     nd02d2         3  18.0   189   121    5260    (-,-) 
  u_rls/fopt67/ZN                                 -       I->ZN  F     invbd2         6  21.3   109    95    5355    (-,-) 
  u_rls/g98503/ZN                                 -       A2->ZN R     nd02d1         3  15.3   295   173    5528    (-,-) 
  u_rls/g99204/ZN                                 -       A2->ZN F     nd02d2         5  16.2   148   117    5645    (-,-) 
  u_rls/csa_tree_ADD_TC_OP53_pad_groupi_g12858/ZN -       A2->ZN R     nd12d1         1   6.9   152   103    5748    (-,-) 
  u_rls/g99200/ZN                                 -       A1->ZN F     nd02d2         6  27.7   197   125    5873    (-,-) 
  u_rls/csa_tree_ADD_TC_OP53_pad_groupi_g12770/ZN -       I->ZN  R     inv0d2         3  11.8   107   100    5973    (-,-) 
  u_rls/csa_tree_ADD_TC_OP53_pad_groupi_g12762/ZN -       A2->ZN F     nd12d1         2   7.4   121    81    6055    (-,-) 
  u_rls/g96059/ZN                                 -       A2->ZN R     nd12d1         1   3.9   119    80    6135    (-,-) 
  u_rls/g96056/ZN                                 -       A2->ZN F     nd12d1         4  12.3   165   105    6240    (-,-) 
  u_rls/csa_tree_ADD_TC_OP53_pad_groupi_g12608/ZN -       I->ZN  R     inv0d1         4  14.1   213   145    6385    (-,-) 
  u_rls/g96054/ZN                                 -       A1->ZN F     nd02d1         1   3.2   128    86    6471    (-,-) 
  u_rls/g105659/ZN                                -       A->ZN  R     oaim21d1       1   7.0   217   124    6595    (-,-) 
  u_rls/g103484/ZN                                -       A2->ZN F     xn02d1         2   5.8   119   408    7004    (-,-) 
  u_rls/g96078/ZN                                 -       I->ZN  R     inv0d1         2   6.6   122    92    7096    (-,-) 
  u_rls/g103978/CO                                -       CI->CO R     cg01d1         2  11.9   210   260    7356    (-,-) 
  u_rls/csa_tree_ADD_TC_OP53_pad_groupi_g12322/Z  -       A2->Z  F     xr03d1         2   8.5   132   475    7831    (-,-) 
  u_rls/csa_tree_ADD_TC_OP53_pad_groupi_g12238/Z  -       A2->Z  F     xr03d1         2   7.0   124   470    8301    (-,-) 
  u_rls/csa_tree_ADD_TC_OP53_pad_groupi_g12199/ZN -       A1->ZN R     nr02d1         4  12.2   340   218    8518    (-,-) 
  u_rls/csa_tree_ADD_TC_OP53_pad_groupi_g12180/ZN -       A1->ZN F     nr02d1         2   6.4   125   113    8631    (-,-) 
  u_rls/csa_tree_ADD_TC_OP53_pad_groupi_g12154/ZN -       A1->ZN R     nd02d1         4  13.1   264   151    8783    (-,-) 
  u_rls/g101602/ZN                                -       A2->ZN F     nr02d1         2   7.0   125    89    8872    (-,-) 
  u_rls/g101603/ZN                                -       A1->ZN R     aoi22d1        1   8.9   312   166    9037    (-,-) 
  u_rls/g101600/ZN                                -       A2->ZN F     nd03d2         2   6.4   149   121    9158    (-,-) 
  u_rls/csa_tree_ADD_TC_OP53_pad_groupi_g12094/ZN -       B1->ZN F     oaim22d1       1   3.3   107   189    9347    (-,-) 
  u_rls/g13011/ZN                                 -       A2->ZN R     nd02d1         1   7.7   186   123    9470    (-,-) 
  u_rls/g12751__1666/ZN                           -       A2->ZN F     nd12d2         8  29.6   184   125    9595    (-,-) 
  u_rls/g11957__2346/Z                            -       A2->Z  F     aor22d1        1   2.0    81   219    9814    (-,-) 
  u_rls/w_reg[7][14]/D                            -       -      F     dfcrb1         1     -     -     0    9814    (-,-) 
#--------------------------------------------------------------------------------------------------------------------------



Path 6: MET (0 ps) Setup Check with Pin u_rls/w_reg[7][12]/CP->D
          Group: aquila_clk
     Startpoint: (R) u_rls/update_idx_reg[1]/CP
          Clock: (R) aquila_clk
       Endpoint: (F) u_rls/w_reg[7][12]/D
          Clock: (R) aquila_clk

                     Capture       Launch     
        Clock Edge:+   10000            0     
       Src Latency:+       0            0     
       Net Latency:+       0 (I)        0 (I) 
           Arrival:=   10000            0     
                                              
             Setup:-     186                  
     Required Time:=    9814                  
      Launch Clock:-       0                  
         Data Path:-    9814                  
             Slack:=       0                  

#-------------------------------------------------------------------------------------------------------------------------
#                  Timing Point                   Flags    Arc   Edge   Cell     Fanout Load Trans Delay Arrival Instance 
#                                                                                       (fF)  (ps)  (ps)   (ps)  Location 
#-------------------------------------------------------------------------------------------------------------------------
  u_rls/update_idx_reg[1]/CP                      -       -      R     (arrival)    635    -     0     0       0    (-,-) 
  u_rls/update_idx_reg[1]/Q                       -       CP->Q  R     dfcrq4         7 31.1   148   520     520    (-,-) 
  u_rls/g7970/ZN                                  -       I->ZN  F     invbd2         5 26.1   117    95     615    (-,-) 
  u_rls/g7897__102483/ZN                          -       A1->ZN R     nd02d2         1  8.0   124    83     698    (-,-) 
  u_rls/g7888/ZN                                  -       I->ZN  F     inv0d2         2 14.6    60    53     751    (-,-) 
  u_rls/g7862__3680/ZN                            -       A2->ZN R     nd12d2         1 25.9   208   114     865    (-,-) 
  u_rls/g7843/ZN                                  -       I->ZN  F     inv0d7        24 86.4   103    87     952    (-,-) 
  u_rls/g105534/ZN                                -       B2->ZN F     oaim21d1       1  3.8    90   186    1138    (-,-) 
  u_rls/g103661/ZN                                -       A->ZN  R     aoi221d1       1  6.9   455   158    1296    (-,-) 
  u_rls/g7338__5115/ZN                            -       A1->ZN F     nd02d2         1  9.0   155   110    1407    (-,-) 
  u_rls/MULT_TC_OP_5_g11494/ZN                    -       I->ZN  R     invbd2         4 23.1   113    91    1498    (-,-) 
  u_rls/MULT_TC_OP_5_g11492/ZN                    -       I->ZN  F     inv0d2         3 13.2    54    50    1548    (-,-) 
  u_rls/g97939/ZN                                 -       A1->ZN R     nd02d2         1  6.9   117    66    1614    (-,-) 
  u_rls/g97938/ZN                                 -       A1->ZN F     nd02d2         1 23.8   170   109    1723    (-,-) 
  u_rls/MULT_TC_OP_5_g10968/ZN                    -       I->ZN  R     inv0d7        14 68.2   138   105    1828    (-,-) 
  u_rls/MULT_TC_OP_5_g10967/ZN                    -       I->ZN  F     inv0d4         5 19.0    53    47    1875    (-,-) 
  u_rls/MULT_TC_OP_5_g11652/Z                     -       A2->Z  F     an02d0         1  2.7    85   188    2063    (-,-) 
  u_rls/MULT_TC_OP_5_g10593/ZN                    -       A1->ZN F     nd12d1         2  6.8   115   172    2235    (-,-) 
  u_rls/MULT_TC_OP_5_g10515/ZN                    -       I->ZN  R     inv0d1         2 10.6   170   114    2349    (-,-) 
  u_rls/MULT_TC_OP_5_g10157/ZN                    -       A1->ZN R     nd12d1         1  7.7   160   179    2528    (-,-) 
  u_rls/MULT_TC_OP_5_g10146/ZN                    -       A2->ZN F     nd12d2         2 12.7   109    84    2612    (-,-) 
  u_rls/MULT_TC_OP_5_g9942/ZN                     -       I->ZN  R     invbd2         3 15.3    81    68    2680    (-,-) 
  u_rls/MULT_TC_OP_5_g9912/ZN                     -       A2->ZN F     nd12d2         2  7.2    84    57    2737    (-,-) 
  u_rls/MULT_TC_OP_5_g9860/ZN                     -       A2->ZN R     nd02d1         1  3.9   132    93    2830    (-,-) 
  u_rls/MULT_TC_OP_5_g9729/ZN                     -       A2->ZN F     nd12d1         1  6.4   112    82    2912    (-,-) 
  u_rls/MULT_TC_OP_5_g9704/ZN                     -       A1->ZN R     nd02d2         2 11.9   149    94    3006    (-,-) 
  u_rls/MULT_TC_OP_5_g9615/ZN                     -       I->ZN  F     inv0d2         3 11.1    59    52    3058    (-,-) 
  u_rls/MULT_TC_OP_5_g9584/ZN                     -       A2->ZN R     nd12d1         1  7.7   160    87    3145    (-,-) 
  u_rls/MULT_TC_OP_5_g9552/ZN                     -       A2->ZN F     nd02d2         2  7.4    90    78    3223    (-,-) 
  u_rls/MULT_TC_OP_5_g9489/ZN                     -       I->ZN  R     inv0d1         1  3.9    88    71    3294    (-,-) 
  u_rls/MULT_TC_OP_5_g9467/ZN                     -       A2->ZN F     nd12d1         1  7.3   120    78    3371    (-,-) 
  u_rls/MULT_TC_OP_5_g9452/ZN                     -       A2->ZN R     nd02d2         3 10.3   138   103    3474    (-,-) 
  u_rls/MULT_TC_OP_5_g11693/ZN                    -       A1->ZN R     nd12d1         1  6.9   151   168    3642    (-,-) 
  u_rls/MULT_TC_OP_5_g9353/ZN                     -       A1->ZN F     nd02d2         2  5.7    82    68    3710    (-,-) 
  u_rls/MULT_TC_OP_5_g11685/Z                     -       A2->Z  F     or02d1         3 11.8   161   341    4051    (-,-) 
  u_rls/MULT_TC_OP_5_g9253/ZN                     -       A1->ZN R     nd02d2         2  7.1   117    90    4141    (-,-) 
  u_rls/g103580/ZN                                -       A1->ZN R     nd12d2         1  8.0   111   143    4284    (-,-) 
  u_rls/g99800/ZN                                 -       I->ZN  F     inv0d2         2 11.2    50    47    4332    (-,-) 
  u_rls/g102521/ZN                                -       A2->ZN R     nd02d1         2  5.7   158    97    4429    (-,-) 
  u_rls/fopt96092/Z                               -       I->Z   R     buffd1         1  6.9   121   152    4581    (-,-) 
  u_rls/g97255/ZN                                 -       A1->ZN F     nd02d2         4  9.8    98    74    4655    (-,-) 
  u_rls/g97833/ZN                                 -       A1->ZN R     nd02d1         2  7.1   178   106    4762    (-,-) 
  u_rls/g210/ZN                                   -       A1->ZN F     nd02d1         1  2.4   126    76    4837    (-,-) 
  u_rls/g101027/ZN                                -       B1->ZN F     oaim21d1       3 15.0   196   242    5079    (-,-) 
  u_rls/g97830/Z                                  -       I->Z   F     buffd2        19 56.6   247   261    5340    (-,-) 
  u_rls/g97829/ZN                                 -       I->ZN  R     inv0d0         1  3.8   271   199    5539    (-,-) 
  u_rls/g14/ZN                                    -       I->ZN  F     inv0d1         6 21.4   158   124    5663    (-,-) 
  u_rls/csa_tree_SUB_TC_OP56_pad_groupi_g14184/ZN -       A1->ZN R     oaim22d1       2  7.4   347   192    5855    (-,-) 
  u_rls/csa_tree_SUB_TC_OP56_pad_groupi_g13794/ZN -       A1->ZN F     aoi22d1        3  7.7   288   127    5982    (-,-) 
  u_rls/csa_tree_SUB_TC_OP56_pad_groupi_g13747/ZN -       I->ZN  R     inv0d0         1  6.0   388   262    6244    (-,-) 
  u_rls/g104245/CO                                -       A->CO  R     cg01d0         2 12.1   402   372    6616    (-,-) 
  u_rls/g104224/CO                                -       A->CO  R     cg01d0         2  8.8   309   331    6946    (-,-) 
  u_rls/g104215/Z                                 -       A1->Z  F     xr02d1         3 13.5   186   443    7390    (-,-) 
  u_rls/g102287/Z                                 -       B1->Z  F     aoim22d1       2  6.4   132   266    7655    (-,-) 
  u_rls/g102286/ZN                                -       B1->ZN F     oaim22d1       2  7.9   171   205    7860    (-,-) 
  u_rls/g102283/ZN                                -       B1->ZN R     oai21d1        2  4.4   364   236    8097    (-,-) 
  u_rls/g102282/ZN                                -       I->ZN  F     inv0d0         1  3.7   157   107    8204    (-,-) 
  u_rls/g102280/ZN                                -       A2->ZN R     aoi322d1       1  3.9   384   153    8356    (-,-) 
  u_rls/g102279/ZN                                -       B->ZN  F     oai211d1       1  3.5   196   167    8523    (-,-) 
  u_rls/g101420/ZN                                -       A2->ZN R     nd03d1         2  7.1   236   150    8673    (-,-) 
  u_rls/g101419/ZN                                -       A1->ZN F     nd02d1         1  2.7   104    85    8758    (-,-) 
  u_rls/g99326/ZN                                 -       A1->ZN F     nd12d1         1  7.3   120   178    8936    (-,-) 
  u_rls/g99320/ZN                                 -       A2->ZN R     nd02d2         4 18.8   194   129    9065    (-,-) 
  u_rls/g98842/ZN                                 -       I->ZN  F     inv0d2         3 18.6    82    70    9135    (-,-) 
  u_rls/g98844/ZN                                 -       A2->ZN R     nd02d2         1 20.5   205   125    9260    (-,-) 
  u_rls/g98843/ZN                                 -       I->ZN  F     invbd4        15 46.7   112    97    9357    (-,-) 
  u_rls/g13005/ZN                                 -       A1->ZN R     nd02d1         1  7.7   186   113    9470    (-,-) 
  u_rls/g12762__3680/ZN                           -       A2->ZN F     nd12d2         8 29.6   184   125    9595    (-,-) 
  u_rls/g11959__7410/Z                            -       A2->Z  F     aor22d1        1  2.0    81   219    9814    (-,-) 
  u_rls/w_reg[7][12]/D                            -       -      F     dfcrb1         1    -     -     0    9814    (-,-) 
#-------------------------------------------------------------------------------------------------------------------------



Path 7: MET (0 ps) Setup Check with Pin u_rls/w_reg[7][5]/CP->D
          Group: aquila_clk
     Startpoint: (R) u_rls/update_idx_reg[1]/CP
          Clock: (R) aquila_clk
       Endpoint: (F) u_rls/w_reg[7][5]/D
          Clock: (R) aquila_clk

                     Capture       Launch     
        Clock Edge:+   10000            0     
       Src Latency:+       0            0     
       Net Latency:+       0 (I)        0 (I) 
           Arrival:=   10000            0     
                                              
             Setup:-     186                  
     Required Time:=    9814                  
      Launch Clock:-       0                  
         Data Path:-    9814                  
             Slack:=       0                  

#-------------------------------------------------------------------------------------------------------------------------
#                  Timing Point                   Flags    Arc   Edge   Cell     Fanout Load Trans Delay Arrival Instance 
#                                                                                       (fF)  (ps)  (ps)   (ps)  Location 
#-------------------------------------------------------------------------------------------------------------------------
  u_rls/update_idx_reg[1]/CP                      -       -      R     (arrival)    635    -     0     0       0    (-,-) 
  u_rls/update_idx_reg[1]/Q                       -       CP->Q  R     dfcrq4         7 31.1   148   520     520    (-,-) 
  u_rls/g7970/ZN                                  -       I->ZN  F     invbd2         5 26.1   117    95     615    (-,-) 
  u_rls/g7897__102483/ZN                          -       A1->ZN R     nd02d2         1  8.0   124    83     698    (-,-) 
  u_rls/g7888/ZN                                  -       I->ZN  F     inv0d2         2 14.6    60    53     751    (-,-) 
  u_rls/g7862__3680/ZN                            -       A2->ZN R     nd12d2         1 25.9   208   114     865    (-,-) 
  u_rls/g7843/ZN                                  -       I->ZN  F     inv0d7        24 86.4   103    87     952    (-,-) 
  u_rls/g105534/ZN                                -       B2->ZN F     oaim21d1       1  3.8    90   186    1138    (-,-) 
  u_rls/g103661/ZN                                -       A->ZN  R     aoi221d1       1  6.9   455   158    1296    (-,-) 
  u_rls/g7338__5115/ZN                            -       A1->ZN F     nd02d2         1  9.0   155   110    1407    (-,-) 
  u_rls/MULT_TC_OP_5_g11494/ZN                    -       I->ZN  R     invbd2         4 23.1   113    91    1498    (-,-) 
  u_rls/MULT_TC_OP_5_g11492/ZN                    -       I->ZN  F     inv0d2         3 13.2    54    50    1548    (-,-) 
  u_rls/g97939/ZN                                 -       A1->ZN R     nd02d2         1  6.9   117    66    1614    (-,-) 
  u_rls/g97938/ZN                                 -       A1->ZN F     nd02d2         1 23.8   170   109    1723    (-,-) 
  u_rls/MULT_TC_OP_5_g10968/ZN                    -       I->ZN  R     inv0d7        14 68.2   138   105    1828    (-,-) 
  u_rls/MULT_TC_OP_5_g10967/ZN                    -       I->ZN  F     inv0d4         5 19.0    53    47    1875    (-,-) 
  u_rls/MULT_TC_OP_5_g11652/Z                     -       A2->Z  F     an02d0         1  2.7    85   188    2063    (-,-) 
  u_rls/MULT_TC_OP_5_g10593/ZN                    -       A1->ZN F     nd12d1         2  6.8   115   172    2235    (-,-) 
  u_rls/MULT_TC_OP_5_g10515/ZN                    -       I->ZN  R     inv0d1         2 10.6   170   114    2349    (-,-) 
  u_rls/MULT_TC_OP_5_g10157/ZN                    -       A1->ZN R     nd12d1         1  7.7   160   179    2528    (-,-) 
  u_rls/MULT_TC_OP_5_g10146/ZN                    -       A2->ZN F     nd12d2         2 12.7   109    84    2612    (-,-) 
  u_rls/MULT_TC_OP_5_g9942/ZN                     -       I->ZN  R     invbd2         3 15.3    81    68    2680    (-,-) 
  u_rls/MULT_TC_OP_5_g9912/ZN                     -       A2->ZN F     nd12d2         2  7.2    84    57    2737    (-,-) 
  u_rls/MULT_TC_OP_5_g9860/ZN                     -       A2->ZN R     nd02d1         1  3.9   132    93    2830    (-,-) 
  u_rls/MULT_TC_OP_5_g9729/ZN                     -       A2->ZN F     nd12d1         1  6.4   112    82    2912    (-,-) 
  u_rls/MULT_TC_OP_5_g9704/ZN                     -       A1->ZN R     nd02d2         2 11.9   149    94    3006    (-,-) 
  u_rls/MULT_TC_OP_5_g9615/ZN                     -       I->ZN  F     inv0d2         3 11.1    59    52    3058    (-,-) 
  u_rls/MULT_TC_OP_5_g9584/ZN                     -       A2->ZN R     nd12d1         1  7.7   160    87    3145    (-,-) 
  u_rls/MULT_TC_OP_5_g9552/ZN                     -       A2->ZN F     nd02d2         2  7.4    90    78    3223    (-,-) 
  u_rls/MULT_TC_OP_5_g9489/ZN                     -       I->ZN  R     inv0d1         1  3.9    88    71    3294    (-,-) 
  u_rls/MULT_TC_OP_5_g9467/ZN                     -       A2->ZN F     nd12d1         1  7.3   120    78    3371    (-,-) 
  u_rls/MULT_TC_OP_5_g9452/ZN                     -       A2->ZN R     nd02d2         3 10.3   138   103    3474    (-,-) 
  u_rls/MULT_TC_OP_5_g11693/ZN                    -       A1->ZN R     nd12d1         1  6.9   151   168    3642    (-,-) 
  u_rls/MULT_TC_OP_5_g9353/ZN                     -       A1->ZN F     nd02d2         2  5.7    82    68    3710    (-,-) 
  u_rls/MULT_TC_OP_5_g11685/Z                     -       A2->Z  F     or02d1         3 11.8   161   341    4051    (-,-) 
  u_rls/MULT_TC_OP_5_g9253/ZN                     -       A1->ZN R     nd02d2         2  7.1   117    90    4141    (-,-) 
  u_rls/g103580/ZN                                -       A1->ZN R     nd12d2         1  8.0   111   143    4284    (-,-) 
  u_rls/g99800/ZN                                 -       I->ZN  F     inv0d2         2 11.2    50    47    4332    (-,-) 
  u_rls/g102521/ZN                                -       A2->ZN R     nd02d1         2  5.7   158    97    4429    (-,-) 
  u_rls/fopt96092/Z                               -       I->Z   R     buffd1         1  6.9   121   152    4581    (-,-) 
  u_rls/g97255/ZN                                 -       A1->ZN F     nd02d2         4  9.8    98    74    4655    (-,-) 
  u_rls/g97833/ZN                                 -       A1->ZN R     nd02d1         2  7.1   178   106    4762    (-,-) 
  u_rls/g210/ZN                                   -       A1->ZN F     nd02d1         1  2.4   126    76    4837    (-,-) 
  u_rls/g101027/ZN                                -       B1->ZN F     oaim21d1       3 15.0   196   242    5079    (-,-) 
  u_rls/g97830/Z                                  -       I->Z   F     buffd2        19 56.6   247   261    5340    (-,-) 
  u_rls/g97829/ZN                                 -       I->ZN  R     inv0d0         1  3.8   271   199    5539    (-,-) 
  u_rls/g14/ZN                                    -       I->ZN  F     inv0d1         6 21.4   158   124    5663    (-,-) 
  u_rls/csa_tree_SUB_TC_OP56_pad_groupi_g14184/ZN -       A1->ZN R     oaim22d1       2  7.4   347   192    5855    (-,-) 
  u_rls/csa_tree_SUB_TC_OP56_pad_groupi_g13794/ZN -       A1->ZN F     aoi22d1        3  7.7   288   127    5982    (-,-) 
  u_rls/csa_tree_SUB_TC_OP56_pad_groupi_g13747/ZN -       I->ZN  R     inv0d0         1  6.0   388   262    6244    (-,-) 
  u_rls/g104245/CO                                -       A->CO  R     cg01d0         2 12.1   402   372    6616    (-,-) 
  u_rls/g104224/CO                                -       A->CO  R     cg01d0         2  8.8   309   331    6946    (-,-) 
  u_rls/g104215/Z                                 -       A1->Z  F     xr02d1         3 13.5   186   443    7390    (-,-) 
  u_rls/g102287/Z                                 -       B1->Z  F     aoim22d1       2  6.4   132   266    7655    (-,-) 
  u_rls/g102286/ZN                                -       B1->ZN F     oaim22d1       2  7.9   171   205    7860    (-,-) 
  u_rls/g102283/ZN                                -       B1->ZN R     oai21d1        2  4.4   364   236    8097    (-,-) 
  u_rls/g102282/ZN                                -       I->ZN  F     inv0d0         1  3.7   157   107    8204    (-,-) 
  u_rls/g102280/ZN                                -       A2->ZN R     aoi322d1       1  3.9   384   153    8356    (-,-) 
  u_rls/g102279/ZN                                -       B->ZN  F     oai211d1       1  3.5   196   167    8523    (-,-) 
  u_rls/g101420/ZN                                -       A2->ZN R     nd03d1         2  7.1   236   150    8673    (-,-) 
  u_rls/g101419/ZN                                -       A1->ZN F     nd02d1         1  2.7   104    85    8758    (-,-) 
  u_rls/g99326/ZN                                 -       A1->ZN F     nd12d1         1  7.3   120   178    8936    (-,-) 
  u_rls/g99320/ZN                                 -       A2->ZN R     nd02d2         4 18.8   194   129    9065    (-,-) 
  u_rls/g98842/ZN                                 -       I->ZN  F     inv0d2         3 18.6    82    70    9135    (-,-) 
  u_rls/g98844/ZN                                 -       A2->ZN R     nd02d2         1 20.5   205   125    9260    (-,-) 
  u_rls/g98843/ZN                                 -       I->ZN  F     invbd4        15 46.7   112    97    9357    (-,-) 
  u_rls/g12999/ZN                                 -       A1->ZN R     nd02d1         1  7.7   186   113    9470    (-,-) 
  u_rls/g12754__5477/ZN                           -       A2->ZN F     nd12d2         8 29.6   184   125    9595    (-,-) 
  u_rls/g11979__7482/Z                            -       A2->Z  F     aor22d1        1  2.0    81   219    9814    (-,-) 
  u_rls/w_reg[7][5]/D                             -       -      F     dfcrb1         1    -     -     0    9814    (-,-) 
#-------------------------------------------------------------------------------------------------------------------------



Path 8: MET (0 ps) Setup Check with Pin u_rls/w_reg[7][13]/CP->D
          Group: aquila_clk
     Startpoint: (R) u_rls/update_idx_reg[1]/CP
          Clock: (R) aquila_clk
       Endpoint: (F) u_rls/w_reg[7][13]/D
          Clock: (R) aquila_clk

                     Capture       Launch     
        Clock Edge:+   10000            0     
       Src Latency:+       0            0     
       Net Latency:+       0 (I)        0 (I) 
           Arrival:=   10000            0     
                                              
             Setup:-     186                  
     Required Time:=    9814                  
      Launch Clock:-       0                  
         Data Path:-    9814                  
             Slack:=       0                  

#-------------------------------------------------------------------------------------------------------------------------
#                  Timing Point                   Flags    Arc   Edge   Cell     Fanout Load Trans Delay Arrival Instance 
#                                                                                       (fF)  (ps)  (ps)   (ps)  Location 
#-------------------------------------------------------------------------------------------------------------------------
  u_rls/update_idx_reg[1]/CP                      -       -      R     (arrival)    635    -     0     0       0    (-,-) 
  u_rls/update_idx_reg[1]/Q                       -       CP->Q  R     dfcrq4         7 31.1   148   520     520    (-,-) 
  u_rls/g7970/ZN                                  -       I->ZN  F     invbd2         5 26.1   117    95     615    (-,-) 
  u_rls/g7897__102483/ZN                          -       A1->ZN R     nd02d2         1  8.0   124    83     698    (-,-) 
  u_rls/g7888/ZN                                  -       I->ZN  F     inv0d2         2 14.6    60    53     751    (-,-) 
  u_rls/g7862__3680/ZN                            -       A2->ZN R     nd12d2         1 25.9   208   114     865    (-,-) 
  u_rls/g7843/ZN                                  -       I->ZN  F     inv0d7        24 86.4   103    87     952    (-,-) 
  u_rls/g105534/ZN                                -       B2->ZN F     oaim21d1       1  3.8    90   186    1138    (-,-) 
  u_rls/g103661/ZN                                -       A->ZN  R     aoi221d1       1  6.9   455   158    1296    (-,-) 
  u_rls/g7338__5115/ZN                            -       A1->ZN F     nd02d2         1  9.0   155   110    1407    (-,-) 
  u_rls/MULT_TC_OP_5_g11494/ZN                    -       I->ZN  R     invbd2         4 23.1   113    91    1498    (-,-) 
  u_rls/MULT_TC_OP_5_g11492/ZN                    -       I->ZN  F     inv0d2         3 13.2    54    50    1548    (-,-) 
  u_rls/g97939/ZN                                 -       A1->ZN R     nd02d2         1  6.9   117    66    1614    (-,-) 
  u_rls/g97938/ZN                                 -       A1->ZN F     nd02d2         1 23.8   170   109    1723    (-,-) 
  u_rls/MULT_TC_OP_5_g10968/ZN                    -       I->ZN  R     inv0d7        14 68.2   138   105    1828    (-,-) 
  u_rls/MULT_TC_OP_5_g10967/ZN                    -       I->ZN  F     inv0d4         5 19.0    53    47    1875    (-,-) 
  u_rls/MULT_TC_OP_5_g11652/Z                     -       A2->Z  F     an02d0         1  2.7    85   188    2063    (-,-) 
  u_rls/MULT_TC_OP_5_g10593/ZN                    -       A1->ZN F     nd12d1         2  6.8   115   172    2235    (-,-) 
  u_rls/MULT_TC_OP_5_g10515/ZN                    -       I->ZN  R     inv0d1         2 10.6   170   114    2349    (-,-) 
  u_rls/MULT_TC_OP_5_g10157/ZN                    -       A1->ZN R     nd12d1         1  7.7   160   179    2528    (-,-) 
  u_rls/MULT_TC_OP_5_g10146/ZN                    -       A2->ZN F     nd12d2         2 12.7   109    84    2612    (-,-) 
  u_rls/MULT_TC_OP_5_g9942/ZN                     -       I->ZN  R     invbd2         3 15.3    81    68    2680    (-,-) 
  u_rls/MULT_TC_OP_5_g9912/ZN                     -       A2->ZN F     nd12d2         2  7.2    84    57    2737    (-,-) 
  u_rls/MULT_TC_OP_5_g9860/ZN                     -       A2->ZN R     nd02d1         1  3.9   132    93    2830    (-,-) 
  u_rls/MULT_TC_OP_5_g9729/ZN                     -       A2->ZN F     nd12d1         1  6.4   112    82    2912    (-,-) 
  u_rls/MULT_TC_OP_5_g9704/ZN                     -       A1->ZN R     nd02d2         2 11.9   149    94    3006    (-,-) 
  u_rls/MULT_TC_OP_5_g9615/ZN                     -       I->ZN  F     inv0d2         3 11.1    59    52    3058    (-,-) 
  u_rls/MULT_TC_OP_5_g9584/ZN                     -       A2->ZN R     nd12d1         1  7.7   160    87    3145    (-,-) 
  u_rls/MULT_TC_OP_5_g9552/ZN                     -       A2->ZN F     nd02d2         2  7.4    90    78    3223    (-,-) 
  u_rls/MULT_TC_OP_5_g9489/ZN                     -       I->ZN  R     inv0d1         1  3.9    88    71    3294    (-,-) 
  u_rls/MULT_TC_OP_5_g9467/ZN                     -       A2->ZN F     nd12d1         1  7.3   120    78    3371    (-,-) 
  u_rls/MULT_TC_OP_5_g9452/ZN                     -       A2->ZN R     nd02d2         3 10.3   138   103    3474    (-,-) 
  u_rls/MULT_TC_OP_5_g11693/ZN                    -       A1->ZN R     nd12d1         1  6.9   151   168    3642    (-,-) 
  u_rls/MULT_TC_OP_5_g9353/ZN                     -       A1->ZN F     nd02d2         2  5.7    82    68    3710    (-,-) 
  u_rls/MULT_TC_OP_5_g11685/Z                     -       A2->Z  F     or02d1         3 11.8   161   341    4051    (-,-) 
  u_rls/MULT_TC_OP_5_g9253/ZN                     -       A1->ZN R     nd02d2         2  7.1   117    90    4141    (-,-) 
  u_rls/g103580/ZN                                -       A1->ZN R     nd12d2         1  8.0   111   143    4284    (-,-) 
  u_rls/g99800/ZN                                 -       I->ZN  F     inv0d2         2 11.2    50    47    4332    (-,-) 
  u_rls/g102521/ZN                                -       A2->ZN R     nd02d1         2  5.7   158    97    4429    (-,-) 
  u_rls/fopt96092/Z                               -       I->Z   R     buffd1         1  6.9   121   152    4581    (-,-) 
  u_rls/g97255/ZN                                 -       A1->ZN F     nd02d2         4  9.8    98    74    4655    (-,-) 
  u_rls/g97833/ZN                                 -       A1->ZN R     nd02d1         2  7.1   178   106    4762    (-,-) 
  u_rls/g210/ZN                                   -       A1->ZN F     nd02d1         1  2.4   126    76    4837    (-,-) 
  u_rls/g101027/ZN                                -       B1->ZN F     oaim21d1       3 15.0   196   242    5079    (-,-) 
  u_rls/g97830/Z                                  -       I->Z   F     buffd2        19 56.6   247   261    5340    (-,-) 
  u_rls/g97829/ZN                                 -       I->ZN  R     inv0d0         1  3.8   271   199    5539    (-,-) 
  u_rls/g14/ZN                                    -       I->ZN  F     inv0d1         6 21.4   158   124    5663    (-,-) 
  u_rls/csa_tree_SUB_TC_OP56_pad_groupi_g14184/ZN -       A1->ZN R     oaim22d1       2  7.4   347   192    5855    (-,-) 
  u_rls/csa_tree_SUB_TC_OP56_pad_groupi_g13794/ZN -       A1->ZN F     aoi22d1        3  7.7   288   127    5982    (-,-) 
  u_rls/csa_tree_SUB_TC_OP56_pad_groupi_g13747/ZN -       I->ZN  R     inv0d0         1  6.0   388   262    6244    (-,-) 
  u_rls/g104245/CO                                -       A->CO  R     cg01d0         2 12.1   402   372    6616    (-,-) 
  u_rls/g104224/CO                                -       A->CO  R     cg01d0         2  8.8   309   331    6946    (-,-) 
  u_rls/g104215/Z                                 -       A1->Z  F     xr02d1         3 13.5   186   443    7390    (-,-) 
  u_rls/g102287/Z                                 -       B1->Z  F     aoim22d1       2  6.4   132   266    7655    (-,-) 
  u_rls/g102286/ZN                                -       B1->ZN F     oaim22d1       2  7.9   171   205    7860    (-,-) 
  u_rls/g102283/ZN                                -       B1->ZN R     oai21d1        2  4.4   364   236    8097    (-,-) 
  u_rls/g102282/ZN                                -       I->ZN  F     inv0d0         1  3.7   157   107    8204    (-,-) 
  u_rls/g102280/ZN                                -       A2->ZN R     aoi322d1       1  3.9   384   153    8356    (-,-) 
  u_rls/g102279/ZN                                -       B->ZN  F     oai211d1       1  3.5   196   167    8523    (-,-) 
  u_rls/g101420/ZN                                -       A2->ZN R     nd03d1         2  7.1   236   150    8673    (-,-) 
  u_rls/g101419/ZN                                -       A1->ZN F     nd02d1         1  2.7   104    85    8758    (-,-) 
  u_rls/g99326/ZN                                 -       A1->ZN F     nd12d1         1  7.3   120   178    8936    (-,-) 
  u_rls/g99320/ZN                                 -       A2->ZN R     nd02d2         4 18.8   194   129    9065    (-,-) 
  u_rls/g98842/ZN                                 -       I->ZN  F     inv0d2         3 18.6    82    70    9135    (-,-) 
  u_rls/g98844/ZN                                 -       A2->ZN R     nd02d2         1 20.5   205   125    9260    (-,-) 
  u_rls/g98843/ZN                                 -       I->ZN  F     invbd4        15 46.7   112    97    9357    (-,-) 
  u_rls/g13010/ZN                                 -       A1->ZN R     nd02d1         1  7.7   186   113    9470    (-,-) 
  u_rls/g12761__6783/ZN                           -       A2->ZN F     nd12d2         8 29.6   184   125    9595    (-,-) 
  u_rls/g11958__1666/Z                            -       A2->Z  F     aor22d1        1  2.0    81   219    9814    (-,-) 
  u_rls/w_reg[7][13]/D                            -       -      F     dfcrb1         1    -     -     0    9814    (-,-) 
#-------------------------------------------------------------------------------------------------------------------------



Path 9: MET (0 ps) Setup Check with Pin u_rls/w_reg[7][3]/CP->D
          Group: aquila_clk
     Startpoint: (R) u_rls/update_idx_reg[1]/CP
          Clock: (R) aquila_clk
       Endpoint: (F) u_rls/w_reg[7][3]/D
          Clock: (R) aquila_clk

                     Capture       Launch     
        Clock Edge:+   10000            0     
       Src Latency:+       0            0     
       Net Latency:+       0 (I)        0 (I) 
           Arrival:=   10000            0     
                                              
             Setup:-     186                  
     Required Time:=    9814                  
      Launch Clock:-       0                  
         Data Path:-    9814                  
             Slack:=       0                  

#-------------------------------------------------------------------------------------------------------------------------
#                  Timing Point                   Flags    Arc   Edge   Cell     Fanout Load Trans Delay Arrival Instance 
#                                                                                       (fF)  (ps)  (ps)   (ps)  Location 
#-------------------------------------------------------------------------------------------------------------------------
  u_rls/update_idx_reg[1]/CP                      -       -      R     (arrival)    635    -     0     0       0    (-,-) 
  u_rls/update_idx_reg[1]/Q                       -       CP->Q  R     dfcrq4         7 31.1   148   520     520    (-,-) 
  u_rls/g7970/ZN                                  -       I->ZN  F     invbd2         5 26.1   117    95     615    (-,-) 
  u_rls/g7897__102483/ZN                          -       A1->ZN R     nd02d2         1  8.0   124    83     698    (-,-) 
  u_rls/g7888/ZN                                  -       I->ZN  F     inv0d2         2 14.6    60    53     751    (-,-) 
  u_rls/g7862__3680/ZN                            -       A2->ZN R     nd12d2         1 25.9   208   114     865    (-,-) 
  u_rls/g7843/ZN                                  -       I->ZN  F     inv0d7        24 86.4   103    87     952    (-,-) 
  u_rls/g105534/ZN                                -       B2->ZN F     oaim21d1       1  3.8    90   186    1138    (-,-) 
  u_rls/g103661/ZN                                -       A->ZN  R     aoi221d1       1  6.9   455   158    1296    (-,-) 
  u_rls/g7338__5115/ZN                            -       A1->ZN F     nd02d2         1  9.0   155   110    1407    (-,-) 
  u_rls/MULT_TC_OP_5_g11494/ZN                    -       I->ZN  R     invbd2         4 23.1   113    91    1498    (-,-) 
  u_rls/MULT_TC_OP_5_g11492/ZN                    -       I->ZN  F     inv0d2         3 13.2    54    50    1548    (-,-) 
  u_rls/g97939/ZN                                 -       A1->ZN R     nd02d2         1  6.9   117    66    1614    (-,-) 
  u_rls/g97938/ZN                                 -       A1->ZN F     nd02d2         1 23.8   170   109    1723    (-,-) 
  u_rls/MULT_TC_OP_5_g10968/ZN                    -       I->ZN  R     inv0d7        14 68.2   138   105    1828    (-,-) 
  u_rls/MULT_TC_OP_5_g10967/ZN                    -       I->ZN  F     inv0d4         5 19.0    53    47    1875    (-,-) 
  u_rls/MULT_TC_OP_5_g11652/Z                     -       A2->Z  F     an02d0         1  2.7    85   188    2063    (-,-) 
  u_rls/MULT_TC_OP_5_g10593/ZN                    -       A1->ZN F     nd12d1         2  6.8   115   172    2235    (-,-) 
  u_rls/MULT_TC_OP_5_g10515/ZN                    -       I->ZN  R     inv0d1         2 10.6   170   114    2349    (-,-) 
  u_rls/MULT_TC_OP_5_g10157/ZN                    -       A1->ZN R     nd12d1         1  7.7   160   179    2528    (-,-) 
  u_rls/MULT_TC_OP_5_g10146/ZN                    -       A2->ZN F     nd12d2         2 12.7   109    84    2612    (-,-) 
  u_rls/MULT_TC_OP_5_g9942/ZN                     -       I->ZN  R     invbd2         3 15.3    81    68    2680    (-,-) 
  u_rls/MULT_TC_OP_5_g9912/ZN                     -       A2->ZN F     nd12d2         2  7.2    84    57    2737    (-,-) 
  u_rls/MULT_TC_OP_5_g9860/ZN                     -       A2->ZN R     nd02d1         1  3.9   132    93    2830    (-,-) 
  u_rls/MULT_TC_OP_5_g9729/ZN                     -       A2->ZN F     nd12d1         1  6.4   112    82    2912    (-,-) 
  u_rls/MULT_TC_OP_5_g9704/ZN                     -       A1->ZN R     nd02d2         2 11.9   149    94    3006    (-,-) 
  u_rls/MULT_TC_OP_5_g9615/ZN                     -       I->ZN  F     inv0d2         3 11.1    59    52    3058    (-,-) 
  u_rls/MULT_TC_OP_5_g9584/ZN                     -       A2->ZN R     nd12d1         1  7.7   160    87    3145    (-,-) 
  u_rls/MULT_TC_OP_5_g9552/ZN                     -       A2->ZN F     nd02d2         2  7.4    90    78    3223    (-,-) 
  u_rls/MULT_TC_OP_5_g9489/ZN                     -       I->ZN  R     inv0d1         1  3.9    88    71    3294    (-,-) 
  u_rls/MULT_TC_OP_5_g9467/ZN                     -       A2->ZN F     nd12d1         1  7.3   120    78    3371    (-,-) 
  u_rls/MULT_TC_OP_5_g9452/ZN                     -       A2->ZN R     nd02d2         3 10.3   138   103    3474    (-,-) 
  u_rls/MULT_TC_OP_5_g11693/ZN                    -       A1->ZN R     nd12d1         1  6.9   151   168    3642    (-,-) 
  u_rls/MULT_TC_OP_5_g9353/ZN                     -       A1->ZN F     nd02d2         2  5.7    82    68    3710    (-,-) 
  u_rls/MULT_TC_OP_5_g11685/Z                     -       A2->Z  F     or02d1         3 11.8   161   341    4051    (-,-) 
  u_rls/MULT_TC_OP_5_g9253/ZN                     -       A1->ZN R     nd02d2         2  7.1   117    90    4141    (-,-) 
  u_rls/g103580/ZN                                -       A1->ZN R     nd12d2         1  8.0   111   143    4284    (-,-) 
  u_rls/g99800/ZN                                 -       I->ZN  F     inv0d2         2 11.2    50    47    4332    (-,-) 
  u_rls/g102521/ZN                                -       A2->ZN R     nd02d1         2  5.7   158    97    4429    (-,-) 
  u_rls/fopt96092/Z                               -       I->Z   R     buffd1         1  6.9   121   152    4581    (-,-) 
  u_rls/g97255/ZN                                 -       A1->ZN F     nd02d2         4  9.8    98    74    4655    (-,-) 
  u_rls/g97833/ZN                                 -       A1->ZN R     nd02d1         2  7.1   178   106    4762    (-,-) 
  u_rls/g210/ZN                                   -       A1->ZN F     nd02d1         1  2.4   126    76    4837    (-,-) 
  u_rls/g101027/ZN                                -       B1->ZN F     oaim21d1       3 15.0   196   242    5079    (-,-) 
  u_rls/g97830/Z                                  -       I->Z   F     buffd2        19 56.6   247   261    5340    (-,-) 
  u_rls/g97829/ZN                                 -       I->ZN  R     inv0d0         1  3.8   271   199    5539    (-,-) 
  u_rls/g14/ZN                                    -       I->ZN  F     inv0d1         6 21.4   158   124    5663    (-,-) 
  u_rls/csa_tree_SUB_TC_OP56_pad_groupi_g14184/ZN -       A1->ZN R     oaim22d1       2  7.4   347   192    5855    (-,-) 
  u_rls/csa_tree_SUB_TC_OP56_pad_groupi_g13794/ZN -       A1->ZN F     aoi22d1        3  7.7   288   127    5982    (-,-) 
  u_rls/csa_tree_SUB_TC_OP56_pad_groupi_g13747/ZN -       I->ZN  R     inv0d0         1  6.0   388   262    6244    (-,-) 
  u_rls/g104245/CO                                -       A->CO  R     cg01d0         2 12.1   402   372    6616    (-,-) 
  u_rls/g104224/CO                                -       A->CO  R     cg01d0         2  8.8   309   331    6946    (-,-) 
  u_rls/g104215/Z                                 -       A1->Z  F     xr02d1         3 13.5   186   443    7390    (-,-) 
  u_rls/g102287/Z                                 -       B1->Z  F     aoim22d1       2  6.4   132   266    7655    (-,-) 
  u_rls/g102286/ZN                                -       B1->ZN F     oaim22d1       2  7.9   171   205    7860    (-,-) 
  u_rls/g102283/ZN                                -       B1->ZN R     oai21d1        2  4.4   364   236    8097    (-,-) 
  u_rls/g102282/ZN                                -       I->ZN  F     inv0d0         1  3.7   157   107    8204    (-,-) 
  u_rls/g102280/ZN                                -       A2->ZN R     aoi322d1       1  3.9   384   153    8356    (-,-) 
  u_rls/g102279/ZN                                -       B->ZN  F     oai211d1       1  3.5   196   167    8523    (-,-) 
  u_rls/g101420/ZN                                -       A2->ZN R     nd03d1         2  7.1   236   150    8673    (-,-) 
  u_rls/g101419/ZN                                -       A1->ZN F     nd02d1         1  2.7   104    85    8758    (-,-) 
  u_rls/g99326/ZN                                 -       A1->ZN F     nd12d1         1  7.3   120   178    8936    (-,-) 
  u_rls/g99320/ZN                                 -       A2->ZN R     nd02d2         4 18.8   194   129    9065    (-,-) 
  u_rls/g98842/ZN                                 -       I->ZN  F     inv0d2         3 18.6    82    70    9135    (-,-) 
  u_rls/g98844/ZN                                 -       A2->ZN R     nd02d2         1 20.5   205   125    9260    (-,-) 
  u_rls/g98843/ZN                                 -       I->ZN  F     invbd4        15 46.7   112    97    9357    (-,-) 
  u_rls/g13007/ZN                                 -       A1->ZN R     nd02d1         1  7.7   186   113    9470    (-,-) 
  u_rls/g12764__2802/ZN                           -       A2->ZN F     nd12d2         8 29.6   184   125    9595    (-,-) 
  u_rls/g11984__2883/Z                            -       A2->Z  F     aor22d1        1  2.0    81   219    9814    (-,-) 
  u_rls/w_reg[7][3]/D                             -       -      F     dfcrb1         1    -     -     0    9814    (-,-) 
#-------------------------------------------------------------------------------------------------------------------------



Path 10: MET (0 ps) Setup Check with Pin u_rls/w_reg[7][6]/CP->D
          Group: aquila_clk
     Startpoint: (R) u_rls/update_idx_reg[1]/CP
          Clock: (R) aquila_clk
       Endpoint: (F) u_rls/w_reg[7][6]/D
          Clock: (R) aquila_clk

                     Capture       Launch     
        Clock Edge:+   10000            0     
       Src Latency:+       0            0     
       Net Latency:+       0 (I)        0 (I) 
           Arrival:=   10000            0     
                                              
             Setup:-     186                  
     Required Time:=    9814                  
      Launch Clock:-       0                  
         Data Path:-    9814                  
             Slack:=       0                  

#-------------------------------------------------------------------------------------------------------------------------
#                  Timing Point                   Flags    Arc   Edge   Cell     Fanout Load Trans Delay Arrival Instance 
#                                                                                       (fF)  (ps)  (ps)   (ps)  Location 
#-------------------------------------------------------------------------------------------------------------------------
  u_rls/update_idx_reg[1]/CP                      -       -      R     (arrival)    635    -     0     0       0    (-,-) 
  u_rls/update_idx_reg[1]/Q                       -       CP->Q  R     dfcrq4         7 31.1   148   520     520    (-,-) 
  u_rls/g7970/ZN                                  -       I->ZN  F     invbd2         5 26.1   117    95     615    (-,-) 
  u_rls/g7897__102483/ZN                          -       A1->ZN R     nd02d2         1  8.0   124    83     698    (-,-) 
  u_rls/g7888/ZN                                  -       I->ZN  F     inv0d2         2 14.6    60    53     751    (-,-) 
  u_rls/g7862__3680/ZN                            -       A2->ZN R     nd12d2         1 25.9   208   114     865    (-,-) 
  u_rls/g7843/ZN                                  -       I->ZN  F     inv0d7        24 86.4   103    87     952    (-,-) 
  u_rls/g105534/ZN                                -       B2->ZN F     oaim21d1       1  3.8    90   186    1138    (-,-) 
  u_rls/g103661/ZN                                -       A->ZN  R     aoi221d1       1  6.9   455   158    1296    (-,-) 
  u_rls/g7338__5115/ZN                            -       A1->ZN F     nd02d2         1  9.0   155   110    1407    (-,-) 
  u_rls/MULT_TC_OP_5_g11494/ZN                    -       I->ZN  R     invbd2         4 23.1   113    91    1498    (-,-) 
  u_rls/MULT_TC_OP_5_g11492/ZN                    -       I->ZN  F     inv0d2         3 13.2    54    50    1548    (-,-) 
  u_rls/g97939/ZN                                 -       A1->ZN R     nd02d2         1  6.9   117    66    1614    (-,-) 
  u_rls/g97938/ZN                                 -       A1->ZN F     nd02d2         1 23.8   170   109    1723    (-,-) 
  u_rls/MULT_TC_OP_5_g10968/ZN                    -       I->ZN  R     inv0d7        14 68.2   138   105    1828    (-,-) 
  u_rls/MULT_TC_OP_5_g10967/ZN                    -       I->ZN  F     inv0d4         5 19.0    53    47    1875    (-,-) 
  u_rls/MULT_TC_OP_5_g11652/Z                     -       A2->Z  F     an02d0         1  2.7    85   188    2063    (-,-) 
  u_rls/MULT_TC_OP_5_g10593/ZN                    -       A1->ZN F     nd12d1         2  6.8   115   172    2235    (-,-) 
  u_rls/MULT_TC_OP_5_g10515/ZN                    -       I->ZN  R     inv0d1         2 10.6   170   114    2349    (-,-) 
  u_rls/MULT_TC_OP_5_g10157/ZN                    -       A1->ZN R     nd12d1         1  7.7   160   179    2528    (-,-) 
  u_rls/MULT_TC_OP_5_g10146/ZN                    -       A2->ZN F     nd12d2         2 12.7   109    84    2612    (-,-) 
  u_rls/MULT_TC_OP_5_g9942/ZN                     -       I->ZN  R     invbd2         3 15.3    81    68    2680    (-,-) 
  u_rls/MULT_TC_OP_5_g9912/ZN                     -       A2->ZN F     nd12d2         2  7.2    84    57    2737    (-,-) 
  u_rls/MULT_TC_OP_5_g9860/ZN                     -       A2->ZN R     nd02d1         1  3.9   132    93    2830    (-,-) 
  u_rls/MULT_TC_OP_5_g9729/ZN                     -       A2->ZN F     nd12d1         1  6.4   112    82    2912    (-,-) 
  u_rls/MULT_TC_OP_5_g9704/ZN                     -       A1->ZN R     nd02d2         2 11.9   149    94    3006    (-,-) 
  u_rls/MULT_TC_OP_5_g9615/ZN                     -       I->ZN  F     inv0d2         3 11.1    59    52    3058    (-,-) 
  u_rls/MULT_TC_OP_5_g9584/ZN                     -       A2->ZN R     nd12d1         1  7.7   160    87    3145    (-,-) 
  u_rls/MULT_TC_OP_5_g9552/ZN                     -       A2->ZN F     nd02d2         2  7.4    90    78    3223    (-,-) 
  u_rls/MULT_TC_OP_5_g9489/ZN                     -       I->ZN  R     inv0d1         1  3.9    88    71    3294    (-,-) 
  u_rls/MULT_TC_OP_5_g9467/ZN                     -       A2->ZN F     nd12d1         1  7.3   120    78    3371    (-,-) 
  u_rls/MULT_TC_OP_5_g9452/ZN                     -       A2->ZN R     nd02d2         3 10.3   138   103    3474    (-,-) 
  u_rls/MULT_TC_OP_5_g11693/ZN                    -       A1->ZN R     nd12d1         1  6.9   151   168    3642    (-,-) 
  u_rls/MULT_TC_OP_5_g9353/ZN                     -       A1->ZN F     nd02d2         2  5.7    82    68    3710    (-,-) 
  u_rls/MULT_TC_OP_5_g11685/Z                     -       A2->Z  F     or02d1         3 11.8   161   341    4051    (-,-) 
  u_rls/MULT_TC_OP_5_g9253/ZN                     -       A1->ZN R     nd02d2         2  7.1   117    90    4141    (-,-) 
  u_rls/g103580/ZN                                -       A1->ZN R     nd12d2         1  8.0   111   143    4284    (-,-) 
  u_rls/g99800/ZN                                 -       I->ZN  F     inv0d2         2 11.2    50    47    4332    (-,-) 
  u_rls/g102521/ZN                                -       A2->ZN R     nd02d1         2  5.7   158    97    4429    (-,-) 
  u_rls/fopt96092/Z                               -       I->Z   R     buffd1         1  6.9   121   152    4581    (-,-) 
  u_rls/g97255/ZN                                 -       A1->ZN F     nd02d2         4  9.8    98    74    4655    (-,-) 
  u_rls/g97833/ZN                                 -       A1->ZN R     nd02d1         2  7.1   178   106    4762    (-,-) 
  u_rls/g210/ZN                                   -       A1->ZN F     nd02d1         1  2.4   126    76    4837    (-,-) 
  u_rls/g101027/ZN                                -       B1->ZN F     oaim21d1       3 15.0   196   242    5079    (-,-) 
  u_rls/g97830/Z                                  -       I->Z   F     buffd2        19 56.6   247   261    5340    (-,-) 
  u_rls/g97829/ZN                                 -       I->ZN  R     inv0d0         1  3.8   271   199    5539    (-,-) 
  u_rls/g14/ZN                                    -       I->ZN  F     inv0d1         6 21.4   158   124    5663    (-,-) 
  u_rls/csa_tree_SUB_TC_OP56_pad_groupi_g14184/ZN -       A1->ZN R     oaim22d1       2  7.4   347   192    5855    (-,-) 
  u_rls/csa_tree_SUB_TC_OP56_pad_groupi_g13794/ZN -       A1->ZN F     aoi22d1        3  7.7   288   127    5982    (-,-) 
  u_rls/csa_tree_SUB_TC_OP56_pad_groupi_g13747/ZN -       I->ZN  R     inv0d0         1  6.0   388   262    6244    (-,-) 
  u_rls/g104245/CO                                -       A->CO  R     cg01d0         2 12.1   402   372    6616    (-,-) 
  u_rls/g104224/CO                                -       A->CO  R     cg01d0         2  8.8   309   331    6946    (-,-) 
  u_rls/g104215/Z                                 -       A1->Z  F     xr02d1         3 13.5   186   443    7390    (-,-) 
  u_rls/g102287/Z                                 -       B1->Z  F     aoim22d1       2  6.4   132   266    7655    (-,-) 
  u_rls/g102286/ZN                                -       B1->ZN F     oaim22d1       2  7.9   171   205    7860    (-,-) 
  u_rls/g102283/ZN                                -       B1->ZN R     oai21d1        2  4.4   364   236    8097    (-,-) 
  u_rls/g102282/ZN                                -       I->ZN  F     inv0d0         1  3.7   157   107    8204    (-,-) 
  u_rls/g102280/ZN                                -       A2->ZN R     aoi322d1       1  3.9   384   153    8356    (-,-) 
  u_rls/g102279/ZN                                -       B->ZN  F     oai211d1       1  3.5   196   167    8523    (-,-) 
  u_rls/g101420/ZN                                -       A2->ZN R     nd03d1         2  7.1   236   150    8673    (-,-) 
  u_rls/g101419/ZN                                -       A1->ZN F     nd02d1         1  2.7   104    85    8758    (-,-) 
  u_rls/g99326/ZN                                 -       A1->ZN F     nd12d1         1  7.3   120   178    8936    (-,-) 
  u_rls/g99320/ZN                                 -       A2->ZN R     nd02d2         4 18.8   194   129    9065    (-,-) 
  u_rls/g98842/ZN                                 -       I->ZN  F     inv0d2         3 18.6    82    70    9135    (-,-) 
  u_rls/g98844/ZN                                 -       A2->ZN R     nd02d2         1 20.5   205   125    9260    (-,-) 
  u_rls/g98843/ZN                                 -       I->ZN  F     invbd4        15 46.7   112    97    9357    (-,-) 
  u_rls/g13000/ZN                                 -       A1->ZN R     nd02d1         1  7.7   186   113    9470    (-,-) 
  u_rls/g12753__6417/ZN                           -       A2->ZN F     nd12d2         8 29.6   184   125    9595    (-,-) 
  u_rls/g11978__5115/Z                            -       A2->Z  F     aor22d1        1  2.0    81   219    9814    (-,-) 
  u_rls/w_reg[7][6]/D                             -       -      F     dfcrb1         1    -     -     0    9814    (-,-) 
#-------------------------------------------------------------------------------------------------------------------------



Path 11: MET (0 ps) Setup Check with Pin u_rls/w_reg[7][7]/CP->D
          Group: aquila_clk
     Startpoint: (R) u_rls/update_idx_reg[1]/CP
          Clock: (R) aquila_clk
       Endpoint: (F) u_rls/w_reg[7][7]/D
          Clock: (R) aquila_clk

                     Capture       Launch     
        Clock Edge:+   10000            0     
       Src Latency:+       0            0     
       Net Latency:+       0 (I)        0 (I) 
           Arrival:=   10000            0     
                                              
             Setup:-     186                  
     Required Time:=    9814                  
      Launch Clock:-       0                  
         Data Path:-    9814                  
             Slack:=       0                  

#-------------------------------------------------------------------------------------------------------------------------
#                  Timing Point                   Flags    Arc   Edge   Cell     Fanout Load Trans Delay Arrival Instance 
#                                                                                       (fF)  (ps)  (ps)   (ps)  Location 
#-------------------------------------------------------------------------------------------------------------------------
  u_rls/update_idx_reg[1]/CP                      -       -      R     (arrival)    635    -     0     0       0    (-,-) 
  u_rls/update_idx_reg[1]/Q                       -       CP->Q  R     dfcrq4         7 31.1   148   520     520    (-,-) 
  u_rls/g7970/ZN                                  -       I->ZN  F     invbd2         5 26.1   117    95     615    (-,-) 
  u_rls/g7897__102483/ZN                          -       A1->ZN R     nd02d2         1  8.0   124    83     698    (-,-) 
  u_rls/g7888/ZN                                  -       I->ZN  F     inv0d2         2 14.6    60    53     751    (-,-) 
  u_rls/g7862__3680/ZN                            -       A2->ZN R     nd12d2         1 25.9   208   114     865    (-,-) 
  u_rls/g7843/ZN                                  -       I->ZN  F     inv0d7        24 86.4   103    87     952    (-,-) 
  u_rls/g105534/ZN                                -       B2->ZN F     oaim21d1       1  3.8    90   186    1138    (-,-) 
  u_rls/g103661/ZN                                -       A->ZN  R     aoi221d1       1  6.9   455   158    1296    (-,-) 
  u_rls/g7338__5115/ZN                            -       A1->ZN F     nd02d2         1  9.0   155   110    1407    (-,-) 
  u_rls/MULT_TC_OP_5_g11494/ZN                    -       I->ZN  R     invbd2         4 23.1   113    91    1498    (-,-) 
  u_rls/MULT_TC_OP_5_g11492/ZN                    -       I->ZN  F     inv0d2         3 13.2    54    50    1548    (-,-) 
  u_rls/g97939/ZN                                 -       A1->ZN R     nd02d2         1  6.9   117    66    1614    (-,-) 
  u_rls/g97938/ZN                                 -       A1->ZN F     nd02d2         1 23.8   170   109    1723    (-,-) 
  u_rls/MULT_TC_OP_5_g10968/ZN                    -       I->ZN  R     inv0d7        14 68.2   138   105    1828    (-,-) 
  u_rls/MULT_TC_OP_5_g10967/ZN                    -       I->ZN  F     inv0d4         5 19.0    53    47    1875    (-,-) 
  u_rls/MULT_TC_OP_5_g11652/Z                     -       A2->Z  F     an02d0         1  2.7    85   188    2063    (-,-) 
  u_rls/MULT_TC_OP_5_g10593/ZN                    -       A1->ZN F     nd12d1         2  6.8   115   172    2235    (-,-) 
  u_rls/MULT_TC_OP_5_g10515/ZN                    -       I->ZN  R     inv0d1         2 10.6   170   114    2349    (-,-) 
  u_rls/MULT_TC_OP_5_g10157/ZN                    -       A1->ZN R     nd12d1         1  7.7   160   179    2528    (-,-) 
  u_rls/MULT_TC_OP_5_g10146/ZN                    -       A2->ZN F     nd12d2         2 12.7   109    84    2612    (-,-) 
  u_rls/MULT_TC_OP_5_g9942/ZN                     -       I->ZN  R     invbd2         3 15.3    81    68    2680    (-,-) 
  u_rls/MULT_TC_OP_5_g9912/ZN                     -       A2->ZN F     nd12d2         2  7.2    84    57    2737    (-,-) 
  u_rls/MULT_TC_OP_5_g9860/ZN                     -       A2->ZN R     nd02d1         1  3.9   132    93    2830    (-,-) 
  u_rls/MULT_TC_OP_5_g9729/ZN                     -       A2->ZN F     nd12d1         1  6.4   112    82    2912    (-,-) 
  u_rls/MULT_TC_OP_5_g9704/ZN                     -       A1->ZN R     nd02d2         2 11.9   149    94    3006    (-,-) 
  u_rls/MULT_TC_OP_5_g9615/ZN                     -       I->ZN  F     inv0d2         3 11.1    59    52    3058    (-,-) 
  u_rls/MULT_TC_OP_5_g9584/ZN                     -       A2->ZN R     nd12d1         1  7.7   160    87    3145    (-,-) 
  u_rls/MULT_TC_OP_5_g9552/ZN                     -       A2->ZN F     nd02d2         2  7.4    90    78    3223    (-,-) 
  u_rls/MULT_TC_OP_5_g9489/ZN                     -       I->ZN  R     inv0d1         1  3.9    88    71    3294    (-,-) 
  u_rls/MULT_TC_OP_5_g9467/ZN                     -       A2->ZN F     nd12d1         1  7.3   120    78    3371    (-,-) 
  u_rls/MULT_TC_OP_5_g9452/ZN                     -       A2->ZN R     nd02d2         3 10.3   138   103    3474    (-,-) 
  u_rls/MULT_TC_OP_5_g11693/ZN                    -       A1->ZN R     nd12d1         1  6.9   151   168    3642    (-,-) 
  u_rls/MULT_TC_OP_5_g9353/ZN                     -       A1->ZN F     nd02d2         2  5.7    82    68    3710    (-,-) 
  u_rls/MULT_TC_OP_5_g11685/Z                     -       A2->Z  F     or02d1         3 11.8   161   341    4051    (-,-) 
  u_rls/MULT_TC_OP_5_g9253/ZN                     -       A1->ZN R     nd02d2         2  7.1   117    90    4141    (-,-) 
  u_rls/g103580/ZN                                -       A1->ZN R     nd12d2         1  8.0   111   143    4284    (-,-) 
  u_rls/g99800/ZN                                 -       I->ZN  F     inv0d2         2 11.2    50    47    4332    (-,-) 
  u_rls/g102521/ZN                                -       A2->ZN R     nd02d1         2  5.7   158    97    4429    (-,-) 
  u_rls/fopt96092/Z                               -       I->Z   R     buffd1         1  6.9   121   152    4581    (-,-) 
  u_rls/g97255/ZN                                 -       A1->ZN F     nd02d2         4  9.8    98    74    4655    (-,-) 
  u_rls/g97833/ZN                                 -       A1->ZN R     nd02d1         2  7.1   178   106    4762    (-,-) 
  u_rls/g210/ZN                                   -       A1->ZN F     nd02d1         1  2.4   126    76    4837    (-,-) 
  u_rls/g101027/ZN                                -       B1->ZN F     oaim21d1       3 15.0   196   242    5079    (-,-) 
  u_rls/g97830/Z                                  -       I->Z   F     buffd2        19 56.6   247   261    5340    (-,-) 
  u_rls/g97829/ZN                                 -       I->ZN  R     inv0d0         1  3.8   271   199    5539    (-,-) 
  u_rls/g14/ZN                                    -       I->ZN  F     inv0d1         6 21.4   158   124    5663    (-,-) 
  u_rls/csa_tree_SUB_TC_OP56_pad_groupi_g14184/ZN -       A1->ZN R     oaim22d1       2  7.4   347   192    5855    (-,-) 
  u_rls/csa_tree_SUB_TC_OP56_pad_groupi_g13794/ZN -       A1->ZN F     aoi22d1        3  7.7   288   127    5982    (-,-) 
  u_rls/csa_tree_SUB_TC_OP56_pad_groupi_g13747/ZN -       I->ZN  R     inv0d0         1  6.0   388   262    6244    (-,-) 
  u_rls/g104245/CO                                -       A->CO  R     cg01d0         2 12.1   402   372    6616    (-,-) 
  u_rls/g104224/CO                                -       A->CO  R     cg01d0         2  8.8   309   331    6946    (-,-) 
  u_rls/g104215/Z                                 -       A1->Z  F     xr02d1         3 13.5   186   443    7390    (-,-) 
  u_rls/g102287/Z                                 -       B1->Z  F     aoim22d1       2  6.4   132   266    7655    (-,-) 
  u_rls/g102286/ZN                                -       B1->ZN F     oaim22d1       2  7.9   171   205    7860    (-,-) 
  u_rls/g102283/ZN                                -       B1->ZN R     oai21d1        2  4.4   364   236    8097    (-,-) 
  u_rls/g102282/ZN                                -       I->ZN  F     inv0d0         1  3.7   157   107    8204    (-,-) 
  u_rls/g102280/ZN                                -       A2->ZN R     aoi322d1       1  3.9   384   153    8356    (-,-) 
  u_rls/g102279/ZN                                -       B->ZN  F     oai211d1       1  3.5   196   167    8523    (-,-) 
  u_rls/g101420/ZN                                -       A2->ZN R     nd03d1         2  7.1   236   150    8673    (-,-) 
  u_rls/g101419/ZN                                -       A1->ZN F     nd02d1         1  2.7   104    85    8758    (-,-) 
  u_rls/g99326/ZN                                 -       A1->ZN F     nd12d1         1  7.3   120   178    8936    (-,-) 
  u_rls/g99320/ZN                                 -       A2->ZN R     nd02d2         4 18.8   194   129    9065    (-,-) 
  u_rls/g98842/ZN                                 -       I->ZN  F     inv0d2         3 18.6    82    70    9135    (-,-) 
  u_rls/g98844/ZN                                 -       A2->ZN R     nd02d2         1 20.5   205   125    9260    (-,-) 
  u_rls/g98843/ZN                                 -       I->ZN  F     invbd4        15 46.7   112    97    9357    (-,-) 
  u_rls/g13014/ZN                                 -       A1->ZN R     nd02d1         1  7.7   186   113    9470    (-,-) 
  u_rls/g12765__1705/ZN                           -       A2->ZN F     nd12d2         8 29.6   184   125    9595    (-,-) 
  u_rls/g11976__6131/Z                            -       A2->Z  F     aor22d1        1  2.0    81   219    9814    (-,-) 
  u_rls/w_reg[7][7]/D                             -       -      F     dfcrb1         1    -     -     0    9814    (-,-) 
#-------------------------------------------------------------------------------------------------------------------------



Path 12: MET (0 ps) Setup Check with Pin u_rls/w_reg[7][2]/CP->D
          Group: aquila_clk
     Startpoint: (R) u_rls/update_idx_reg[1]/CP
          Clock: (R) aquila_clk
       Endpoint: (R) u_rls/w_reg[7][2]/D
          Clock: (R) aquila_clk

                     Capture       Launch     
        Clock Edge:+   10000            0     
       Src Latency:+       0            0     
       Net Latency:+       0 (I)        0 (I) 
           Arrival:=   10000            0     
                                              
             Setup:-     157                  
     Required Time:=    9843                  
      Launch Clock:-       0                  
         Data Path:-    9843                  
             Slack:=       0                  

#------------------------------------------------------------------------------------------------------------------------------
#                    Timing Point                      Flags    Arc   Edge   Cell     Fanout Load Trans Delay Arrival Instance 
#                                                                                            (fF)  (ps)  (ps)   (ps)  Location 
#------------------------------------------------------------------------------------------------------------------------------
  u_rls/update_idx_reg[1]/CP                           -       -      R     (arrival)    635    -     0     0       0    (-,-) 
  u_rls/update_idx_reg[1]/Q                            -       CP->Q  F     dfcrq4         7 28.4   132   516     516    (-,-) 
  u_rls/g7891__6260/Z                                  -       A2->Z  F     an02d1         1  7.3   102   234     751    (-,-) 
  u_rls/g7857__6260/ZN                                 -       A2->ZN R     nd12d2         1 16.0   154    97     848    (-,-) 
  u_rls/g7810/ZN                                       -       I->ZN  F     inv0d4        18 68.0   104    84     932    (-,-) 
  u_rls/g7809/ZN                                       -       I->ZN  R     inv0d2         2 19.6   142    98    1029    (-,-) 
  u_rls/g7806/ZN                                       -       I->ZN  F     inv0d4        15 53.7    87    72    1102    (-,-) 
  u_rls/g103654/ZN                                     -       C2->ZN R     aoi221d1       2 10.4   559   354    1456    (-,-) 
  u_rls/g99300/ZN                                      -       A1->ZN F     nd02d2         8 33.5   285   207    1663    (-,-) 
  u_rls/g98697/ZN                                      -       A1->ZN R     nr02d2         1  4.2   148   126    1789    (-,-) 
  u_rls/g98696/ZN                                      -       A1->ZN R     nd12d2         9 46.7   321   245    2034    (-,-) 
  u_rls/g98695/ZN                                      -       I->ZN  F     inv0d4        12 49.8   123    95    2129    (-,-) 
  u_rls/g96124/ZN                                      -       A1->ZN F     nd12d2         1  7.8    97   169    2298    (-,-) 
  u_rls/g96123/ZN                                      -       I->ZN  R     inv0d2        11 41.7   271   153    2450    (-,-) 
  u_rls/MULT_TC_OP49_g5496/Z                           -       A2->Z  R     aor22d1        2  6.9   155   206    2657    (-,-) 
  u_rls/MULT_TC_OP49_g5440/ZN                          -       I->ZN  F     inv0d1         3 10.3    86    72    2729    (-,-) 
  u_rls/MULT_TC_OP49_g5340/Z                           -       A1->Z  F     an02d0         1  3.0    89   164    2893    (-,-) 
  u_rls/MULT_TC_OP49_g5188/ZN                          -       A2->ZN R     oai22d1        2  6.9   553   229    3123    (-,-) 
  u_rls/MULT_TC_OP49_g5112/Z                           -       A1->Z  F     xr03d1         2  8.5   132   367    3490    (-,-) 
  u_rls/MULT_TC_OP49_g5021/Z                           -       A2->Z  R     xr03d1         2 10.2   177   520    4010    (-,-) 
  u_rls/g88747/Z                                       -       A1->Z  F     xr03d1         2  5.7   118   298    4309    (-,-) 
  u_rls/MULT_TC_OP49_g5967/Z                           -       A2->Z  F     or02d0         3  9.6   183   325    4634    (-,-) 
  u_rls/MULT_TC_OP49_g4911/ZN                          -       A1->ZN R     nd02d1         2  5.8   159   118    4752    (-,-) 
  u_rls/MULT_TC_OP49_g4901/ZN                          -       A1->ZN R     nd12d1         2  6.6   148   171    4923    (-,-) 
  u_rls/MULT_TC_OP49_g4889/ZN                          -       A1->ZN R     nd12d1         1  3.9   117   154    5077    (-,-) 
  u_rls/MULT_TC_OP49_g5963/ZN                          -       A2->ZN F     nd12d1         3 11.5   158   101    5179    (-,-) 
  u_rls/MULT_TC_OP49_g4877/ZN                          -       A2->ZN R     nd12d1         1  3.9   119    89    5267    (-,-) 
  u_rls/MULT_TC_OP49_g4869/ZN                          -       A2->ZN F     nd12d1         2  7.4   121    84    5351    (-,-) 
  u_rls/MULT_TC_OP49_g4859/Z                           -       B2->Z  F     aor21d1        6 20.1   195   378    5729    (-,-) 
  u_rls/csa_tree_SUB_TC_OP_12_pad_pad_groupi_g13443/ZN -       I->ZN  R     inv0d0         2  5.8   375   233    5961    (-,-) 
  u_rls/csa_tree_SUB_TC_OP_12_pad_pad_groupi_g12674/ZN -       A1->ZN R     nd12d1         1  3.5   116   188    6150    (-,-) 
  u_rls/csa_tree_SUB_TC_OP_12_pad_pad_groupi_g12620/ZN -       A2->ZN F     nd02d1         2  8.6   151   106    6256    (-,-) 
  u_rls/csa_tree_SUB_TC_OP_12_pad_pad_groupi_g12488/Z  -       A2->Z  R     xr03d1         2  9.7   172   522    6778    (-,-) 
  u_rls/g104349/ZN                                     -       A->ZN  F     oai21d1        1  3.7   138    86    6864    (-,-) 
  u_rls/csa_tree_SUB_TC_OP_12_pad_pad_groupi_g12349/ZN -       A2->ZN R     nd12d1         2  7.0   152   100    6965    (-,-) 
  u_rls/csa_tree_SUB_TC_OP_12_pad_pad_groupi_g12239/Z  -       A1->Z  F     xr03d1         1 12.3   152   322    7287    (-,-) 
  u_rls/csa_tree_SUB_TC_OP_12_pad_pad_groupi_g12119/S  -       CI->S  R     ad01d0         2  7.1   252   563    7850    (-,-) 
  u_rls/g100060/ZN                                     -       B1->ZN F     oai22d1        1  3.7   147   116    7966    (-,-) 
  u_rls/csa_tree_SUB_TC_OP_12_pad_pad_groupi_g12091/ZN -       I->ZN  R     inv0d1         2  7.2   131   103    8069    (-,-) 
  u_rls/g100058/ZN                                     -       A2->ZN F     nd13d1         1  3.7   140    93    8162    (-,-) 
  u_rls/g96694/ZN                                      -       I->ZN  R     inv0d1         3 15.1   225   144    8307    (-,-) 
  u_rls/csa_tree_SUB_TC_OP_12_pad_pad_groupi_g12060/ZN -       A->ZN  F     oai21d1        1  3.7   109    95    8401    (-,-) 
  u_rls/csa_tree_SUB_TC_OP_12_pad_pad_groupi_g12055/ZN -       A2->ZN R     nr02d1         1  3.3   161   102    8504    (-,-) 
  u_rls/g558/ZN                                        -       A1->ZN F     nd02d1         1  7.3   142   103    8607    (-,-) 
  u_rls/g548/ZN                                        -       A2->ZN R     nd02d2         1  6.9   117    98    8705    (-,-) 
  u_rls/g547/ZN                                        -       A1->ZN F     nd02d2         1  6.4    83    64    8769    (-,-) 
  u_rls/g546/ZN                                        -       A1->ZN R     nd02d2         1  4.2    98    64    8833    (-,-) 
  u_rls/csa_tree_SUB_TC_OP_12_pad_pad_groupi_g12015/Z  -       A1->Z  F     xr03d1         1  3.7   105   269    9102    (-,-) 
  u_rls/g13279/ZN                                      -       I->ZN  R     inv0d1         3 15.0   223   136    9238    (-,-) 
  u_rls/g98844/ZN                                      -       A1->ZN F     nd02d2         1 17.6   148   113    9351    (-,-) 
  u_rls/g98843/ZN                                      -       I->ZN  R     invbd4        15 49.7   117    92    9443    (-,-) 
  u_rls/g13001/ZN                                      -       A1->ZN F     nd02d1         1  7.3   149    95    9537    (-,-) 
  u_rls/g99319/ZN                                      -       A2->ZN R     nd12d2         8 29.0   225   142    9680    (-,-) 
  u_rls/g11983__9945/Z                                 -       A1->Z  R     aor22d1        1  2.1   102   163    9843    (-,-) 
  u_rls/w_reg[7][2]/D                                  -       -      R     dfcrq1         1    -     -     0    9843    (-,-) 
#------------------------------------------------------------------------------------------------------------------------------



Path 13: MET (0 ps) Setup Check with Pin u_rls/nr_x2_reg[12]/CP->D
          Group: aquila_clk
     Startpoint: (R) u_rls/nr_x1_reg[11]/CP
          Clock: (R) aquila_clk
       Endpoint: (R) u_rls/nr_x2_reg[12]/D
          Clock: (R) aquila_clk

                     Capture       Launch     
        Clock Edge:+   10000            0     
       Src Latency:+       0            0     
       Net Latency:+       0 (I)        0 (I) 
           Arrival:=   10000            0     
                                              
             Setup:-     346                  
     Required Time:=    9654                  
      Launch Clock:-       0                  
         Data Path:-    9653                  
             Slack:=       0                  

#-------------------------------------------------------------------------------------------------------------------------
#                 Timing Point                   Flags    Arc   Edge   Cell     Fanout  Load Trans Delay Arrival Instance 
#                                                                                       (fF)  (ps)  (ps)   (ps)  Location 
#-------------------------------------------------------------------------------------------------------------------------
  u_rls/nr_x1_reg[11]/CP                         -       -      R     (arrival)    635     -     0     0       0    (-,-) 
  u_rls/nr_x1_reg[11]/QN                         -       CP->QN F     sdcrn4         1   9.0   210   555     555    (-,-) 
  u_rls/g13239/ZN                                -       I->ZN  R     invbd2        27 124.2   462   261     816    (-,-) 
  u_rls/csa_tree_sub_345_38_pad_groupi_g10952/ZN -       I->ZN  F     inv0d7        31 115.8   182   135     951    (-,-) 
  u_rls/csa_tree_sub_345_38_pad_groupi_g10792/ZN -       A2->ZN R     nd02d2         1   6.9   120   107    1058    (-,-) 
  u_rls/csa_tree_sub_345_38_pad_groupi_g10675/ZN -       A1->ZN F     nd02d2         4  22.2   165   105    1164    (-,-) 
  u_rls/csa_tree_sub_345_38_pad_groupi_g10558/ZN -       A1->ZN R     nr02d2         9  35.6   462   256    1419    (-,-) 
  u_rls/g104595/Z                                -       B2->Z  R     aor22d2        2  11.9   154   289    1708    (-,-) 
  u_rls/csa_tree_sub_345_38_pad_groupi_g10126/CO -       A->CO  R     cg01d1         3  10.9   192   254    1962    (-,-) 
  u_rls/csa_tree_sub_345_38_pad_groupi_g10038/ZN -       A1->ZN R     nd12d1         1   3.5   113   161    2122    (-,-) 
  u_rls/g104569/ZN                               -       B2->ZN R     oaim22d1       2   9.1   373   281    2403    (-,-) 
  u_rls/csa_tree_sub_345_38_pad_groupi_g9832/Z   -       A3->Z  F     xr03d1         2   9.5   137   608    3011    (-,-) 
  u_rls/csa_tree_sub_345_38_pad_groupi_g9752/Z   -       A2->Z  R     xr03d1         2   7.2   146   505    3517    (-,-) 
  u_rls/csa_tree_sub_345_38_pad_groupi_g9720/ZN  -       A2->ZN F     nr02d1         3   9.1   105    78    3595    (-,-) 
  u_rls/csa_tree_sub_345_38_pad_groupi_g9697/ZN  -       A2->ZN R     nr02d1         2   7.4   243   140    3734    (-,-) 
  u_rls/csa_tree_sub_345_38_pad_groupi_g9671/ZN  -       A2->ZN F     nd02d1         1   7.3   146   115    3850    (-,-) 
  u_rls/csa_tree_sub_345_38_pad_groupi_g9667/ZN  -       A2->ZN R     nd02d2         3  15.4   172   125    3974    (-,-) 
  u_rls/csa_tree_sub_345_38_pad_groupi_g9663/ZN  -       A1->ZN F     nd02d2         1   6.1   105    72    4046    (-,-) 
  u_rls/csa_tree_sub_345_38_pad_groupi_g9659/ZN  -       A3->ZN R     nd03d2         3  18.1   193   105    4151    (-,-) 
  u_rls/csa_tree_sub_345_38_pad_groupi_g9658/ZN  -       I->ZN  F     invbd2         2  11.1    83    78    4229    (-,-) 
  u_rls/csa_tree_sub_345_38_pad_groupi_g9636/ZN  -       A1->ZN R     nd02d2         4  18.7   204   108    4337    (-,-) 
  u_rls/csa_tree_sub_345_38_pad_groupi_g9624/ZN  -       A2->ZN F     nd12d1         1   3.7    97    81    4417    (-,-) 
  u_rls/csa_tree_sub_345_38_pad_groupi_g9619/ZN  -       A2->ZN R     nd12d1         1   7.0   157    91    4508    (-,-) 
  u_rls/g89491/ZN                                -       A2->ZN F     xn02d4        20  74.4   254   602    5111    (-,-) 
  u_rls/mul_346_45_g10052/ZN                     -       I->ZN  R     inv0d4        19  73.6   247   178    5289    (-,-) 
  u_rls/mul_346_45_g10032/ZN                     -       A2->ZN F     nd02d1         1   7.3   147   116    5404    (-,-) 
  u_rls/mul_346_45_g9931/ZN                      -       A2->ZN R     nd02d2        11  43.1   356   207    5612    (-,-) 
  u_rls/mul_346_45_g9829/ZN                      -       A1->ZN R     nd12d1         8  30.9   424   326    5938    (-,-) 
  u_rls/mul_346_45_g9816/ZN                      -       I->ZN  F     inv0d1         9  34.4   237   190    6128    (-,-) 
  u_rls/mul_346_45_g9672/Z                       -       A2->Z  F     aor22d1        3   9.0   119   266    6394    (-,-) 
  u_rls/mul_346_45_g9579/ZN                      -       A2->ZN R     oaim22d1       1   4.6   284   182    6576    (-,-) 
  u_rls/mul_346_45_g10080/Z                      -       A1->Z  F     xr02d1         1  12.3   178   434    7010    (-,-) 
  u_rls/mul_346_45_g9324/S                       -       CI->S  R     ad01d1         2   6.9   150   557    7567    (-,-) 
  u_rls/g89565/Z                                 -       A1->Z  F     xr03d1         2   7.0   124   298    7865    (-,-) 
  u_rls/mul_346_45_g9273/ZN                      -       A2->ZN R     nr02d1         4  15.7   410   220    8085    (-,-) 
  u_rls/mul_346_45_g9212/ZN                      -       A1->ZN F     nr02d1         2   8.6   150   132    8218    (-,-) 
  u_rls/mul_346_45_g9203/ZN                      -       A2->ZN R     nd12d1         2   7.1   158   104    8322    (-,-) 
  u_rls/mul_346_45_g9194/ZN                      -       A1->ZN R     nd12d1         1   9.2   177   184    8506    (-,-) 
  u_rls/mul_346_45_g9184/ZN                      -       A1->ZN F     nd03d2         8  26.0   261   174    8680    (-,-) 
  u_rls/mul_346_45_g9180/ZN                      -       A2->ZN R     nd02d1         2   7.4   190   158    8838    (-,-) 
  u_rls/mul_346_45_g9179/ZN                      -       I->ZN  F     inv0d1         2   6.7    79    67    8905    (-,-) 
  u_rls/mul_346_45_g9173/ZN                      -       A1->ZN R     nr02d1         2   5.0   210   143    9048    (-,-) 
  u_rls/mul_346_45_g9172/ZN                      -       I->ZN  F     inv0d0         1   3.6   117    90    9138    (-,-) 
  u_rls/mul_346_45_g9158/ZN                      -       B1->ZN R     aoi21d1        2   7.1   444   260    9398    (-,-) 
  u_rls/mul_346_45_g9152/ZN                      -       B1->ZN R     oaim22d1       1   1.9   231   256    9653    (-,-) 
  u_rls/nr_x2_reg[12]/D                          -       -      R     decrq1         1     -     -     0    9653    (-,-) 
#-------------------------------------------------------------------------------------------------------------------------



Path 14: MET (0 ps) Setup Check with Pin u_rls/nr_x1_reg[13]/CP->D
          Group: aquila_clk
     Startpoint: (R) u_rls/xTx_acc_reg[18]/CP
          Clock: (R) aquila_clk
       Endpoint: (F) u_rls/nr_x1_reg[13]/D
          Clock: (R) aquila_clk

                     Capture       Launch     
        Clock Edge:+   10000            0     
       Src Latency:+       0            0     
       Net Latency:+       0 (I)        0 (I) 
           Arrival:=   10000            0     
                                              
             Setup:-     272                  
     Required Time:=    9728                  
      Launch Clock:-       0                  
         Data Path:-    9728                  
             Slack:=       0                  

#----------------------------------------------------------------------------------------------------------------------------
#                   Timing Point                     Flags    Arc   Edge   Cell     Fanout Load Trans Delay Arrival Instance 
#                                                                                          (fF)  (ps)  (ps)   (ps)  Location 
#----------------------------------------------------------------------------------------------------------------------------
  u_rls/xTx_acc_reg[18]/CP                           -       -      R     (arrival)    635    -     0     0       0    (-,-) 
  u_rls/xTx_acc_reg[18]/QN                           -       CP->QN F     dfcrn4         2 20.7   224   508     508    (-,-) 
  u_rls/g96495/ZN                                    -       I->ZN  R     invbd4         7 40.5   116   100     607    (-,-) 
  u_rls/g96494/ZN                                    -       I->ZN  F     inv0d2         5 19.8    69    59     666    (-,-) 
  u_rls/csa_tree_add_264_40_pad_groupi_g93626/ZN     -       A1->ZN R     nd02d2         1  6.9   117    69     735    (-,-) 
  u_rls/g25_105330/ZN                                -       A1->ZN F     nd02d2         2  9.0    92    71     807    (-,-) 
  u_rls/g102185/ZN                                   -       A3->ZN R     nd03d2         1 20.5   205   108     915    (-,-) 
  u_rls/g102184/ZN                                   -       I->ZN  F     invbd4        15 56.7   124   106    1020    (-,-) 
  u_rls/g102193/ZN                                   -       A1->ZN R     nd02d1         1  7.7   186   116    1137    (-,-) 
  u_rls/g100376/ZN                                   -       A2->ZN F     nd02d2         3 10.5   107    91    1227    (-,-) 
  u_rls/g100379/ZN                                   -       A2->ZN R     nr02d1         1  2.9   154    98    1326    (-,-) 
  u_rls/g103443/ZN                                   -       A1->ZN R     nd12d1         4 13.5   226   205    1531    (-,-) 
  u_rls/g97974/ZN                                    -       A1->ZN R     nd12d1         2  7.1   154   186    1716    (-,-) 
  u_rls/csa_tree_add_264_40_pad_groupi_g10774/ZN     -       A1->ZN F     nd02d1         1  3.7   108    80    1797    (-,-) 
  u_rls/csa_tree_add_264_40_pad_groupi_g91117/ZN     -       A2->ZN R     nd12d1         1  6.9   151    93    1890    (-,-) 
  u_rls/csa_tree_add_264_40_pad_groupi_g91116/ZN     -       A1->ZN F     nd02d2         3 14.0   130    91    1981    (-,-) 
  u_rls/fopt91121/ZN                                 -       I->ZN  R     inv0d1         2  7.6   134   101    2081    (-,-) 
  u_rls/csa_tree_add_264_40_pad_groupi_g10506/ZN     -       A1->ZN F     nd02d1         1  7.3   137    98    2179    (-,-) 
  u_rls/g97417/ZN                                    -       A2->ZN R     nd02d2         3 11.0   142   109    2288    (-,-) 
  u_rls/csa_tree_add_264_40_pad_groupi_g89921_dup/ZN -       A1->ZN R     nd12d2         1  8.1   112   148    2437    (-,-) 
  u_rls/g96716/ZN                                    -       A3->ZN F     nd03d2         2 13.4   175   106    2542    (-,-) 
  u_rls/g98866/ZN                                    -       A2->ZN R     nd12d2         1  8.0   111    92    2635    (-,-) 
  u_rls/g98865/ZN                                    -       I->ZN  F     inv0d2         2 11.0    50    47    2682    (-,-) 
  u_rls/g101640/ZN                                   -       A2->ZN R     nd03d2         2  7.5   140    81    2763    (-,-) 
  u_rls/g101643/ZN                                   -       A1->ZN F     nd02d1         1  6.4   128    94    2857    (-,-) 
  u_rls/g99819/ZN                                    -       A1->ZN R     nd02d2         2 17.0   182   113    2970    (-,-) 
  u_rls/g101642/ZN                                   -       A3->ZN F     nd03d2         9 33.4   301   177    3147    (-,-) 
  u_rls/csa_tree_add_264_40_pad_groupi_g93554/ZN     -       A2->ZN R     nr02d0         1  2.9   279   240    3388    (-,-) 
  u_rls/csa_tree_add_264_40_pad_groupi_g10039/ZN     -       A1->ZN R     nd12d1         2  7.6   160   196    3584    (-,-) 
  u_rls/g7872__91994/Z                               -       B1->Z  R     aor22d1        1  4.1   117   201    3785    (-,-) 
  u_rls/g94895/ZN                                    -       A->ZN  F     aon211d1       1  8.4   243   141    3926    (-,-) 
  u_rls/g94893/ZN                                    -       A2->ZN R     nr02d2         3  9.3   188   162    4088    (-,-) 
  u_rls/g149/ZN                                      -       A1->ZN F     nd04d1         1  3.7   182   148    4236    (-,-) 
  u_rls/g146/ZN                                      -       A2->ZN R     nd12d1         1  8.0   167   116    4352    (-,-) 
  u_rls/g145/ZN                                      -       I->ZN  F     inv0d2         4 22.0    83    70    4422    (-,-) 
  u_rls/g100285/ZN                                   -       A2->ZN R     nd12d2         3 32.3   243   136    4558    (-,-) 
  u_rls/csa_tree_sub_280_42_pad_groupi_g5700/ZN      -       A2->ZN F     nd02d1         2 10.5   183   133    4691    (-,-) 
  u_rls/g101898/ZN                                   -       A2->ZN R     nd02d2         3 14.4   166   130    4822    (-,-) 
  u_rls/g101897/ZN                                   -       A1->ZN F     nd03d2         1 15.3   184   140    4962    (-,-) 
  u_rls/g101896/ZN                                   -       I->ZN  R     inv0d4        10 42.6   156   121    5083    (-,-) 
  u_rls/g92122/ZN                                    -       I->ZN  F     inv0d2         4 17.3    72    62    5145    (-,-) 
  u_rls/fopt88443/ZN                                 -       I->ZN  R     inv0d2         3 15.1   116    79    5224    (-,-) 
  u_rls/g98347/ZN                                    -       A2->ZN F     nd12d2         2  6.4    81    61    5285    (-,-) 
  u_rls/g98982/ZN                                    -       A1->ZN R     nd02d1         2  6.8   174   101    5386    (-,-) 
  u_rls/g103480/ZN                                   -       A1->ZN R     nd12d1         1  6.9   151   175    5561    (-,-) 
  u_rls/g99284/ZN                                    -       A1->ZN F     nd02d2         3  8.6   104    76    5637    (-,-) 
  u_rls/g103448/ZN                                   -       A1->ZN F     nd12d1         1  6.4   112   174    5811    (-,-) 
  u_rls/g99139/ZN                                    -       A1->ZN R     nd02d2         4 15.9   176   106    5917    (-,-) 
  u_rls/g97560/ZN                                    -       I->ZN  F     inv0d1         1  7.3    78    67    5984    (-,-) 
  u_rls/g97559/ZN                                    -       A2->ZN R     nd12d2         3 20.1   177   103    6086    (-,-) 
  u_rls/g101584/ZN                                   -       A2->ZN F     nd03d2         3 12.3   176   126    6212    (-,-) 
  u_rls/g151_0/ZN                                    -       A1->ZN R     nd03d0         1  3.8   345   225    6437    (-,-) 
  u_rls/g100578/ZN                                   -       A1->ZN F     nd03d1         2  6.2   189   137    6574    (-,-) 
  u_rls/g102462/ZN                                   -       A2->ZN R     nd03d1         1  3.9   190   130    6704    (-,-) 
  u_rls/g102460/ZN                                   -       A2->ZN F     nd12d1         1  6.4   116    93    6797    (-,-) 
  u_rls/g102459/ZN                                   -       A1->ZN R     nd02d2         8 32.1   284   155    6952    (-,-) 
  u_rls/fopt92353/ZN                                 -       I->ZN  F     inv0d1         3 14.6   131   107    7058    (-,-) 
  u_rls/fopt13/ZN                                    -       I->ZN  R     inv0d2         3 11.6    99    84    7142    (-,-) 
  u_rls/mul_281_46_g5392/ZN                          -       A2->ZN F     nd12d1         1  2.8    79    59    7201    (-,-) 
  u_rls/g102260/Z                                    -       A1->Z  F     an02d1         2  6.6    98   188    7389    (-,-) 
  u_rls/g102259/ZN                                   -       A1->ZN R     nr02d1         1  4.3   181   140    7529    (-,-) 
  u_rls/g102258/ZN                                   -       A1->ZN F     nr02d1         3  8.7   105    94    7624    (-,-) 
  u_rls/g100822/ZN                                   -       A1->ZN R     nd02d1         1  6.9   175   106    7730    (-,-) 
  u_rls/g100821/ZN                                   -       A1->ZN F     nd02d2         2  9.9   104    85    7815    (-,-) 
  u_rls/g100823/ZN                                   -       A1->ZN R     nd02d2         4 19.1   196   114    7928    (-,-) 
  u_rls/g95040/ZN                                    -       I->ZN  F     inv0d2         2  6.8    59    47    7975    (-,-) 
  u_rls/g100644/ZN                                   -       A1->ZN R     nd02d1         2  6.9   175    97    8072    (-,-) 
  u_rls/g104861/ZN                                   -       B1->ZN R     oaim21d1       2  7.1   214   214    8286    (-,-) 
  u_rls/g102037/ZN                                   -       A1->ZN F     nd02d1         1  3.7   109    90    8376    (-,-) 
  u_rls/g102036/ZN                                   -       A2->ZN R     nd12d1         1  3.8   116    77    8453    (-,-) 
  u_rls/g98176/ZN                                    -       I->ZN  F     inv0d1         1  8.4    70    60    8513    (-,-) 
  u_rls/g101995/ZN                                   -       A2->ZN R     nr02d2         2 10.9   199   142    8655    (-,-) 
  u_rls/g100472/ZN                                   -       I->ZN  F     inv0d2         2 13.7    75    63    8717    (-,-) 
  u_rls/g100471/ZN                                   -       A1->ZN R     nd02d2         2  5.7   106    67    8784    (-,-) 
  u_rls/g101941/ZN                                   -       A2->ZN F     nd13d1         1  3.7   142    89    8873    (-,-) 
  u_rls/g100467/ZN                                   -       I->ZN  R     inv0d1         1  5.8   114    94    8967    (-,-) 
  u_rls/g102050/ZN                                   -       A1->ZN F     nr02d2         1  7.3    68    46    9012    (-,-) 
  u_rls/g102048/ZN                                   -       A2->ZN R     nd02d2         3 13.7   160   102    9114    (-,-) 
  u_rls/g102047/ZN                                   -       A1->ZN F     nd02d2         3 12.9   117    90    9204    (-,-) 
  u_rls/g102404/ZN                                   -       A1->ZN R     nd02d2         2 14.6   166   103    9307    (-,-) 
  u_rls/g102403/ZN                                   -       I->ZN  F     invbd2         3  9.5    73    69    9376    (-,-) 
  u_rls/fopt95311/ZN                                 -       I->ZN  R     inv0d1         1  3.3    81    63    9440    (-,-) 
  u_rls/g1111/ZN                                     -       A1->ZN F     nd02d1         1  3.9    97    69    9509    (-,-) 
  u_rls/g1106/ZN                                     -       B->ZN  R     oaim211d1      1  3.5   224   129    9638    (-,-) 
  u_rls/g1104/ZN                                     -       A2->ZN F     nd02d1         1  3.6   108    90    9728    (-,-) 
  u_rls/nr_x1_reg[13]/D                              -       -      F     sdcrn4         1    -     -     0    9728    (-,-) 
#----------------------------------------------------------------------------------------------------------------------------



Path 15: MET (0 ps) Setup Check with Pin u_rls/nr_x1_reg[11]/CP->D
          Group: aquila_clk
     Startpoint: (R) u_rls/xTx_acc_reg[18]/CP
          Clock: (R) aquila_clk
       Endpoint: (F) u_rls/nr_x1_reg[11]/D
          Clock: (R) aquila_clk

                     Capture       Launch     
        Clock Edge:+   10000            0     
       Src Latency:+       0            0     
       Net Latency:+       0 (I)        0 (I) 
           Arrival:=   10000            0     
                                              
             Setup:-     288                  
     Required Time:=    9712                  
      Launch Clock:-       0                  
         Data Path:-    9712                  
             Slack:=       0                  

#----------------------------------------------------------------------------------------------------------------------------
#                   Timing Point                     Flags    Arc   Edge   Cell     Fanout Load Trans Delay Arrival Instance 
#                                                                                          (fF)  (ps)  (ps)   (ps)  Location 
#----------------------------------------------------------------------------------------------------------------------------
  u_rls/xTx_acc_reg[18]/CP                           -       -      R     (arrival)    635    -     0     0       0    (-,-) 
  u_rls/xTx_acc_reg[18]/QN                           -       CP->QN F     dfcrn4         2 20.7   224   508     508    (-,-) 
  u_rls/g96495/ZN                                    -       I->ZN  R     invbd4         7 40.5   116   100     607    (-,-) 
  u_rls/g96494/ZN                                    -       I->ZN  F     inv0d2         5 19.8    69    59     666    (-,-) 
  u_rls/csa_tree_add_264_40_pad_groupi_g93626/ZN     -       A1->ZN R     nd02d2         1  6.9   117    69     735    (-,-) 
  u_rls/g25_105330/ZN                                -       A1->ZN F     nd02d2         2  9.0    92    71     807    (-,-) 
  u_rls/g102185/ZN                                   -       A3->ZN R     nd03d2         1 20.5   205   108     915    (-,-) 
  u_rls/g102184/ZN                                   -       I->ZN  F     invbd4        15 56.7   124   106    1020    (-,-) 
  u_rls/g102193/ZN                                   -       A1->ZN R     nd02d1         1  7.7   186   116    1137    (-,-) 
  u_rls/g100376/ZN                                   -       A2->ZN F     nd02d2         3 10.5   107    91    1227    (-,-) 
  u_rls/g100379/ZN                                   -       A2->ZN R     nr02d1         1  2.9   154    98    1326    (-,-) 
  u_rls/g103443/ZN                                   -       A1->ZN R     nd12d1         4 13.5   226   205    1531    (-,-) 
  u_rls/g97974/ZN                                    -       A1->ZN R     nd12d1         2  7.1   154   186    1716    (-,-) 
  u_rls/csa_tree_add_264_40_pad_groupi_g10774/ZN     -       A1->ZN F     nd02d1         1  3.7   108    80    1797    (-,-) 
  u_rls/csa_tree_add_264_40_pad_groupi_g91117/ZN     -       A2->ZN R     nd12d1         1  6.9   151    93    1890    (-,-) 
  u_rls/csa_tree_add_264_40_pad_groupi_g91116/ZN     -       A1->ZN F     nd02d2         3 14.0   130    91    1981    (-,-) 
  u_rls/fopt91121/ZN                                 -       I->ZN  R     inv0d1         2  7.6   134   101    2081    (-,-) 
  u_rls/csa_tree_add_264_40_pad_groupi_g10506/ZN     -       A1->ZN F     nd02d1         1  7.3   137    98    2179    (-,-) 
  u_rls/g97417/ZN                                    -       A2->ZN R     nd02d2         3 11.0   142   109    2288    (-,-) 
  u_rls/csa_tree_add_264_40_pad_groupi_g89921_dup/ZN -       A1->ZN R     nd12d2         1  8.1   112   148    2437    (-,-) 
  u_rls/g96716/ZN                                    -       A3->ZN F     nd03d2         2 13.4   175   106    2542    (-,-) 
  u_rls/g98866/ZN                                    -       A2->ZN R     nd12d2         1  8.0   111    92    2635    (-,-) 
  u_rls/g98865/ZN                                    -       I->ZN  F     inv0d2         2 11.0    50    47    2682    (-,-) 
  u_rls/g101640/ZN                                   -       A2->ZN R     nd03d2         2  7.5   140    81    2763    (-,-) 
  u_rls/g101643/ZN                                   -       A1->ZN F     nd02d1         1  6.4   128    94    2857    (-,-) 
  u_rls/g99819/ZN                                    -       A1->ZN R     nd02d2         2 17.0   182   113    2970    (-,-) 
  u_rls/g101642/ZN                                   -       A3->ZN F     nd03d2         9 33.4   301   177    3147    (-,-) 
  u_rls/csa_tree_add_264_40_pad_groupi_g93554/ZN     -       A2->ZN R     nr02d0         1  2.9   279   240    3388    (-,-) 
  u_rls/csa_tree_add_264_40_pad_groupi_g10039/ZN     -       A1->ZN R     nd12d1         2  7.6   160   196    3584    (-,-) 
  u_rls/g7872__91994/Z                               -       B1->Z  R     aor22d1        1  4.1   117   201    3785    (-,-) 
  u_rls/g94895/ZN                                    -       A->ZN  F     aon211d1       1  8.4   243   141    3926    (-,-) 
  u_rls/g94893/ZN                                    -       A2->ZN R     nr02d2         3  9.3   188   162    4088    (-,-) 
  u_rls/g149/ZN                                      -       A1->ZN F     nd04d1         1  3.7   182   148    4236    (-,-) 
  u_rls/g146/ZN                                      -       A2->ZN R     nd12d1         1  8.0   167   116    4352    (-,-) 
  u_rls/g145/ZN                                      -       I->ZN  F     inv0d2         4 22.0    83    70    4422    (-,-) 
  u_rls/g100285/ZN                                   -       A2->ZN R     nd12d2         3 32.3   243   136    4558    (-,-) 
  u_rls/csa_tree_sub_280_42_pad_groupi_g5700/ZN      -       A2->ZN F     nd02d1         2 10.5   183   133    4691    (-,-) 
  u_rls/g101898/ZN                                   -       A2->ZN R     nd02d2         3 14.4   166   130    4822    (-,-) 
  u_rls/g101897/ZN                                   -       A1->ZN F     nd03d2         1 15.3   184   140    4962    (-,-) 
  u_rls/g101896/ZN                                   -       I->ZN  R     inv0d4        10 42.6   156   121    5083    (-,-) 
  u_rls/g95899/ZN                                    -       A1->ZN F     nd02d1         1  6.4   169    97    5180    (-,-) 
  u_rls/g95898/ZN                                    -       A1->ZN R     nd02d2         3 15.4   172   118    5298    (-,-) 
  u_rls/csa_tree_sub_280_42_pad_groupi_g89847/ZN     -       I->ZN  F     inv0d2         1  7.3    55    46    5344    (-,-) 
  u_rls/csa_tree_sub_280_42_pad_groupi_g4990/ZN      -       A2->ZN R     nd12d2         3 15.3   151    85    5429    (-,-) 
  u_rls/g95844/ZN                                    -       A2->ZN F     nd02d2         1  7.3   104    77    5506    (-,-) 
  u_rls/g101755/ZN                                   -       A2->ZN R     nd12d2         2 10.7   126    83    5589    (-,-) 
  u_rls/g102467/ZN                                   -       A1->ZN F     nd02d2         2 10.6   114    78    5667    (-,-) 
  u_rls/g102465/ZN                                   -       A2->ZN R     nd12d2         2  7.1   106    76    5743    (-,-) 
  u_rls/g102464/ZN                                   -       A1->ZN F     nd02d1         1  6.4   136    88    5830    (-,-) 
  u_rls/g102110/ZN                                   -       A1->ZN R     nd02d2         2 10.7   140    96    5926    (-,-) 
  u_rls/g96370/ZN                                    -       A1->ZN F     nd02d2         2 11.0   124    81    6008    (-,-) 
  u_rls/g111/ZN                                      -       A2->ZN R     nd12d2         1  8.0   112    81    6088    (-,-) 
  u_rls/g94947/ZN                                    -       I->ZN  F     inv0d2         2  9.1    46    44    6132    (-,-) 
  u_rls/g100302/ZN                                   -       A1->ZN R     nd02d2         2 11.0   143    78    6209    (-,-) 
  u_rls/g95665/ZN                                    -       A2->ZN F     nd12d2         1  6.4    81    65    6274    (-,-) 
  u_rls/g95778/ZN                                    -       A1->ZN R     nd02d2         1  7.7   120    74    6349    (-,-) 
  u_rls/g99609/ZN                                    -       A2->ZN F     nd12d2         3 13.2   111    78    6426    (-,-) 
  u_rls/g100/ZN                                      -       I->ZN  R     inv0d1         1  6.9   125    92    6519    (-,-) 
  u_rls/g99/ZN                                       -       A1->ZN F     nd02d2         4 18.0   142    96    6615    (-,-) 
  u_rls/csa_tree_sub_280_42_pad_groupi_g4473/ZN      -       A2->ZN R     nd12d1         2  7.1   154   102    6717    (-,-) 
  u_rls/g102357/ZN                                   -       A1->ZN F     nd02d1         1  3.7   141    80    6797    (-,-) 
  u_rls/g102356/ZN                                   -       A2->ZN R     nd12d1         1  7.7   160   105    6902    (-,-) 
  u_rls/g102352/ZN                                   -       A2->ZN F     nd02d2         3 17.3   149   105    7007    (-,-) 
  u_rls/mul_281_46_g5423/ZN                          -       I->ZN  R     inv0d2         2 11.0    98    86    7093    (-,-) 
  u_rls/g102542/ZN                                   -       A2->ZN F     nd12d2         2  9.5    95    65    7159    (-,-) 
  u_rls/g100884/ZN                                   -       A1->ZN R     nd02d1         2  7.1   178   105    7264    (-,-) 
  u_rls/g100890/ZN                                   -       A1->ZN F     nd02d1         3 14.3   219   144    7408    (-,-) 
  u_rls/g95677/ZN                                    -       I->ZN  R     inv0d2         3  8.7    98    94    7503    (-,-) 
  u_rls/g101988/ZN                                   -       A1->ZN R     nd12d1         2  5.3   133   152    7654    (-,-) 
  u_rls/g101987/ZN                                   -       A1->ZN F     nd02d1         3  8.5   160   104    7759    (-,-) 
  u_rls/g101990/ZN                                   -       A1->ZN F     nd12d1         2  6.6   113   189    7947    (-,-) 
  u_rls/g295/ZN                                      -       A2->ZN R     nd02d1         1  3.9   132   100    8047    (-,-) 
  u_rls/g288/ZN                                      -       A2->ZN F     nd12d1         1  3.4    84    67    8114    (-,-) 
  u_rls/g95616/ZN                                    -       A->ZN  R     oaim31d1       3  9.4   218   109    8224    (-,-) 
  u_rls/g105027/ZN                                   -       A1->ZN R     nd12d1         1  6.9   151   183    8407    (-,-) 
  u_rls/g105026/ZN                                   -       A1->ZN F     nd02d2         2 10.0   111    80    8487    (-,-) 
  u_rls/mul_281_46_g5496/ZN                          -       A1->ZN F     nd12d1         2  6.8   116   178    8665    (-,-) 
  u_rls/mul_281_46_g4779/ZN                          -       I->ZN  R     inv0d1         1  8.9   149   105    8770    (-,-) 
  u_rls/g101468/ZN                                   -       A2->ZN F     nr02d2         1  6.4    65    57    8826    (-,-) 
  u_rls/g100854/ZN                                   -       A1->ZN R     nd02d2         3 14.6   172    92    8918    (-,-) 
  u_rls/mul_281_46_g4654/ZN                          -       A1->ZN F     nd03d2         3 15.3   203   141    9060    (-,-) 
  u_rls/fopt92437/ZN                                 -       I->ZN  R     inv0d2         2 10.5   102    98    9158    (-,-) 
  u_rls/g103638/ZN                                   -       A2->ZN F     nd12d2         4 13.3   112    74    9232    (-,-) 
  u_rls/g102399/ZN                                   -       A3->ZN R     nd03d1         2  7.8   246   157    9389    (-,-) 
  u_rls/g102396/ZN                                   -       A2->ZN F     nd12d1         2  8.0   139   108    9497    (-,-) 
  u_rls/g101144/ZN                                   -       A1->ZN R     nd02d1         1  3.7   129    94    9591    (-,-) 
  u_rls/g101143/ZN                                   -       A->ZN  F     oai211d1       1  3.6   188   121    9712    (-,-) 
  u_rls/nr_x1_reg[11]/D                              -       -      F     sdcrn4         1    -     -     0    9712    (-,-) 
#----------------------------------------------------------------------------------------------------------------------------



Path 16: MET (1 ps) Setup Check with Pin u_rls/y_acc_reg[26]/CP->D
          Group: aquila_clk
     Startpoint: (R) u_rls/x_dly_reg[1][9]/CP
          Clock: (R) aquila_clk
       Endpoint: (R) u_rls/y_acc_reg[26]/D
          Clock: (R) aquila_clk

                     Capture       Launch     
        Clock Edge:+   10000            0     
       Src Latency:+       0            0     
       Net Latency:+       0 (I)        0 (I) 
           Arrival:=   10000            0     
                                              
             Setup:-     164                  
     Required Time:=    9836                  
      Launch Clock:-       0                  
         Data Path:-    9836                  
             Slack:=       1                  

#-----------------------------------------------------------------------------------------------------------------------
#                Timing Point                  Flags    Arc   Edge   Cell     Fanout  Load Trans Delay Arrival Instance 
#                                                                                     (fF)  (ps)  (ps)   (ps)  Location 
#-----------------------------------------------------------------------------------------------------------------------
  u_rls/x_dly_reg[1][9]/CP                     -       -      R     (arrival)    635     -     0     0       0    (-,-) 
  u_rls/x_dly_reg[1][9]/Q                      -       CP->Q  F     dfcrq1        29 105.3   548   780     780    (-,-) 
  u_rls/csa_tree_ADD_TC_OP_28_groupi_g87608/ZN -       I->ZN  R     inv0d1        29 115.0  1456   788    1568    (-,-) 
  u_rls/csa_tree_ADD_TC_OP_28_groupi_g85635/ZN -       B2->ZN R     oaim22d1       1   3.3   295   313    1881    (-,-) 
  u_rls/csa_tree_ADD_TC_OP_28_groupi_g85120/ZN -       A1->ZN F     nd02d1         6  19.5   289   195    2076    (-,-) 
  u_rls/csa_tree_ADD_TC_OP_28_groupi_g85030/ZN -       I->ZN  R     inv0d1        11  42.5   563   331    2407    (-,-) 
  u_rls/csa_tree_ADD_TC_OP_28_groupi_g83934/ZN -       A2->ZN F     aoi22d1        3   9.1   234   148    2555    (-,-) 
  u_rls/csa_tree_ADD_TC_OP_28_groupi_g83817/ZN -       I->ZN  R     inv0d0         1   5.8   376   243    2798    (-,-) 
  u_rls/csa_tree_ADD_TC_OP_28_groupi_g83050/CO -       A->CO  R     cg01d1         3  13.7   226   301    3098    (-,-) 
  u_rls/csa_tree_ADD_TC_OP_28_groupi_g82192/Z  -       B2->Z  R     aoim22d1       2   7.6   291   276    3374    (-,-) 
  u_rls/csa_tree_ADD_TC_OP_28_groupi_g81988/ZN -       B2->ZN R     oaim22d1       2   8.8   368   300    3675    (-,-) 
  u_rls/g89008/Z                               -       A2->Z  R     xr03d1         2   9.1   166   465    4140    (-,-) 
  u_rls/g88967/Z                               -       A3->Z  F     xr03d1         1  16.5   173   608    4748    (-,-) 
  u_rls/csa_tree_ADD_TC_OP_28_groupi_g81122/CO -       B->CO  F     ad01d1         1  16.5   235   564    5312    (-,-) 
  u_rls/csa_tree_ADD_TC_OP_28_groupi_g81087/CO -       A->CO  F     ad01d1         1  16.5   235   572    5884    (-,-) 
  u_rls/csa_tree_ADD_TC_OP_28_groupi_g81024/CO -       B->CO  F     ad01d1         1  16.5   235   575    6460    (-,-) 
  u_rls/csa_tree_ADD_TC_OP_28_groupi_g80987/S  -       A->S   R     ad01d1         1  15.6   241   710    7169    (-,-) 
  u_rls/csa_tree_ADD_TC_OP_28_groupi_g80932/S  -       A->S   F     ad01d1         2   5.2   156   502    7671    (-,-) 
  u_rls/csa_tree_ADD_TC_OP_28_groupi_g80923/Z  -       A1->Z  F     or02d1         3  10.3   152   305    7976    (-,-) 
  u_rls/csa_tree_ADD_TC_OP_28_groupi_g80890/Z  -       A2->Z  F     an02d1         2   7.6   104   240    8217    (-,-) 
  u_rls/csa_tree_ADD_TC_OP_28_groupi_g80842/ZN -       B2->ZN R     aoi22d1        1   3.7   220   181    8397    (-,-) 
  u_rls/csa_tree_ADD_TC_OP_28_groupi_g80829/ZN -       A->ZN  F     oai211d1       5  18.4   367   225    8622    (-,-) 
  u_rls/csa_tree_ADD_TC_OP_28_groupi_g88156/ZN -       A2->ZN R     nr02d1         4  13.1   362   244    8866    (-,-) 
  u_rls/csa_tree_ADD_TC_OP_28_groupi_g80825/ZN -       I->ZN  F     inv0d0         3  10.0   250   177    9044    (-,-) 
  u_rls/csa_tree_ADD_TC_OP_28_groupi_g80812/ZN -       B1->ZN R     aoi21d1        2   7.1   444   283    9327    (-,-) 
  u_rls/csa_tree_ADD_TC_OP_28_groupi_g80808/ZN -       B1->ZN R     oaim22d1       1   4.3   279   277    9604    (-,-) 
  u_rls/g13101/ZN                              -       B2->ZN F     aoi22d1        1   3.7   158   131    9734    (-,-) 
  u_rls/g12691__9315/ZN                        -       A2->ZN R     nr02d1         1   2.1   141   101    9836    (-,-) 
  u_rls/y_acc_reg[26]/D                        -       -      R     dfcrq1         1     -     -     0    9836    (-,-) 
#-----------------------------------------------------------------------------------------------------------------------



Path 17: MET (1 ps) Setup Check with Pin u_rls/w_reg[3][5]/CP->D
          Group: aquila_clk
     Startpoint: (R) u_rls/update_idx_reg[1]/CP
          Clock: (R) aquila_clk
       Endpoint: (F) u_rls/w_reg[3][5]/D
          Clock: (R) aquila_clk

                     Capture       Launch     
        Clock Edge:+   10000            0     
       Src Latency:+       0            0     
       Net Latency:+       0 (I)        0 (I) 
           Arrival:=   10000            0     
                                              
             Setup:-     185                  
     Required Time:=    9815                  
      Launch Clock:-       0                  
         Data Path:-    9814                  
             Slack:=       1                  

#-------------------------------------------------------------------------------------------------------------------------
#                  Timing Point                   Flags    Arc   Edge   Cell     Fanout Load Trans Delay Arrival Instance 
#                                                                                       (fF)  (ps)  (ps)   (ps)  Location 
#-------------------------------------------------------------------------------------------------------------------------
  u_rls/update_idx_reg[1]/CP                      -       -      R     (arrival)    635    -     0     0       0    (-,-) 
  u_rls/update_idx_reg[1]/Q                       -       CP->Q  R     dfcrq4         7 31.1   148   520     520    (-,-) 
  u_rls/g7970/ZN                                  -       I->ZN  F     invbd2         5 26.1   117    95     615    (-,-) 
  u_rls/g7897__102483/ZN                          -       A1->ZN R     nd02d2         1  8.0   124    83     698    (-,-) 
  u_rls/g7888/ZN                                  -       I->ZN  F     inv0d2         2 14.6    60    53     751    (-,-) 
  u_rls/g7862__3680/ZN                            -       A2->ZN R     nd12d2         1 25.9   208   114     865    (-,-) 
  u_rls/g7843/ZN                                  -       I->ZN  F     inv0d7        24 86.4   103    87     952    (-,-) 
  u_rls/g105534/ZN                                -       B2->ZN F     oaim21d1       1  3.8    90   186    1138    (-,-) 
  u_rls/g103661/ZN                                -       A->ZN  R     aoi221d1       1  6.9   455   158    1296    (-,-) 
  u_rls/g7338__5115/ZN                            -       A1->ZN F     nd02d2         1  9.0   155   110    1407    (-,-) 
  u_rls/MULT_TC_OP_5_g11494/ZN                    -       I->ZN  R     invbd2         4 23.1   113    91    1498    (-,-) 
  u_rls/MULT_TC_OP_5_g11492/ZN                    -       I->ZN  F     inv0d2         3 13.2    54    50    1548    (-,-) 
  u_rls/g97939/ZN                                 -       A1->ZN R     nd02d2         1  6.9   117    66    1614    (-,-) 
  u_rls/g97938/ZN                                 -       A1->ZN F     nd02d2         1 23.8   170   109    1723    (-,-) 
  u_rls/MULT_TC_OP_5_g10968/ZN                    -       I->ZN  R     inv0d7        14 68.2   138   105    1828    (-,-) 
  u_rls/MULT_TC_OP_5_g10967/ZN                    -       I->ZN  F     inv0d4         5 19.0    53    47    1875    (-,-) 
  u_rls/MULT_TC_OP_5_g11652/Z                     -       A2->Z  F     an02d0         1  2.7    85   188    2063    (-,-) 
  u_rls/MULT_TC_OP_5_g10593/ZN                    -       A1->ZN F     nd12d1         2  6.8   115   172    2235    (-,-) 
  u_rls/MULT_TC_OP_5_g10515/ZN                    -       I->ZN  R     inv0d1         2 10.6   170   114    2349    (-,-) 
  u_rls/MULT_TC_OP_5_g10157/ZN                    -       A1->ZN R     nd12d1         1  7.7   160   179    2528    (-,-) 
  u_rls/MULT_TC_OP_5_g10146/ZN                    -       A2->ZN F     nd12d2         2 12.7   109    84    2612    (-,-) 
  u_rls/MULT_TC_OP_5_g9942/ZN                     -       I->ZN  R     invbd2         3 15.3    81    68    2680    (-,-) 
  u_rls/MULT_TC_OP_5_g9912/ZN                     -       A2->ZN F     nd12d2         2  7.2    84    57    2737    (-,-) 
  u_rls/MULT_TC_OP_5_g9860/ZN                     -       A2->ZN R     nd02d1         1  3.9   132    93    2830    (-,-) 
  u_rls/MULT_TC_OP_5_g9729/ZN                     -       A2->ZN F     nd12d1         1  6.4   112    82    2912    (-,-) 
  u_rls/MULT_TC_OP_5_g9704/ZN                     -       A1->ZN R     nd02d2         2 11.9   149    94    3006    (-,-) 
  u_rls/MULT_TC_OP_5_g9615/ZN                     -       I->ZN  F     inv0d2         3 11.1    59    52    3058    (-,-) 
  u_rls/MULT_TC_OP_5_g9584/ZN                     -       A2->ZN R     nd12d1         1  7.7   160    87    3145    (-,-) 
  u_rls/MULT_TC_OP_5_g9552/ZN                     -       A2->ZN F     nd02d2         2  7.4    90    78    3223    (-,-) 
  u_rls/MULT_TC_OP_5_g9489/ZN                     -       I->ZN  R     inv0d1         1  3.9    88    71    3294    (-,-) 
  u_rls/MULT_TC_OP_5_g9467/ZN                     -       A2->ZN F     nd12d1         1  7.3   120    78    3371    (-,-) 
  u_rls/MULT_TC_OP_5_g9452/ZN                     -       A2->ZN R     nd02d2         3 10.3   138   103    3474    (-,-) 
  u_rls/MULT_TC_OP_5_g11693/ZN                    -       A1->ZN R     nd12d1         1  6.9   151   168    3642    (-,-) 
  u_rls/MULT_TC_OP_5_g9353/ZN                     -       A1->ZN F     nd02d2         2  5.7    82    68    3710    (-,-) 
  u_rls/MULT_TC_OP_5_g11685/Z                     -       A2->Z  F     or02d1         3 11.8   161   341    4051    (-,-) 
  u_rls/MULT_TC_OP_5_g9253/ZN                     -       A1->ZN R     nd02d2         2  7.1   117    90    4141    (-,-) 
  u_rls/g103580/ZN                                -       A1->ZN R     nd12d2         1  8.0   111   143    4284    (-,-) 
  u_rls/g99800/ZN                                 -       I->ZN  F     inv0d2         2 11.2    50    47    4332    (-,-) 
  u_rls/g102521/ZN                                -       A2->ZN R     nd02d1         2  5.7   158    97    4429    (-,-) 
  u_rls/fopt96092/Z                               -       I->Z   R     buffd1         1  6.9   121   152    4581    (-,-) 
  u_rls/g97255/ZN                                 -       A1->ZN F     nd02d2         4  9.8    98    74    4655    (-,-) 
  u_rls/g97833/ZN                                 -       A1->ZN R     nd02d1         2  7.1   178   106    4762    (-,-) 
  u_rls/g210/ZN                                   -       A1->ZN F     nd02d1         1  2.4   126    76    4837    (-,-) 
  u_rls/g101027/ZN                                -       B1->ZN F     oaim21d1       3 15.0   196   242    5079    (-,-) 
  u_rls/g97830/Z                                  -       I->Z   F     buffd2        19 56.6   247   261    5340    (-,-) 
  u_rls/g97829/ZN                                 -       I->ZN  R     inv0d0         1  3.8   271   199    5539    (-,-) 
  u_rls/g14/ZN                                    -       I->ZN  F     inv0d1         6 21.4   158   124    5663    (-,-) 
  u_rls/csa_tree_SUB_TC_OP56_pad_groupi_g14184/ZN -       A1->ZN R     oaim22d1       2  7.4   347   192    5855    (-,-) 
  u_rls/csa_tree_SUB_TC_OP56_pad_groupi_g13794/ZN -       A1->ZN F     aoi22d1        3  7.7   288   127    5982    (-,-) 
  u_rls/csa_tree_SUB_TC_OP56_pad_groupi_g13747/ZN -       I->ZN  R     inv0d0         1  6.0   388   262    6244    (-,-) 
  u_rls/g104245/CO                                -       A->CO  R     cg01d0         2 12.1   402   372    6616    (-,-) 
  u_rls/g104224/CO                                -       A->CO  R     cg01d0         2  8.8   309   331    6946    (-,-) 
  u_rls/g104215/Z                                 -       A1->Z  F     xr02d1         3 13.5   186   443    7390    (-,-) 
  u_rls/g102287/Z                                 -       B1->Z  F     aoim22d1       2  6.4   132   266    7655    (-,-) 
  u_rls/g102286/ZN                                -       B1->ZN F     oaim22d1       2  7.9   171   205    7860    (-,-) 
  u_rls/g102283/ZN                                -       B1->ZN R     oai21d1        2  4.4   364   236    8097    (-,-) 
  u_rls/g102282/ZN                                -       I->ZN  F     inv0d0         1  3.7   157   107    8204    (-,-) 
  u_rls/g102280/ZN                                -       A2->ZN R     aoi322d1       1  3.9   384   153    8356    (-,-) 
  u_rls/g102279/ZN                                -       B->ZN  F     oai211d1       1  3.5   196   167    8523    (-,-) 
  u_rls/g101420/ZN                                -       A2->ZN R     nd03d1         2  7.1   236   150    8673    (-,-) 
  u_rls/g101419/ZN                                -       A1->ZN F     nd02d1         1  2.7   104    85    8758    (-,-) 
  u_rls/g99326/ZN                                 -       A1->ZN F     nd12d1         1  7.3   120   178    8936    (-,-) 
  u_rls/g99320/ZN                                 -       A2->ZN R     nd02d2         4 18.8   194   129    9065    (-,-) 
  u_rls/g98842/ZN                                 -       I->ZN  F     inv0d2         3 18.6    82    70    9135    (-,-) 
  u_rls/g98844/ZN                                 -       A2->ZN R     nd02d2         1 20.5   205   125    9260    (-,-) 
  u_rls/g98843/ZN                                 -       I->ZN  F     invbd4        15 46.7   112    97    9357    (-,-) 
  u_rls/g12999/ZN                                 -       A1->ZN R     nd02d1         1  7.7   186   113    9470    (-,-) 
  u_rls/g12754__5477/ZN                           -       A2->ZN F     nd12d2         8 29.6   184   125    9595    (-,-) 
  u_rls/g12108__5107/Z                            -       A2->Z  F     aor22d1        1  2.0    77   219    9814    (-,-) 
  u_rls/w_reg[3][5]/D                             -       -      F     dfcrb1         1    -     -     0    9814    (-,-) 
#-------------------------------------------------------------------------------------------------------------------------



Path 18: MET (1 ps) Setup Check with Pin u_rls/w_reg[3][7]/CP->D
          Group: aquila_clk
     Startpoint: (R) u_rls/update_idx_reg[1]/CP
          Clock: (R) aquila_clk
       Endpoint: (F) u_rls/w_reg[3][7]/D
          Clock: (R) aquila_clk

                     Capture       Launch     
        Clock Edge:+   10000            0     
       Src Latency:+       0            0     
       Net Latency:+       0 (I)        0 (I) 
           Arrival:=   10000            0     
                                              
             Setup:-     185                  
     Required Time:=    9815                  
      Launch Clock:-       0                  
         Data Path:-    9814                  
             Slack:=       1                  

#-------------------------------------------------------------------------------------------------------------------------
#                  Timing Point                   Flags    Arc   Edge   Cell     Fanout Load Trans Delay Arrival Instance 
#                                                                                       (fF)  (ps)  (ps)   (ps)  Location 
#-------------------------------------------------------------------------------------------------------------------------
  u_rls/update_idx_reg[1]/CP                      -       -      R     (arrival)    635    -     0     0       0    (-,-) 
  u_rls/update_idx_reg[1]/Q                       -       CP->Q  R     dfcrq4         7 31.1   148   520     520    (-,-) 
  u_rls/g7970/ZN                                  -       I->ZN  F     invbd2         5 26.1   117    95     615    (-,-) 
  u_rls/g7897__102483/ZN                          -       A1->ZN R     nd02d2         1  8.0   124    83     698    (-,-) 
  u_rls/g7888/ZN                                  -       I->ZN  F     inv0d2         2 14.6    60    53     751    (-,-) 
  u_rls/g7862__3680/ZN                            -       A2->ZN R     nd12d2         1 25.9   208   114     865    (-,-) 
  u_rls/g7843/ZN                                  -       I->ZN  F     inv0d7        24 86.4   103    87     952    (-,-) 
  u_rls/g105534/ZN                                -       B2->ZN F     oaim21d1       1  3.8    90   186    1138    (-,-) 
  u_rls/g103661/ZN                                -       A->ZN  R     aoi221d1       1  6.9   455   158    1296    (-,-) 
  u_rls/g7338__5115/ZN                            -       A1->ZN F     nd02d2         1  9.0   155   110    1407    (-,-) 
  u_rls/MULT_TC_OP_5_g11494/ZN                    -       I->ZN  R     invbd2         4 23.1   113    91    1498    (-,-) 
  u_rls/MULT_TC_OP_5_g11492/ZN                    -       I->ZN  F     inv0d2         3 13.2    54    50    1548    (-,-) 
  u_rls/g97939/ZN                                 -       A1->ZN R     nd02d2         1  6.9   117    66    1614    (-,-) 
  u_rls/g97938/ZN                                 -       A1->ZN F     nd02d2         1 23.8   170   109    1723    (-,-) 
  u_rls/MULT_TC_OP_5_g10968/ZN                    -       I->ZN  R     inv0d7        14 68.2   138   105    1828    (-,-) 
  u_rls/MULT_TC_OP_5_g10967/ZN                    -       I->ZN  F     inv0d4         5 19.0    53    47    1875    (-,-) 
  u_rls/MULT_TC_OP_5_g11652/Z                     -       A2->Z  F     an02d0         1  2.7    85   188    2063    (-,-) 
  u_rls/MULT_TC_OP_5_g10593/ZN                    -       A1->ZN F     nd12d1         2  6.8   115   172    2235    (-,-) 
  u_rls/MULT_TC_OP_5_g10515/ZN                    -       I->ZN  R     inv0d1         2 10.6   170   114    2349    (-,-) 
  u_rls/MULT_TC_OP_5_g10157/ZN                    -       A1->ZN R     nd12d1         1  7.7   160   179    2528    (-,-) 
  u_rls/MULT_TC_OP_5_g10146/ZN                    -       A2->ZN F     nd12d2         2 12.7   109    84    2612    (-,-) 
  u_rls/MULT_TC_OP_5_g9942/ZN                     -       I->ZN  R     invbd2         3 15.3    81    68    2680    (-,-) 
  u_rls/MULT_TC_OP_5_g9912/ZN                     -       A2->ZN F     nd12d2         2  7.2    84    57    2737    (-,-) 
  u_rls/MULT_TC_OP_5_g9860/ZN                     -       A2->ZN R     nd02d1         1  3.9   132    93    2830    (-,-) 
  u_rls/MULT_TC_OP_5_g9729/ZN                     -       A2->ZN F     nd12d1         1  6.4   112    82    2912    (-,-) 
  u_rls/MULT_TC_OP_5_g9704/ZN                     -       A1->ZN R     nd02d2         2 11.9   149    94    3006    (-,-) 
  u_rls/MULT_TC_OP_5_g9615/ZN                     -       I->ZN  F     inv0d2         3 11.1    59    52    3058    (-,-) 
  u_rls/MULT_TC_OP_5_g9584/ZN                     -       A2->ZN R     nd12d1         1  7.7   160    87    3145    (-,-) 
  u_rls/MULT_TC_OP_5_g9552/ZN                     -       A2->ZN F     nd02d2         2  7.4    90    78    3223    (-,-) 
  u_rls/MULT_TC_OP_5_g9489/ZN                     -       I->ZN  R     inv0d1         1  3.9    88    71    3294    (-,-) 
  u_rls/MULT_TC_OP_5_g9467/ZN                     -       A2->ZN F     nd12d1         1  7.3   120    78    3371    (-,-) 
  u_rls/MULT_TC_OP_5_g9452/ZN                     -       A2->ZN R     nd02d2         3 10.3   138   103    3474    (-,-) 
  u_rls/MULT_TC_OP_5_g11693/ZN                    -       A1->ZN R     nd12d1         1  6.9   151   168    3642    (-,-) 
  u_rls/MULT_TC_OP_5_g9353/ZN                     -       A1->ZN F     nd02d2         2  5.7    82    68    3710    (-,-) 
  u_rls/MULT_TC_OP_5_g11685/Z                     -       A2->Z  F     or02d1         3 11.8   161   341    4051    (-,-) 
  u_rls/MULT_TC_OP_5_g9253/ZN                     -       A1->ZN R     nd02d2         2  7.1   117    90    4141    (-,-) 
  u_rls/g103580/ZN                                -       A1->ZN R     nd12d2         1  8.0   111   143    4284    (-,-) 
  u_rls/g99800/ZN                                 -       I->ZN  F     inv0d2         2 11.2    50    47    4332    (-,-) 
  u_rls/g102521/ZN                                -       A2->ZN R     nd02d1         2  5.7   158    97    4429    (-,-) 
  u_rls/fopt96092/Z                               -       I->Z   R     buffd1         1  6.9   121   152    4581    (-,-) 
  u_rls/g97255/ZN                                 -       A1->ZN F     nd02d2         4  9.8    98    74    4655    (-,-) 
  u_rls/g97833/ZN                                 -       A1->ZN R     nd02d1         2  7.1   178   106    4762    (-,-) 
  u_rls/g210/ZN                                   -       A1->ZN F     nd02d1         1  2.4   126    76    4837    (-,-) 
  u_rls/g101027/ZN                                -       B1->ZN F     oaim21d1       3 15.0   196   242    5079    (-,-) 
  u_rls/g97830/Z                                  -       I->Z   F     buffd2        19 56.6   247   261    5340    (-,-) 
  u_rls/g97829/ZN                                 -       I->ZN  R     inv0d0         1  3.8   271   199    5539    (-,-) 
  u_rls/g14/ZN                                    -       I->ZN  F     inv0d1         6 21.4   158   124    5663    (-,-) 
  u_rls/csa_tree_SUB_TC_OP56_pad_groupi_g14184/ZN -       A1->ZN R     oaim22d1       2  7.4   347   192    5855    (-,-) 
  u_rls/csa_tree_SUB_TC_OP56_pad_groupi_g13794/ZN -       A1->ZN F     aoi22d1        3  7.7   288   127    5982    (-,-) 
  u_rls/csa_tree_SUB_TC_OP56_pad_groupi_g13747/ZN -       I->ZN  R     inv0d0         1  6.0   388   262    6244    (-,-) 
  u_rls/g104245/CO                                -       A->CO  R     cg01d0         2 12.1   402   372    6616    (-,-) 
  u_rls/g104224/CO                                -       A->CO  R     cg01d0         2  8.8   309   331    6946    (-,-) 
  u_rls/g104215/Z                                 -       A1->Z  F     xr02d1         3 13.5   186   443    7390    (-,-) 
  u_rls/g102287/Z                                 -       B1->Z  F     aoim22d1       2  6.4   132   266    7655    (-,-) 
  u_rls/g102286/ZN                                -       B1->ZN F     oaim22d1       2  7.9   171   205    7860    (-,-) 
  u_rls/g102283/ZN                                -       B1->ZN R     oai21d1        2  4.4   364   236    8097    (-,-) 
  u_rls/g102282/ZN                                -       I->ZN  F     inv0d0         1  3.7   157   107    8204    (-,-) 
  u_rls/g102280/ZN                                -       A2->ZN R     aoi322d1       1  3.9   384   153    8356    (-,-) 
  u_rls/g102279/ZN                                -       B->ZN  F     oai211d1       1  3.5   196   167    8523    (-,-) 
  u_rls/g101420/ZN                                -       A2->ZN R     nd03d1         2  7.1   236   150    8673    (-,-) 
  u_rls/g101419/ZN                                -       A1->ZN F     nd02d1         1  2.7   104    85    8758    (-,-) 
  u_rls/g99326/ZN                                 -       A1->ZN F     nd12d1         1  7.3   120   178    8936    (-,-) 
  u_rls/g99320/ZN                                 -       A2->ZN R     nd02d2         4 18.8   194   129    9065    (-,-) 
  u_rls/g98842/ZN                                 -       I->ZN  F     inv0d2         3 18.6    82    70    9135    (-,-) 
  u_rls/g98844/ZN                                 -       A2->ZN R     nd02d2         1 20.5   205   125    9260    (-,-) 
  u_rls/g98843/ZN                                 -       I->ZN  F     invbd4        15 46.7   112    97    9357    (-,-) 
  u_rls/g13014/ZN                                 -       A1->ZN R     nd02d1         1  7.7   186   113    9470    (-,-) 
  u_rls/g12765__1705/ZN                           -       A2->ZN F     nd12d2         8 29.6   184   125    9595    (-,-) 
  u_rls/g11955__9945/Z                            -       A2->Z  F     aor22d1        1  2.0    77   219    9814    (-,-) 
  u_rls/w_reg[3][7]/D                             -       -      F     dfcrb1         1    -     -     0    9814    (-,-) 
#-------------------------------------------------------------------------------------------------------------------------



Path 19: MET (1 ps) Setup Check with Pin u_rls/w_reg[0][11]/CP->D
          Group: aquila_clk
     Startpoint: (R) u_rls/update_idx_reg[1]/CP
          Clock: (R) aquila_clk
       Endpoint: (F) u_rls/w_reg[0][11]/D
          Clock: (R) aquila_clk

                     Capture       Launch     
        Clock Edge:+   10000            0     
       Src Latency:+       0            0     
       Net Latency:+       0 (I)        0 (I) 
           Arrival:=   10000            0     
                                              
             Setup:-     185                  
     Required Time:=    9815                  
      Launch Clock:-       0                  
         Data Path:-    9814                  
             Slack:=       1                  

#-------------------------------------------------------------------------------------------------------------------------
#                  Timing Point                   Flags    Arc   Edge   Cell     Fanout Load Trans Delay Arrival Instance 
#                                                                                       (fF)  (ps)  (ps)   (ps)  Location 
#-------------------------------------------------------------------------------------------------------------------------
  u_rls/update_idx_reg[1]/CP                      -       -      R     (arrival)    635    -     0     0       0    (-,-) 
  u_rls/update_idx_reg[1]/Q                       -       CP->Q  R     dfcrq4         7 31.1   148   520     520    (-,-) 
  u_rls/g7970/ZN                                  -       I->ZN  F     invbd2         5 26.1   117    95     615    (-,-) 
  u_rls/g7897__102483/ZN                          -       A1->ZN R     nd02d2         1  8.0   124    83     698    (-,-) 
  u_rls/g7888/ZN                                  -       I->ZN  F     inv0d2         2 14.6    60    53     751    (-,-) 
  u_rls/g7862__3680/ZN                            -       A2->ZN R     nd12d2         1 25.9   208   114     865    (-,-) 
  u_rls/g7843/ZN                                  -       I->ZN  F     inv0d7        24 86.4   103    87     952    (-,-) 
  u_rls/g105534/ZN                                -       B2->ZN F     oaim21d1       1  3.8    90   186    1138    (-,-) 
  u_rls/g103661/ZN                                -       A->ZN  R     aoi221d1       1  6.9   455   158    1296    (-,-) 
  u_rls/g7338__5115/ZN                            -       A1->ZN F     nd02d2         1  9.0   155   110    1407    (-,-) 
  u_rls/MULT_TC_OP_5_g11494/ZN                    -       I->ZN  R     invbd2         4 23.1   113    91    1498    (-,-) 
  u_rls/MULT_TC_OP_5_g11492/ZN                    -       I->ZN  F     inv0d2         3 13.2    54    50    1548    (-,-) 
  u_rls/g97939/ZN                                 -       A1->ZN R     nd02d2         1  6.9   117    66    1614    (-,-) 
  u_rls/g97938/ZN                                 -       A1->ZN F     nd02d2         1 23.8   170   109    1723    (-,-) 
  u_rls/MULT_TC_OP_5_g10968/ZN                    -       I->ZN  R     inv0d7        14 68.2   138   105    1828    (-,-) 
  u_rls/MULT_TC_OP_5_g10967/ZN                    -       I->ZN  F     inv0d4         5 19.0    53    47    1875    (-,-) 
  u_rls/MULT_TC_OP_5_g11652/Z                     -       A2->Z  F     an02d0         1  2.7    85   188    2063    (-,-) 
  u_rls/MULT_TC_OP_5_g10593/ZN                    -       A1->ZN F     nd12d1         2  6.8   115   172    2235    (-,-) 
  u_rls/MULT_TC_OP_5_g10515/ZN                    -       I->ZN  R     inv0d1         2 10.6   170   114    2349    (-,-) 
  u_rls/MULT_TC_OP_5_g10157/ZN                    -       A1->ZN R     nd12d1         1  7.7   160   179    2528    (-,-) 
  u_rls/MULT_TC_OP_5_g10146/ZN                    -       A2->ZN F     nd12d2         2 12.7   109    84    2612    (-,-) 
  u_rls/MULT_TC_OP_5_g9942/ZN                     -       I->ZN  R     invbd2         3 15.3    81    68    2680    (-,-) 
  u_rls/MULT_TC_OP_5_g9912/ZN                     -       A2->ZN F     nd12d2         2  7.2    84    57    2737    (-,-) 
  u_rls/MULT_TC_OP_5_g9860/ZN                     -       A2->ZN R     nd02d1         1  3.9   132    93    2830    (-,-) 
  u_rls/MULT_TC_OP_5_g9729/ZN                     -       A2->ZN F     nd12d1         1  6.4   112    82    2912    (-,-) 
  u_rls/MULT_TC_OP_5_g9704/ZN                     -       A1->ZN R     nd02d2         2 11.9   149    94    3006    (-,-) 
  u_rls/MULT_TC_OP_5_g9615/ZN                     -       I->ZN  F     inv0d2         3 11.1    59    52    3058    (-,-) 
  u_rls/MULT_TC_OP_5_g9584/ZN                     -       A2->ZN R     nd12d1         1  7.7   160    87    3145    (-,-) 
  u_rls/MULT_TC_OP_5_g9552/ZN                     -       A2->ZN F     nd02d2         2  7.4    90    78    3223    (-,-) 
  u_rls/MULT_TC_OP_5_g9489/ZN                     -       I->ZN  R     inv0d1         1  3.9    88    71    3294    (-,-) 
  u_rls/MULT_TC_OP_5_g9467/ZN                     -       A2->ZN F     nd12d1         1  7.3   120    78    3371    (-,-) 
  u_rls/MULT_TC_OP_5_g9452/ZN                     -       A2->ZN R     nd02d2         3 10.3   138   103    3474    (-,-) 
  u_rls/MULT_TC_OP_5_g11693/ZN                    -       A1->ZN R     nd12d1         1  6.9   151   168    3642    (-,-) 
  u_rls/MULT_TC_OP_5_g9353/ZN                     -       A1->ZN F     nd02d2         2  5.7    82    68    3710    (-,-) 
  u_rls/MULT_TC_OP_5_g11685/Z                     -       A2->Z  F     or02d1         3 11.8   161   341    4051    (-,-) 
  u_rls/MULT_TC_OP_5_g9253/ZN                     -       A1->ZN R     nd02d2         2  7.1   117    90    4141    (-,-) 
  u_rls/g103580/ZN                                -       A1->ZN R     nd12d2         1  8.0   111   143    4284    (-,-) 
  u_rls/g99800/ZN                                 -       I->ZN  F     inv0d2         2 11.2    50    47    4332    (-,-) 
  u_rls/g102521/ZN                                -       A2->ZN R     nd02d1         2  5.7   158    97    4429    (-,-) 
  u_rls/fopt96092/Z                               -       I->Z   R     buffd1         1  6.9   121   152    4581    (-,-) 
  u_rls/g97255/ZN                                 -       A1->ZN F     nd02d2         4  9.8    98    74    4655    (-,-) 
  u_rls/g97833/ZN                                 -       A1->ZN R     nd02d1         2  7.1   178   106    4762    (-,-) 
  u_rls/g210/ZN                                   -       A1->ZN F     nd02d1         1  2.4   126    76    4837    (-,-) 
  u_rls/g101027/ZN                                -       B1->ZN F     oaim21d1       3 15.0   196   242    5079    (-,-) 
  u_rls/g97830/Z                                  -       I->Z   F     buffd2        19 56.6   247   261    5340    (-,-) 
  u_rls/g97829/ZN                                 -       I->ZN  R     inv0d0         1  3.8   271   199    5539    (-,-) 
  u_rls/g14/ZN                                    -       I->ZN  F     inv0d1         6 21.4   158   124    5663    (-,-) 
  u_rls/csa_tree_SUB_TC_OP56_pad_groupi_g14184/ZN -       A1->ZN R     oaim22d1       2  7.4   347   192    5855    (-,-) 
  u_rls/csa_tree_SUB_TC_OP56_pad_groupi_g13794/ZN -       A1->ZN F     aoi22d1        3  7.7   288   127    5982    (-,-) 
  u_rls/csa_tree_SUB_TC_OP56_pad_groupi_g13747/ZN -       I->ZN  R     inv0d0         1  6.0   388   262    6244    (-,-) 
  u_rls/g104245/CO                                -       A->CO  R     cg01d0         2 12.1   402   372    6616    (-,-) 
  u_rls/g104224/CO                                -       A->CO  R     cg01d0         2  8.8   309   331    6946    (-,-) 
  u_rls/g104215/Z                                 -       A1->Z  F     xr02d1         3 13.5   186   443    7390    (-,-) 
  u_rls/g102287/Z                                 -       B1->Z  F     aoim22d1       2  6.4   132   266    7655    (-,-) 
  u_rls/g102286/ZN                                -       B1->ZN F     oaim22d1       2  7.9   171   205    7860    (-,-) 
  u_rls/g102283/ZN                                -       B1->ZN R     oai21d1        2  4.4   364   236    8097    (-,-) 
  u_rls/g102282/ZN                                -       I->ZN  F     inv0d0         1  3.7   157   107    8204    (-,-) 
  u_rls/g102280/ZN                                -       A2->ZN R     aoi322d1       1  3.9   384   153    8356    (-,-) 
  u_rls/g102279/ZN                                -       B->ZN  F     oai211d1       1  3.5   196   167    8523    (-,-) 
  u_rls/g101420/ZN                                -       A2->ZN R     nd03d1         2  7.1   236   150    8673    (-,-) 
  u_rls/g101419/ZN                                -       A1->ZN F     nd02d1         1  2.7   104    85    8758    (-,-) 
  u_rls/g99326/ZN                                 -       A1->ZN F     nd12d1         1  7.3   120   178    8936    (-,-) 
  u_rls/g99320/ZN                                 -       A2->ZN R     nd02d2         4 18.8   194   129    9065    (-,-) 
  u_rls/g98842/ZN                                 -       I->ZN  F     inv0d2         3 18.6    82    70    9135    (-,-) 
  u_rls/g98844/ZN                                 -       A2->ZN R     nd02d2         1 20.5   205   125    9260    (-,-) 
  u_rls/g98843/ZN                                 -       I->ZN  F     invbd4        15 46.7   112    97    9357    (-,-) 
  u_rls/g13003/ZN                                 -       A1->ZN R     nd02d1         1  7.7   186   113    9470    (-,-) 
  u_rls/g12760__5526/ZN                           -       A2->ZN F     nd12d2         8 29.6   184   125    9595    (-,-) 
  u_rls/g12067__5115/Z                            -       A2->Z  F     aor22d1        1  2.0    77   219    9814    (-,-) 
  u_rls/w_reg[0][11]/D                            -       -      F     dfcrb1         1    -     -     0    9814    (-,-) 
#-------------------------------------------------------------------------------------------------------------------------



Path 20: MET (1 ps) Setup Check with Pin u_rls/w_reg[4][6]/CP->D
          Group: aquila_clk
     Startpoint: (R) u_rls/update_idx_reg[1]/CP
          Clock: (R) aquila_clk
       Endpoint: (F) u_rls/w_reg[4][6]/D
          Clock: (R) aquila_clk

                     Capture       Launch     
        Clock Edge:+   10000            0     
       Src Latency:+       0            0     
       Net Latency:+       0 (I)        0 (I) 
           Arrival:=   10000            0     
                                              
             Setup:-     185                  
     Required Time:=    9815                  
      Launch Clock:-       0                  
         Data Path:-    9814                  
             Slack:=       1                  

#-------------------------------------------------------------------------------------------------------------------------
#                  Timing Point                   Flags    Arc   Edge   Cell     Fanout Load Trans Delay Arrival Instance 
#                                                                                       (fF)  (ps)  (ps)   (ps)  Location 
#-------------------------------------------------------------------------------------------------------------------------
  u_rls/update_idx_reg[1]/CP                      -       -      R     (arrival)    635    -     0     0       0    (-,-) 
  u_rls/update_idx_reg[1]/Q                       -       CP->Q  R     dfcrq4         7 31.1   148   520     520    (-,-) 
  u_rls/g7970/ZN                                  -       I->ZN  F     invbd2         5 26.1   117    95     615    (-,-) 
  u_rls/g7897__102483/ZN                          -       A1->ZN R     nd02d2         1  8.0   124    83     698    (-,-) 
  u_rls/g7888/ZN                                  -       I->ZN  F     inv0d2         2 14.6    60    53     751    (-,-) 
  u_rls/g7862__3680/ZN                            -       A2->ZN R     nd12d2         1 25.9   208   114     865    (-,-) 
  u_rls/g7843/ZN                                  -       I->ZN  F     inv0d7        24 86.4   103    87     952    (-,-) 
  u_rls/g105534/ZN                                -       B2->ZN F     oaim21d1       1  3.8    90   186    1138    (-,-) 
  u_rls/g103661/ZN                                -       A->ZN  R     aoi221d1       1  6.9   455   158    1296    (-,-) 
  u_rls/g7338__5115/ZN                            -       A1->ZN F     nd02d2         1  9.0   155   110    1407    (-,-) 
  u_rls/MULT_TC_OP_5_g11494/ZN                    -       I->ZN  R     invbd2         4 23.1   113    91    1498    (-,-) 
  u_rls/MULT_TC_OP_5_g11492/ZN                    -       I->ZN  F     inv0d2         3 13.2    54    50    1548    (-,-) 
  u_rls/g97939/ZN                                 -       A1->ZN R     nd02d2         1  6.9   117    66    1614    (-,-) 
  u_rls/g97938/ZN                                 -       A1->ZN F     nd02d2         1 23.8   170   109    1723    (-,-) 
  u_rls/MULT_TC_OP_5_g10968/ZN                    -       I->ZN  R     inv0d7        14 68.2   138   105    1828    (-,-) 
  u_rls/MULT_TC_OP_5_g10967/ZN                    -       I->ZN  F     inv0d4         5 19.0    53    47    1875    (-,-) 
  u_rls/MULT_TC_OP_5_g11652/Z                     -       A2->Z  F     an02d0         1  2.7    85   188    2063    (-,-) 
  u_rls/MULT_TC_OP_5_g10593/ZN                    -       A1->ZN F     nd12d1         2  6.8   115   172    2235    (-,-) 
  u_rls/MULT_TC_OP_5_g10515/ZN                    -       I->ZN  R     inv0d1         2 10.6   170   114    2349    (-,-) 
  u_rls/MULT_TC_OP_5_g10157/ZN                    -       A1->ZN R     nd12d1         1  7.7   160   179    2528    (-,-) 
  u_rls/MULT_TC_OP_5_g10146/ZN                    -       A2->ZN F     nd12d2         2 12.7   109    84    2612    (-,-) 
  u_rls/MULT_TC_OP_5_g9942/ZN                     -       I->ZN  R     invbd2         3 15.3    81    68    2680    (-,-) 
  u_rls/MULT_TC_OP_5_g9912/ZN                     -       A2->ZN F     nd12d2         2  7.2    84    57    2737    (-,-) 
  u_rls/MULT_TC_OP_5_g9860/ZN                     -       A2->ZN R     nd02d1         1  3.9   132    93    2830    (-,-) 
  u_rls/MULT_TC_OP_5_g9729/ZN                     -       A2->ZN F     nd12d1         1  6.4   112    82    2912    (-,-) 
  u_rls/MULT_TC_OP_5_g9704/ZN                     -       A1->ZN R     nd02d2         2 11.9   149    94    3006    (-,-) 
  u_rls/MULT_TC_OP_5_g9615/ZN                     -       I->ZN  F     inv0d2         3 11.1    59    52    3058    (-,-) 
  u_rls/MULT_TC_OP_5_g9584/ZN                     -       A2->ZN R     nd12d1         1  7.7   160    87    3145    (-,-) 
  u_rls/MULT_TC_OP_5_g9552/ZN                     -       A2->ZN F     nd02d2         2  7.4    90    78    3223    (-,-) 
  u_rls/MULT_TC_OP_5_g9489/ZN                     -       I->ZN  R     inv0d1         1  3.9    88    71    3294    (-,-) 
  u_rls/MULT_TC_OP_5_g9467/ZN                     -       A2->ZN F     nd12d1         1  7.3   120    78    3371    (-,-) 
  u_rls/MULT_TC_OP_5_g9452/ZN                     -       A2->ZN R     nd02d2         3 10.3   138   103    3474    (-,-) 
  u_rls/MULT_TC_OP_5_g11693/ZN                    -       A1->ZN R     nd12d1         1  6.9   151   168    3642    (-,-) 
  u_rls/MULT_TC_OP_5_g9353/ZN                     -       A1->ZN F     nd02d2         2  5.7    82    68    3710    (-,-) 
  u_rls/MULT_TC_OP_5_g11685/Z                     -       A2->Z  F     or02d1         3 11.8   161   341    4051    (-,-) 
  u_rls/MULT_TC_OP_5_g9253/ZN                     -       A1->ZN R     nd02d2         2  7.1   117    90    4141    (-,-) 
  u_rls/g103580/ZN                                -       A1->ZN R     nd12d2         1  8.0   111   143    4284    (-,-) 
  u_rls/g99800/ZN                                 -       I->ZN  F     inv0d2         2 11.2    50    47    4332    (-,-) 
  u_rls/g102521/ZN                                -       A2->ZN R     nd02d1         2  5.7   158    97    4429    (-,-) 
  u_rls/fopt96092/Z                               -       I->Z   R     buffd1         1  6.9   121   152    4581    (-,-) 
  u_rls/g97255/ZN                                 -       A1->ZN F     nd02d2         4  9.8    98    74    4655    (-,-) 
  u_rls/g97833/ZN                                 -       A1->ZN R     nd02d1         2  7.1   178   106    4762    (-,-) 
  u_rls/g210/ZN                                   -       A1->ZN F     nd02d1         1  2.4   126    76    4837    (-,-) 
  u_rls/g101027/ZN                                -       B1->ZN F     oaim21d1       3 15.0   196   242    5079    (-,-) 
  u_rls/g97830/Z                                  -       I->Z   F     buffd2        19 56.6   247   261    5340    (-,-) 
  u_rls/g97829/ZN                                 -       I->ZN  R     inv0d0         1  3.8   271   199    5539    (-,-) 
  u_rls/g14/ZN                                    -       I->ZN  F     inv0d1         6 21.4   158   124    5663    (-,-) 
  u_rls/csa_tree_SUB_TC_OP56_pad_groupi_g14184/ZN -       A1->ZN R     oaim22d1       2  7.4   347   192    5855    (-,-) 
  u_rls/csa_tree_SUB_TC_OP56_pad_groupi_g13794/ZN -       A1->ZN F     aoi22d1        3  7.7   288   127    5982    (-,-) 
  u_rls/csa_tree_SUB_TC_OP56_pad_groupi_g13747/ZN -       I->ZN  R     inv0d0         1  6.0   388   262    6244    (-,-) 
  u_rls/g104245/CO                                -       A->CO  R     cg01d0         2 12.1   402   372    6616    (-,-) 
  u_rls/g104224/CO                                -       A->CO  R     cg01d0         2  8.8   309   331    6946    (-,-) 
  u_rls/g104215/Z                                 -       A1->Z  F     xr02d1         3 13.5   186   443    7390    (-,-) 
  u_rls/g102287/Z                                 -       B1->Z  F     aoim22d1       2  6.4   132   266    7655    (-,-) 
  u_rls/g102286/ZN                                -       B1->ZN F     oaim22d1       2  7.9   171   205    7860    (-,-) 
  u_rls/g102283/ZN                                -       B1->ZN R     oai21d1        2  4.4   364   236    8097    (-,-) 
  u_rls/g102282/ZN                                -       I->ZN  F     inv0d0         1  3.7   157   107    8204    (-,-) 
  u_rls/g102280/ZN                                -       A2->ZN R     aoi322d1       1  3.9   384   153    8356    (-,-) 
  u_rls/g102279/ZN                                -       B->ZN  F     oai211d1       1  3.5   196   167    8523    (-,-) 
  u_rls/g101420/ZN                                -       A2->ZN R     nd03d1         2  7.1   236   150    8673    (-,-) 
  u_rls/g101419/ZN                                -       A1->ZN F     nd02d1         1  2.7   104    85    8758    (-,-) 
  u_rls/g99326/ZN                                 -       A1->ZN F     nd12d1         1  7.3   120   178    8936    (-,-) 
  u_rls/g99320/ZN                                 -       A2->ZN R     nd02d2         4 18.8   194   129    9065    (-,-) 
  u_rls/g98842/ZN                                 -       I->ZN  F     inv0d2         3 18.6    82    70    9135    (-,-) 
  u_rls/g98844/ZN                                 -       A2->ZN R     nd02d2         1 20.5   205   125    9260    (-,-) 
  u_rls/g98843/ZN                                 -       I->ZN  F     invbd4        15 46.7   112    97    9357    (-,-) 
  u_rls/g13000/ZN                                 -       A1->ZN R     nd02d1         1  7.7   186   113    9470    (-,-) 
  u_rls/g12753__6417/ZN                           -       A2->ZN F     nd12d2         8 29.6   184   125    9595    (-,-) 
  u_rls/g11937__4319/Z                            -       A2->Z  F     aor22d1        1  2.0    78   219    9814    (-,-) 
  u_rls/w_reg[4][6]/D                             -       -      F     dfcrb1         1    -     -     0    9814    (-,-) 
#-------------------------------------------------------------------------------------------------------------------------

